order_id,customer_id,status,order_total_cents,currency,created_at,updated_at,loaded_at
1,62,delivered,15996,EUR,2025-01-09 00:08:03,2025-01-13 09:10:09,2025-01-13 14:18:38
2,117,delivered,9996,EUR,2025-01-09 10:43:00,2025-01-18 08:46:53,2025-01-18 12:02:38
3,140,shipped,2999,EUR,2025-01-09 16:26:26,2025-01-14 14:52:24,2025-01-14 17:17:59
4,40,paid,17995,EUR,2025-01-10 17:21:57,2025-01-10 22:50:01,2025-01-11 03:10:26
5,118,delivered,32993,CAD,2025-01-10 19:08:09,2025-02-06 12:07:56,2025-02-06 14:26:54
6,96,paid,14996,USD,2025-01-11 00:39:18,2025-02-01 18:10:20,2025-02-01 23:22:22
7,153,shipped,47995,USD,2025-01-11 05:08:11,2025-01-11 16:37:48,2025-01-11 20:49:14
8,116,paid,7497,EUR,2025-01-11 05:34:37,2025-01-24 05:05:52,2025-01-24 07:34:14
9,142,delivered,61489,EUR,2025-01-11 23:30:17,2025-01-30 15:31:04,2025-01-30 18:45:37
10,159,paid,21994,GBP,2025-01-12 01:53:20,2025-01-20 19:44:49,2025-01-21 00:44:02
11,142,delivered,32993,EUR,2025-01-12 17:59:50,2025-01-27 06:32:44,2025-01-27 08:08:50
12,140,shipped,3998,EUR,2025-01-13 00:06:08,2025-02-11 12:18:50,2025-02-11 15:42:52
13,74,paid,17998,AUD,2025-01-13 00:41:51,2025-02-05 10:24:32,2025-02-05 13:21:49
14,57,shipped,49488,EUR,2025-01-13 04:35:10,2025-02-10 20:15:27,2025-02-11 00:09:05
15,58,delivered,8999,EUR,2025-01-13 07:58:22,2025-02-04 15:49:06,2025-02-04 21:37:01
16,118,paid,13995,CAD,2025-01-14 04:46:42,2025-01-31 05:30:57,2025-01-31 07:14:29
17,96,delivered,11999,USD,2025-01-14 08:54:15,2025-01-24 18:46:53,2025-01-24 22:24:44
18,59,paid,3999,EUR,2025-01-14 11:53:41,2025-02-11 14:01:59,2025-02-11 18:14:32
19,116,delivered,21994,EUR,2025-01-14 18:41:29,2025-01-15 17:47:29,2025-01-15 23:46:46
20,154,delivered,59988,CAD,2025-01-15 02:11:24,2025-02-01 10:44:33,2025-02-01 15:40:30
21,2,pending,111982,EUR,2025-01-15 10:52:10,2025-01-28 21:45:42,2025-01-29 01:03:15
22,93,delivered,12495,AUD,2025-01-15 20:08:28,2025-01-29 00:21:35,2025-01-29 02:59:05
23,153,delivered,82490,USD,2025-01-16 00:19:18,2025-01-27 21:51:26,2025-01-28 02:55:12
24,57,paid,23996,EUR,2025-01-16 16:55:33,2025-02-06 12:35:39,2025-02-06 15:59:58
25,176,shipped,30989,GBP,2025-01-16 18:24:56,2025-01-22 22:33:21,2025-01-23 01:43:30
26,7,delivered,23998,EUR,2025-01-17 04:10:33,2025-01-26 07:24:00,2025-01-26 09:59:34
27,40,delivered,14994,EUR,2025-01-17 15:09:42,2025-02-06 01:42:16,2025-02-06 04:36:54
28,89,shipped,61991,EUR,2025-01-17 23:23:32,2025-02-09 05:59:28,2025-02-09 11:21:13
29,4,refunded,5998,EUR,2025-01-18 06:07:09,2025-01-26 10:20:03,2025-01-26 12:18:49
30,50,shipped,5997,GBP,2025-01-18 14:16:55,2025-01-23 15:53:47,2025-01-23 19:40:28
31,148,delivered,59991,EUR,2025-01-18 19:03:14,2025-01-25 09:12:10,2025-01-25 11:12:26
32,160,cancelled,17998,EUR,2025-01-19 10:59:49,2025-02-17 04:38:18,2025-02-17 10:16:04
33,50,delivered,23996,GBP,2025-01-19 16:23:34,2025-01-21 05:22:55,2025-01-21 07:19:16
34,111,delivered,51987,EUR,2025-01-19 18:36:57,2025-01-22 00:11:12,2025-01-22 04:33:51
35,126,refunded,29993,EUR,2025-01-19 19:46:18,2025-02-15 18:27:22,2025-02-15 21:30:55
36,1,paid,41490,AUD,2025-01-20 00:00:08,2025-01-24 10:05:22,2025-01-24 15:51:33
37,174,delivered,57983,EUR,2025-01-20 11:48:12,2025-02-16 17:36:25,2025-02-16 22:12:34
38,194,shipped,22990,EUR,2025-01-21 10:12:55,2025-02-03 15:32:54,2025-02-03 19:20:09
39,3,delivered,50992,EUR,2025-01-21 10:49:00,2025-01-23 07:46:19,2025-01-23 11:27:11
40,117,paid,22994,EUR,2025-01-21 20:10:02,2025-02-12 09:03:44,2025-02-12 13:33:27
41,6,cancelled,61991,EUR,2025-01-21 23:15:11,2025-01-22 13:30:40,2025-01-22 17:22:56
42,89,delivered,24994,EUR,2025-01-22 05:03:49,2025-02-18 19:27:22,2025-02-18 21:02:30
43,160,delivered,5997,EUR,2025-01-22 13:12:01,2025-02-18 04:51:55,2025-02-18 08:53:28
44,59,shipped,77991,EUR,2025-01-23 04:54:57,2025-01-31 21:52:00,2025-01-31 23:42:21
45,87,delivered,11998,EUR,2025-01-23 07:38:27,2025-02-18 17:38:45,2025-02-18 22:36:43
46,50,refunded,3999,GBP,2025-01-23 11:44:14,2025-02-12 11:29:19,2025-02-12 15:48:20
47,58,shipped,30493,EUR,2025-01-23 23:28:57,2025-02-01 11:00:35,2025-02-01 13:31:08
48,117,shipped,17993,EUR,2025-01-24 01:32:26,2025-02-11 09:54:54,2025-02-11 11:32:47
49,9,delivered,4998,EUR,2025-01-24 02:27:37,2025-02-16 10:34:11,2025-02-16 16:20:03
50,117,refunded,11997,EUR,2025-01-24 17:43:04,2025-02-14 12:45:53,2025-02-14 14:02:42
51,194,refunded,44988,EUR,2025-01-25 06:54:22,2025-01-25 07:21:12,2025-01-25 09:27:12
52,98,pending,1999,EUR,2025-01-25 18:56:35,2025-02-09 06:58:49,2025-02-09 12:14:17
53,150,paid,29993,EUR,2025-01-26 04:28:18,2025-02-23 14:56:55,2025-02-23 18:14:30
54,88,paid,2499,EUR,2025-01-26 13:16:27,2025-02-02 17:40:51,2025-02-02 23:20:14
55,148,delivered,35996,EUR,2025-01-26 19:57:57,2025-02-15 20:52:21,2025-02-16 00:10:15
56,138,pending,44992,EUR,2025-01-27 01:29:04,2025-02-05 06:28:52,2025-02-05 12:00:09
57,112,refunded,8497,AUD,2025-01-27 22:14:30,2025-02-16 06:47:44,2025-02-16 07:56:42
58,87,paid,9496,EUR,2025-01-28 00:09:27,2025-01-30 11:03:40,2025-01-30 14:47:43
59,3,delivered,16997,EUR,2025-01-28 01:29:44,2025-02-17 04:38:40,2025-02-17 09:25:07
60,7,shipped,54993,EUR,2025-01-28 02:14:40,2025-02-01 02:32:05,2025-02-01 08:30:48
61,148,shipped,9998,EUR,2025-01-28 04:53:52,2025-02-22 05:34:11,2025-02-22 09:16:32
62,9,pending,60991,EUR,2025-01-29 09:19:00,2025-02-19 17:32:22,2025-02-19 21:34:18
63,6,refunded,42991,EUR,2025-01-29 13:22:07,2025-02-08 09:48:54,2025-02-08 13:34:06
64,6,delivered,15996,EUR,2025-01-30 01:28:22,2025-02-02 20:28:54,2025-02-03 00:21:17
65,150,shipped,17992,EUR,2025-01-30 02:55:58,2025-02-25 04:00:51,2025-02-25 09:06:51
66,93,delivered,71990,AUD,2025-01-30 10:26:08,2025-02-02 23:51:32,2025-02-03 00:51:40
67,50,pending,45487,GBP,2025-01-30 11:48:01,2025-02-01 21:56:34,2025-02-02 01:32:26
68,7,shipped,11996,EUR,2025-01-30 19:32:40,2025-02-14 05:05:27,2025-02-14 09:40:00
69,58,pending,3499,EUR,2025-01-31 06:06:59,2025-02-28 03:31:36,2025-02-28 04:35:42
70,131,shipped,5999,CAD,2025-01-31 07:37:38,2025-02-25 21:27:27,2025-02-26 03:11:48
71,4,delivered,13995,EUR,2025-02-01 15:22:21,2025-02-06 05:34:11,2025-02-06 07:40:58
72,154,delivered,44490,CAD,2025-02-01 16:45:05,2025-02-19 12:21:07,2025-02-19 14:36:02
73,186,refunded,39991,EUR,2025-02-02 08:51:34,2025-02-27 13:07:17,2025-02-27 19:01:53
74,118,shipped,73991,CAD,2025-02-02 17:02:23,2025-02-17 01:51:14,2025-02-17 04:22:49
75,10,delivered,21491,EUR,2025-02-03 00:30:20,2025-02-13 01:18:03,2025-02-13 02:31:54
76,140,shipped,44490,EUR,2025-02-03 06:36:34,2025-03-05 03:52:30,2025-03-05 07:53:44
77,131,shipped,39495,CAD,2025-02-03 07:30:29,2025-02-09 01:38:04,2025-02-09 05:09:10
78,164,delivered,41492,EUR,2025-02-03 09:45:27,2025-02-04 07:42:57,2025-02-04 11:00:39
79,186,delivered,17993,EUR,2025-02-04 06:24:43,2025-03-02 15:30:32,2025-03-02 21:23:54
80,89,delivered,8997,EUR,2025-02-04 07:59:29,2025-02-17 09:29:43,2025-02-17 13:11:57
81,154,refunded,90487,CAD,2025-02-04 12:01:22,2025-02-15 06:54:17,2025-02-15 11:57:43
82,10,delivered,31491,EUR,2025-02-05 00:23:32,2025-02-09 10:36:24,2025-02-09 14:21:55
83,98,shipped,8997,EUR,2025-02-05 00:31:03,2025-02-10 05:39:31,2025-02-10 11:17:41
84,111,shipped,11999,EUR,2025-02-05 11:43:06,2025-02-14 12:43:55,2025-02-14 16:00:25
85,87,delivered,42488,EUR,2025-02-05 23:32:38,2025-03-04 02:42:14,2025-03-04 04:19:10
86,194,cancelled,17998,EUR,2025-02-06 07:39:36,2025-02-26 08:24:20,2025-02-26 11:04:16
87,174,refunded,50993,EUR,2025-02-06 16:28:56,2025-02-17 14:33:35,2025-02-17 19:05:59
88,2,delivered,28494,EUR,2025-02-06 22:35:18,2025-02-16 10:29:03,2025-02-16 13:13:51
89,194,refunded,24992,EUR,2025-02-07 08:23:15,2025-02-14 19:01:28,2025-02-14 21:08:48
90,126,shipped,5997,EUR,2025-02-07 15:07:07,2025-02-11 20:49:55,2025-02-12 02:17:47
91,194,shipped,17996,EUR,2025-02-07 18:30:36,2025-02-18 09:41:49,2025-02-18 11:02:44
92,118,paid,51982,CAD,2025-02-08 10:04:40,2025-02-12 15:25:24,2025-02-12 18:20:31
93,1,shipped,2999,AUD,2025-02-08 18:58:32,2025-03-01 23:02:00,2025-03-02 02:38:02
94,8,delivered,15996,USD,2025-02-09 18:55:28,2025-03-02 02:48:28,2025-03-02 07:42:01
95,142,paid,7996,EUR,2025-02-09 19:27:19,2025-03-01 17:32:30,2025-03-01 19:42:42
96,89,refunded,48493,EUR,2025-02-09 21:33:42,2025-02-15 07:52:30,2025-02-15 13:08:05
97,96,delivered,3999,USD,2025-02-10 09:14:02,2025-02-26 18:28:57,2025-02-27 00:15:15
98,148,shipped,39994,EUR,2025-02-10 20:02:41,2025-02-21 02:14:12,2025-02-21 06:49:32
99,186,delivered,8999,EUR,2025-02-11 00:17:00,2025-02-28 18:54:24,2025-02-28 23:29:10
100,140,refunded,20993,EUR,2025-02-11 03:26:51,2025-02-22 19:05:34,2025-02-22 21:07:13
101,50,delivered,48489,GBP,2025-02-11 11:17:06,2025-02-27 04:54:00,2025-02-27 10:37:31
102,186,delivered,72987,EUR,2025-02-12 02:23:14,2025-02-19 09:35:31,2025-02-19 10:52:49
103,140,paid,50991,EUR,2025-02-12 11:35:30,2025-02-22 03:27:07,2025-02-22 07:29:40
104,59,delivered,17998,EUR,2025-02-13 13:21:56,2025-03-12 13:39:25,2025-03-12 16:15:50
105,4,cancelled,27995,EUR,2025-02-13 15:51:30,2025-03-12 18:00:07,2025-03-12 21:36:28
106,62,delivered,14494,EUR,2025-02-14 12:23:24,2025-02-28 08:05:00,2025-02-28 13:51:56
107,116,paid,3499,EUR,2025-02-14 15:58:56,2025-02-26 14:46:42,2025-02-26 20:10:34
108,1,refunded,42494,AUD,2025-02-14 21:49:10,2025-02-28 03:42:00,2025-02-28 05:14:13
109,126,refunded,5998,EUR,2025-02-15 05:16:37,2025-03-08 23:01:37,2025-03-09 04:56:30
110,88,shipped,81485,EUR,2025-02-15 08:54:11,2025-02-23 11:46:34,2025-02-23 16:05:28
111,131,delivered,26993,CAD,2025-02-16 02:19:08,2025-03-05 00:24:08,2025-03-05 05:04:22
112,4,shipped,33491,EUR,2025-02-16 04:37:23,2025-02-21 17:45:02,2025-02-21 20:25:23
113,4,shipped,11496,EUR,2025-02-16 15:52:56,2025-02-21 05:39:17,2025-02-21 07:33:20
114,57,shipped,3999,EUR,2025-02-16 18:03:15,2025-02-26 23:28:06,2025-02-27 03:30:08
115,164,shipped,9996,EUR,2025-02-16 19:56:01,2025-02-21 16:00:55,2025-02-21 17:23:39
116,1,delivered,57983,AUD,2025-02-17 02:21:00,2025-03-15 18:11:55,2025-03-16 00:11:50
117,98,delivered,35990,EUR,2025-02-17 06:56:57,2025-02-27 03:16:49,2025-02-27 08:21:59
118,176,shipped,25494,GBP,2025-02-17 15:39:35,2025-02-27 00:02:48,2025-02-27 01:05:50
119,131,delivered,28491,CAD,2025-02-18 03:57:07,2025-03-15 08:01:47,2025-03-15 13:47:18
120,165,delivered,18994,EUR,2025-02-18 04:32:57,2025-02-19 18:59:25,2025-02-20 00:23:12
121,4,delivered,13993,EUR,2025-02-18 06:18:17,2025-03-10 02:32:40,2025-03-10 06:44:54
122,62,delivered,11997,EUR,2025-02-18 16:21:22,2025-03-14 22:58:30,2025-03-15 03:00:35
123,131,shipped,36988,CAD,2025-02-19 12:32:51,2025-02-25 11:47:43,2025-02-25 13:44:08
124,136,delivered,26492,EUR,2025-02-19 12:38:59,2025-03-07 00:33:39,2025-03-07 05:18:46
125,148,shipped,58487,EUR,2025-02-19 16:44:57,2025-03-05 07:23:31,2025-03-05 10:26:55
126,117,shipped,20993,EUR,2025-02-19 18:05:57,2025-03-17 14:43:30,2025-03-17 18:35:07
127,6,shipped,6998,EUR,2025-02-20 17:39:23,2025-02-23 00:51:49,2025-02-23 04:25:24
128,38,paid,7497,EUR,2025-02-20 21:40:34,2025-03-14 04:07:15,2025-03-14 05:49:39
129,134,delivered,55489,EUR,2025-02-20 23:36:59,2025-02-20 23:43:20,2025-02-21 03:30:49
130,112,paid,11998,AUD,2025-02-21 00:02:25,2025-03-13 19:21:47,2025-03-13 23:41:51
131,140,delivered,13997,EUR,2025-02-21 13:42:20,2025-03-23 02:56:10,2025-03-23 05:20:51
132,169,delivered,11997,EUR,2025-02-21 19:33:24,2025-03-01 16:21:03,2025-03-01 19:31:11
133,154,paid,21493,CAD,2025-02-21 22:39:31,2025-03-15 02:18:16,2025-03-15 03:25:00
134,40,delivered,17997,EUR,2025-02-22 10:31:00,2025-03-17 12:50:40,2025-03-17 17:45:19
135,87,delivered,11996,EUR,2025-02-22 14:37:42,2025-03-21 19:55:32,2025-03-21 23:54:11
136,118,delivered,5997,CAD,2025-02-22 15:17:27,2025-02-26 14:32:03,2025-02-26 20:21:49
137,6,pending,19996,EUR,2025-02-23 07:55:49,2025-02-27 22:54:04,2025-02-28 04:46:15
138,93,delivered,57987,AUD,2025-02-23 21:45:48,2025-03-17 07:08:54,2025-03-17 10:35:31
139,57,paid,48993,EUR,2025-02-24 16:48:01,2025-03-16 21:42:26,2025-03-17 03:25:06
140,154,delivered,57990,CAD,2025-02-24 21:43:59,2025-03-08 15:26:29,2025-03-08 18:20:42
141,74,pending,9997,AUD,2025-02-25 12:27:45,2025-02-27 01:32:29,2025-02-27 06:03:00
142,50,shipped,25495,GBP,2025-02-25 16:53:37,2025-03-11 13:24:14,2025-03-11 14:53:38
143,165,paid,24992,EUR,2025-02-26 13:54:03,2025-03-23 14:42:11,2025-03-23 20:05:23
144,136,paid,52492,EUR,2025-02-26 15:49:16,2025-03-07 20:55:14,2025-03-07 22:08:09
145,164,delivered,11996,EUR,2025-02-27 03:08:27,2025-03-08 14:26:08,2025-03-08 18:37:25
146,195,refunded,50492,EUR,2025-02-27 10:41:04,2025-03-21 00:24:16,2025-03-21 04:30:34
147,117,delivered,11496,EUR,2025-02-27 11:07:38,2025-03-15 14:03:17,2025-03-15 19:57:06
148,174,delivered,80990,EUR,2025-02-27 15:07:27,2025-03-09 00:43:36,2025-03-09 06:29:24
149,8,paid,66985,USD,2025-02-28 13:46:15,2025-03-04 22:57:42,2025-03-05 04:13:23
150,5,delivered,8997,USD,2025-02-28 15:22:04,2025-03-03 19:42:34,2025-03-03 22:45:34
151,98,delivered,3499,EUR,2025-03-01 00:47:13,2025-03-17 14:26:51,2025-03-17 19:46:22
152,4,paid,71993,EUR,2025-03-01 20:52:19,2025-03-28 08:33:54,2025-03-28 11:41:13
153,148,delivered,11998,EUR,2025-03-01 21:15:57,2025-03-04 01:41:45,2025-03-04 03:56:48
154,118,paid,17991,CAD,2025-03-02 04:21:02,2025-03-26 00:02:26,2025-03-26 01:46:59
155,8,delivered,45988,USD,2025-03-02 05:00:22,2025-03-19 00:08:41,2025-03-19 04:26:02
156,98,delivered,35997,EUR,2025-03-02 08:57:32,2025-03-12 17:07:14,2025-03-12 23:06:26
157,50,delivered,21993,GBP,2025-03-02 18:00:59,2025-03-12 21:21:17,2025-03-13 00:37:45
158,64,paid,26997,EUR,2025-03-02 18:23:13,2025-03-08 09:32:51,2025-03-08 11:51:39
159,174,delivered,13996,EUR,2025-03-03 01:56:05,2025-03-20 17:47:37,2025-03-20 20:56:32
160,150,delivered,43489,EUR,2025-03-03 23:05:01,2025-03-20 15:45:20,2025-03-20 21:28:19
161,9,delivered,11996,EUR,2025-03-04 01:33:08,2025-03-28 18:05:25,2025-03-28 20:16:14
162,4,delivered,53994,EUR,2025-03-04 17:40:40,2025-03-17 08:41:42,2025-03-17 09:56:22
163,3,paid,12995,EUR,2025-03-05 02:17:48,2025-03-14 11:17:29,2025-03-14 15:28:31
164,131,delivered,36994,CAD,2025-03-05 12:29:05,2025-03-05 17:06:23,2025-03-05 20:13:08
165,111,refunded,23994,EUR,2025-03-06 06:35:50,2025-04-04 03:10:25,2025-04-04 04:22:48
166,118,delivered,49990,CAD,2025-03-06 20:09:33,2025-03-27 19:01:54,2025-03-27 22:03:39
167,5,delivered,62986,USD,2025-03-07 03:48:16,2025-03-25 14:08:51,2025-03-25 19:29:28
168,164,shipped,17998,EUR,2025-03-07 10:06:52,2025-03-08 00:18:10,2025-03-08 05:03:16
169,59,cancelled,30995,EUR,2025-03-08 06:12:46,2025-03-22 12:20:55,2025-03-22 16:31:31
170,87,delivered,46992,EUR,2025-03-08 19:46:56,2025-04-02 16:18:26,2025-04-02 17:47:59
171,138,shipped,60484,EUR,2025-03-09 12:40:57,2025-04-07 22:42:41,2025-04-08 00:37:40
172,4,paid,25994,EUR,2025-03-09 18:31:37,2025-03-18 16:50:06,2025-03-18 20:50:06
173,112,paid,28996,AUD,2025-03-10 09:02:09,2025-03-23 06:08:48,2025-03-23 10:54:06
174,62,paid,39493,EUR,2025-03-10 12:56:09,2025-04-06 00:49:25,2025-04-06 03:15:37
175,134,shipped,28996,EUR,2025-03-10 23:18:10,2025-03-20 22:44:00,2025-03-21 02:35:29
176,150,delivered,13995,EUR,2025-03-10 23:20:05,2025-03-29 02:05:18,2025-03-29 03:29:49
177,169,shipped,9997,EUR,2025-03-10 23:28:21,2025-03-29 07:14:28,2025-03-29 11:46:59
178,131,shipped,73486,CAD,2025-03-11 08:14:03,2025-04-09 07:26:37,2025-04-09 12:29:39
179,154,refunded,34491,CAD,2025-03-11 12:24:24,2025-03-19 03:32:27,2025-03-19 07:13:54
180,122,paid,14994,GBP,2025-03-11 13:14:09,2025-04-06 00:11:20,2025-04-06 03:55:56
181,4,delivered,26992,EUR,2025-03-12 02:45:33,2025-03-26 22:45:18,2025-03-27 01:10:18
182,195,pending,3998,EUR,2025-03-12 04:47:58,2025-03-20 06:35:52,2025-03-20 09:13:28
183,87,paid,45994,EUR,2025-03-12 08:52:04,2025-03-23 02:14:20,2025-03-23 05:33:42
184,111,paid,30996,EUR,2025-03-12 20:00:05,2025-04-09 11:02:38,2025-04-09 15:02:49
185,38,delivered,62990,EUR,2025-03-12 21:55:51,2025-03-31 13:33:06,2025-03-31 19:04:01
186,50,delivered,5999,GBP,2025-03-12 23:41:49,2025-03-22 22:42:25,2025-03-23 00:14:46
187,136,refunded,46492,EUR,2025-03-13 02:03:15,2025-04-07 14:21:29,2025-04-07 16:30:06
188,194,pending,86487,EUR,2025-03-13 03:46:24,2025-04-07 09:53:17,2025-04-07 14:54:59
189,136,delivered,45493,EUR,2025-03-13 20:02:52,2025-03-15 20:54:58,2025-03-15 23:17:58
190,74,paid,17997,AUD,2025-03-14 02:51:47,2025-03-22 09:01:31,2025-03-22 11:13:02
191,98,shipped,22993,EUR,2025-03-14 12:26:08,2025-03-19 06:17:09,2025-03-19 10:42:55
192,165,delivered,26997,EUR,2025-03-14 14:22:15,2025-03-15 14:19:28,2025-03-15 19:35:48
193,40,refunded,54488,EUR,2025-03-14 16:26:48,2025-03-18 15:30:10,2025-03-18 17:05:54
194,98,delivered,10497,EUR,2025-03-15 17:25:41,2025-04-01 06:49:17,2025-04-01 10:46:57
195,122,refunded,3998,GBP,2025-03-15 17:51:17,2025-03-28 18:55:54,2025-03-28 21:59:24
196,93,shipped,17993,AUD,2025-03-16 09:28:06,2025-03-28 19:43:55,2025-03-29 00:58:43
197,6,shipped,3499,EUR,2025-03-16 11:55:39,2025-03-31 06:05:21,2025-03-31 08:33:47
198,74,paid,48490,AUD,2025-03-17 09:11:41,2025-03-22 05:07:54,2025-03-22 10:15:12
199,59,delivered,19996,EUR,2025-03-17 10:23:47,2025-04-05 06:47:29,2025-04-05 08:07:02
200,168,pending,7497,EUR,2025-03-17 10:57:18,2025-03-17 23:19:54,2025-03-18 03:22:51
201,4,delivered,2499,EUR,2025-03-17 13:48:13,2025-04-07 16:44:58,2025-04-07 20:06:32
202,168,paid,18995,EUR,2025-03-17 17:25:01,2025-04-12 18:02:25,2025-04-12 23:03:29
203,174,delivered,22995,EUR,2025-03-18 02:54:21,2025-04-15 05:48:53,2025-04-15 07:22:11
204,3,delivered,27996,EUR,2025-03-18 12:36:14,2025-03-20 06:53:21,2025-03-20 09:26:29
205,5,delivered,21993,USD,2025-03-18 20:53:56,2025-04-14 12:10:41,2025-04-14 14:01:21
206,1,paid,12996,AUD,2025-03-18 21:46:10,2025-04-02 17:20:37,2025-04-02 21:42:14
207,6,paid,19995,EUR,2025-03-19 04:59:49,2025-04-07 00:19:13,2025-04-07 02:59:40
208,164,shipped,30992,EUR,2025-03-19 08:29:24,2025-03-24 05:20:01,2025-03-24 06:40:11
209,148,delivered,42993,EUR,2025-03-19 08:35:52,2025-04-16 19:42:19,2025-04-16 23:50:30
210,82,delivered,58993,USD,2025-03-19 16:53:27,2025-04-11 21:47:14,2025-04-12 02:52:32
211,89,paid,5998,EUR,2025-03-20 04:57:14,2025-03-26 13:18:05,2025-03-26 14:29:09
212,131,cancelled,11997,CAD,2025-03-20 12:24:16,2025-04-17 00:57:36,2025-04-17 04:29:44
213,40,shipped,32992,EUR,2025-03-20 16:27:53,2025-04-04 21:04:39,2025-04-04 22:43:45
214,87,shipped,1999,EUR,2025-03-20 17:18:10,2025-04-05 01:15:15,2025-04-05 04:49:57
215,59,refunded,5997,EUR,2025-03-20 17:52:06,2025-04-15 00:02:47,2025-04-15 04:20:47
216,7,shipped,20994,EUR,2025-03-21 02:31:42,2025-04-13 22:42:30,2025-04-14 03:19:47
217,59,refunded,31995,EUR,2025-03-21 05:28:31,2025-03-23 21:57:10,2025-03-24 03:15:35
218,154,refunded,85985,CAD,2025-03-22 00:15:54,2025-04-11 22:11:14,2025-04-12 01:06:44
219,126,shipped,91485,EUR,2025-03-22 08:54:14,2025-04-02 02:36:11,2025-04-02 08:08:24
220,168,delivered,13994,EUR,2025-03-22 19:20:15,2025-04-20 10:34:48,2025-04-20 14:11:58
221,9,delivered,11998,EUR,2025-03-23 06:38:41,2025-04-06 19:17:58,2025-04-06 22:51:41
222,3,delivered,31491,EUR,2025-03-23 08:34:03,2025-04-11 22:28:46,2025-04-11 23:46:11
223,10,refunded,8997,EUR,2025-03-23 10:33:41,2025-04-11 06:10:48,2025-04-11 07:58:00
224,175,delivered,11995,EUR,2025-03-24 04:17:00,2025-04-19 23:05:13,2025-04-20 02:55:08
225,140,delivered,3998,EUR,2025-03-24 13:40:43,2025-04-22 11:01:28,2025-04-22 15:27:54
226,58,shipped,19996,EUR,2025-03-24 23:05:37,2025-03-30 15:00:43,2025-03-30 19:46:08
227,111,delivered,22993,EUR,2025-03-25 02:31:15,2025-03-26 20:31:26,2025-03-26 23:45:19
228,160,delivered,53993,EUR,2025-03-25 03:41:36,2025-04-05 05:07:20,2025-04-05 10:04:39
229,98,pending,65988,EUR,2025-03-25 06:52:03,2025-03-30 19:57:55,2025-03-31 01:46:27
230,37,paid,53991,CAD,2025-03-25 13:04:01,2025-04-11 13:48:32,2025-04-11 17:00:22
231,117,refunded,14996,EUR,2025-03-26 07:14:03,2025-04-18 04:11:36,2025-04-18 08:19:41
232,112,delivered,39491,AUD,2025-03-26 21:53:35,2025-03-29 12:59:52,2025-03-29 18:20:03
233,195,delivered,35996,EUR,2025-03-27 04:40:21,2025-03-29 20:33:08,2025-03-29 22:11:24
234,194,shipped,38995,EUR,2025-03-27 08:18:25,2025-04-14 05:51:23,2025-04-14 10:48:51
235,8,delivered,11999,USD,2025-03-27 22:26:57,2025-04-09 11:11:29,2025-04-09 12:42:42
236,117,shipped,43989,EUR,2025-03-28 05:32:04,2025-04-26 05:12:25,2025-04-26 09:25:42
237,165,delivered,72988,EUR,2025-03-28 10:41:47,2025-04-04 09:09:07,2025-04-04 14:16:26
238,150,delivered,32490,EUR,2025-03-29 00:54:57,2025-04-25 00:31:55,2025-04-25 03:49:16
239,82,shipped,26490,USD,2025-03-29 10:43:37,2025-04-24 16:32:45,2025-04-24 20:50:20
240,168,delivered,38990,EUR,2025-03-29 17:11:15,2025-04-15 16:35:20,2025-04-15 17:52:12
241,9,paid,8997,EUR,2025-03-30 20:41:17,2025-04-15 11:59:39,2025-04-15 13:09:53
242,5,delivered,35996,USD,2025-03-30 21:05:23,2025-04-21 23:50:59,2025-04-22 05:47:34
243,38,paid,48989,EUR,2025-03-31 01:07:58,2025-04-12 13:55:12,2025-04-12 17:43:35
244,165,cancelled,12496,EUR,2025-03-31 06:52:10,2025-04-29 14:42:48,2025-04-29 20:13:48
245,136,delivered,25994,EUR,2025-03-31 09:26:09,2025-04-15 06:00:01,2025-04-15 08:57:04
246,3,delivered,7996,EUR,2025-03-31 11:32:35,2025-04-19 05:50:22,2025-04-19 07:46:13
247,175,delivered,28988,EUR,2025-04-01 03:27:35,2025-04-19 00:39:12,2025-04-19 01:55:48
248,2,paid,17996,EUR,2025-04-01 07:29:42,2025-04-03 01:13:08,2025-04-03 04:49:29
249,122,shipped,14495,GBP,2025-04-01 19:13:57,2025-04-22 07:51:12,2025-04-22 12:26:41
250,88,pending,13995,EUR,2025-04-02 10:04:09,2025-04-05 06:28:49,2025-04-05 07:36:51
251,165,shipped,11998,EUR,2025-04-02 11:26:35,2025-04-28 23:33:23,2025-04-29 01:07:48
252,10,paid,27991,EUR,2025-04-02 13:31:17,2025-05-01 17:48:57,2025-05-01 19:20:11
253,131,refunded,46492,CAD,2025-04-03 01:05:56,2025-04-10 22:37:38,2025-04-10 23:44:30
254,58,delivered,26997,EUR,2025-04-03 04:29:32,2025-04-22 13:26:53,2025-04-22 19:03:29
255,117,delivered,69487,EUR,2025-04-03 21:57:42,2025-04-10 01:18:38,2025-04-10 05:53:28
256,62,delivered,5997,EUR,2025-04-04 01:57:06,2025-04-14 10:37:34,2025-04-14 12:46:42
257,4,shipped,42995,EUR,2025-04-04 09:11:19,2025-04-19 11:55:40,2025-04-19 15:04:29
258,112,delivered,23996,AUD,2025-04-04 13:24:29,2025-05-02 18:40:53,2025-05-02 19:52:25
259,174,delivered,35990,EUR,2025-04-04 22:14:29,2025-05-01 03:21:37,2025-05-01 08:28:26
260,7,paid,79483,EUR,2025-04-05 00:51:18,2025-04-23 05:02:09,2025-04-23 07:29:42
261,5,paid,2999,USD,2025-04-05 04:01:23,2025-04-17 16:16:08,2025-04-17 21:07:00
262,168,paid,8997,EUR,2025-04-06 00:17:00,2025-04-10 11:07:10,2025-04-10 12:58:39
263,9,paid,3999,EUR,2025-04-06 06:43:46,2025-04-17 20:48:15,2025-04-17 23:44:02
264,111,delivered,31995,EUR,2025-04-07 13:18:44,2025-04-23 22:58:41,2025-04-24 04:56:44
265,140,cancelled,27994,EUR,2025-04-07 22:22:05,2025-04-30 04:24:35,2025-04-30 09:02:16
266,46,shipped,41994,EUR,2025-04-08 15:28:21,2025-04-09 15:00:08,2025-04-09 16:09:53
267,88,delivered,23992,EUR,2025-04-08 17:52:13,2025-04-10 08:45:20,2025-04-10 12:26:11
268,38,paid,30488,EUR,2025-04-09 01:42:36,2025-05-05 10:31:18,2025-05-05 13:46:38
269,98,shipped,14998,EUR,2025-04-09 08:11:24,2025-05-04 06:47:05,2025-05-04 10:20:11
270,89,pending,42991,EUR,2025-04-09 10:24:37,2025-04-16 06:12:52,2025-04-16 09:32:05
271,46,cancelled,27996,EUR,2025-04-10 02:24:02,2025-05-01 07:28:18,2025-05-01 09:20:39
272,118,refunded,51988,CAD,2025-04-10 03:28:42,2025-04-12 21:26:49,2025-04-12 23:45:56
273,93,delivered,11998,AUD,2025-04-11 08:45:04,2025-04-15 00:41:36,2025-04-15 03:37:23
274,186,delivered,42488,EUR,2025-04-11 14:31:19,2025-04-12 05:29:50,2025-04-12 08:31:03
275,194,paid,8997,EUR,2025-04-12 00:52:51,2025-04-22 11:05:54,2025-04-22 17:04:23
276,59,delivered,67987,EUR,2025-04-12 06:53:47,2025-04-20 01:12:01,2025-04-20 06:02:39
277,168,paid,27991,EUR,2025-04-13 01:26:21,2025-04-20 08:49:41,2025-04-20 10:28:33
278,117,delivered,9996,EUR,2025-04-13 08:21:19,2025-05-04 04:38:38,2025-05-04 09:02:53
279,82,shipped,5998,USD,2025-04-14 01:41:42,2025-04-14 20:02:41,2025-04-14 23:27:13
280,40,delivered,46490,EUR,2025-04-14 04:37:44,2025-05-03 18:21:54,2025-05-03 23:32:54
281,8,delivered,55991,USD,2025-04-14 07:13:58,2025-05-03 19:07:22,2025-05-03 21:29:01
282,38,delivered,65989,EUR,2025-04-15 06:04:08,2025-05-12 05:20:11,2025-05-12 10:06:31
283,38,shipped,8999,EUR,2025-04-15 12:26:57,2025-05-12 23:30:42,2025-05-13 02:25:47
284,175,paid,15994,EUR,2025-04-15 13:28:11,2025-04-26 23:07:44,2025-04-27 00:53:33
285,82,delivered,13996,USD,2025-04-16 06:45:32,2025-04-28 12:47:12,2025-04-28 17:04:09
286,4,delivered,32991,EUR,2025-04-16 14:29:20,2025-05-01 14:17:01,2025-05-01 17:19:22
287,126,refunded,16495,EUR,2025-04-16 15:42:06,2025-05-04 21:23:46,2025-05-05 02:53:24
288,164,delivered,77989,EUR,2025-04-17 12:46:10,2025-05-16 18:38:15,2025-05-16 20:46:30
289,131,refunded,13994,CAD,2025-04-17 15:52:45,2025-05-07 21:25:46,2025-05-07 23:48:07
290,116,paid,53991,EUR,2025-04-18 00:30:04,2025-04-18 17:47:07,2025-04-18 21:46:31
291,165,shipped,28992,EUR,2025-04-18 03:10:55,2025-04-27 14:47:20,2025-04-27 19:10:42
292,160,shipped,39991,EUR,2025-04-18 10:39:45,2025-05-14 21:17:04,2025-05-15 00:09:45
293,164,delivered,64990,EUR,2025-04-18 14:43:59,2025-05-05 22:44:16,2025-05-06 03:56:38
294,195,delivered,10995,EUR,2025-04-18 15:15:46,2025-04-22 18:43:26,2025-04-22 20:25:30
295,153,shipped,2499,USD,2025-04-18 23:37:58,2025-04-28 12:28:42,2025-04-28 18:05:50
296,165,delivered,1999,EUR,2025-04-19 16:19:43,2025-04-21 11:21:43,2025-04-21 15:38:21
297,37,paid,21994,CAD,2025-04-19 23:12:12,2025-05-06 19:06:54,2025-05-06 22:22:17
298,8,paid,26997,USD,2025-04-20 14:02:38,2025-05-04 10:55:59,2025-05-04 13:12:48
299,117,delivered,34989,EUR,2025-04-20 19:46:13,2025-04-27 10:02:58,2025-04-27 13:13:01
300,118,delivered,29993,CAD,2025-04-21 03:06:44,2025-05-20 12:29:56,2025-05-20 14:41:01
301,136,delivered,29994,EUR,2025-04-21 12:20:17,2025-04-29 04:12:11,2025-04-29 08:35:42
302,58,delivered,44992,EUR,2025-04-22 01:29:59,2025-05-15 08:47:41,2025-05-15 12:05:47
303,118,delivered,22991,CAD,2025-04-22 14:32:40,2025-05-01 21:55:09,2025-05-02 03:43:03
304,140,delivered,28989,EUR,2025-04-22 17:30:24,2025-05-20 21:27:04,2025-05-21 03:26:20
305,118,paid,59992,CAD,2025-04-23 15:04:30,2025-05-05 03:41:13,2025-05-05 08:21:57
306,131,delivered,43992,CAD,2025-04-23 16:39:59,2025-05-04 13:41:11,2025-05-04 16:56:46
307,46,paid,7997,EUR,2025-04-23 23:56:15,2025-05-19 00:41:24,2025-05-19 03:25:58
308,195,cancelled,30489,EUR,2025-04-24 04:04:56,2025-05-07 02:39:14,2025-05-07 05:18:20
309,10,delivered,15996,EUR,2025-04-24 22:11:57,2025-05-23 04:02:47,2025-05-23 07:44:56
310,122,paid,23995,GBP,2025-04-25 10:08:15,2025-05-14 03:11:13,2025-05-14 05:52:59
311,88,paid,14997,EUR,2025-04-25 11:08:01,2025-05-12 14:15:00,2025-05-12 19:49:39
312,138,shipped,58986,EUR,2025-04-25 11:43:16,2025-05-19 00:41:27,2025-05-19 03:31:18
313,96,delivered,33992,USD,2025-04-26 03:36:38,2025-05-21 05:35:52,2025-05-21 11:19:15
314,7,paid,43491,EUR,2025-04-26 10:27:08,2025-05-11 10:40:29,2025-05-11 14:23:42
315,126,delivered,1999,EUR,2025-04-26 13:03:56,2025-05-05 00:21:23,2025-05-05 02:10:01
316,140,delivered,62989,EUR,2025-04-26 17:33:38,2025-05-06 15:48:25,2025-05-06 17:41:39
317,175,delivered,34993,EUR,2025-04-27 04:45:33,2025-05-21 14:48:33,2025-05-21 20:46:02
318,50,delivered,20996,GBP,2025-04-27 08:07:35,2025-05-22 12:37:27,2025-05-22 14:20:57
319,134,shipped,12996,EUR,2025-04-27 17:02:47,2025-04-29 13:58:56,2025-04-29 16:52:37
320,88,shipped,53985,EUR,2025-04-28 15:37:36,2025-05-02 07:05:26,2025-05-02 10:38:44
321,96,refunded,11997,USD,2025-04-28 22:13:54,2025-04-30 19:44:53,2025-04-30 23:15:26
322,131,pending,34491,CAD,2025-04-29 00:00:21,2025-05-26 20:11:55,2025-05-26 23:51:15
323,40,shipped,47990,EUR,2025-04-29 00:18:46,2025-05-01 17:18:09,2025-05-01 19:20:46
324,58,paid,27994,EUR,2025-04-30 00:26:37,2025-05-05 05:44:51,2025-05-05 09:19:27
325,112,paid,15994,AUD,2025-04-30 08:06:51,2025-05-29 01:38:19,2025-05-29 03:02:53
326,5,shipped,23998,USD,2025-04-30 12:01:04,2025-05-02 12:48:47,2025-05-02 14:04:52
327,175,delivered,8997,EUR,2025-04-30 22:42:51,2025-05-07 18:00:43,2025-05-07 20:13:39
328,190,delivered,69488,EUR,2025-05-01 02:18:00,2025-05-06 07:28:24,2025-05-06 13:23:29
329,96,shipped,23992,USD,2025-05-01 14:20:14,2025-05-14 18:37:32,2025-05-14 22:40:04
330,89,shipped,29492,EUR,2025-05-02 08:48:20,2025-05-04 17:55:44,2025-05-04 20:49:30
331,38,shipped,59490,EUR,2025-05-02 14:26:12,2025-05-05 22:22:44,2025-05-06 03:35:33
332,195,cancelled,41994,EUR,2025-05-03 01:37:09,2025-05-05 14:44:54,2025-05-05 19:51:41
333,190,pending,11996,EUR,2025-05-03 11:16:16,2025-05-10 22:52:40,2025-05-11 00:09:32
334,62,delivered,74987,EUR,2025-05-03 15:52:12,2025-06-02 09:41:16,2025-06-02 14:52:01
335,93,cancelled,54994,AUD,2025-05-03 21:13:24,2025-05-04 07:31:40,2025-05-04 11:15:26
336,126,paid,4498,EUR,2025-05-04 02:22:37,2025-05-18 19:44:05,2025-05-19 01:42:33
337,150,shipped,65985,EUR,2025-05-04 02:59:31,2025-05-18 17:39:07,2025-05-18 21:47:13
338,164,paid,50989,EUR,2025-05-04 04:49:21,2025-05-20 05:05:20,2025-05-20 06:31:35
339,151,paid,2999,EUR,2025-05-05 11:19:58,2025-05-19 19:31:25,2025-05-19 21:10:15
340,131,delivered,26989,CAD,2025-05-05 16:09:00,2025-05-13 23:28:32,2025-05-14 01:31:29
341,148,paid,24991,EUR,2025-05-05 22:38:44,2025-05-07 01:59:47,2025-05-07 06:58:18
342,169,paid,26997,EUR,2025-05-05 23:05:45,2025-05-24 15:19:54,2025-05-24 17:22:20
343,140,delivered,25990,EUR,2025-05-06 13:05:28,2025-06-01 10:15:26,2025-06-01 13:31:22
344,82,paid,32494,USD,2025-05-06 21:41:44,2025-05-18 23:48:43,2025-05-19 01:03:52
345,2,shipped,3998,EUR,2025-05-07 08:14:14,2025-05-07 21:46:08,2025-05-08 01:45:28
346,122,paid,30489,GBP,2025-05-07 09:31:41,2025-05-25 19:44:37,2025-05-25 20:51:38
347,169,delivered,49990,EUR,2025-05-07 14:11:15,2025-05-23 03:54:20,2025-05-23 06:08:58
348,151,delivered,47489,EUR,2025-05-08 07:07:20,2025-05-13 13:45:27,2025-05-13 15:19:35
349,10,refunded,38991,EUR,2025-05-08 12:09:53,2025-05-26 16:41:35,2025-05-26 20:55:52
350,165,refunded,9996,EUR,2025-05-09 00:58:14,2025-05-12 05:56:35,2025-05-12 09:49:38
351,62,delivered,60992,EUR,2025-05-09 01:07:05,2025-06-05 02:27:50,2025-06-05 04:28:49
352,50,shipped,52488,GBP,2025-05-09 08:46:35,2025-05-17 13:08:58,2025-05-17 16:11:48
353,4,delivered,31993,EUR,2025-05-09 16:06:57,2025-06-06 14:54:35,2025-06-06 16:44:15
354,175,paid,25495,EUR,2025-05-10 09:54:54,2025-05-31 03:41:25,2025-05-31 05:27:25
355,174,refunded,17998,EUR,2025-05-10 10:57:48,2025-06-03 23:18:40,2025-06-04 02:16:37
356,46,paid,5998,EUR,2025-05-10 14:51:10,2025-05-26 17:51:15,2025-05-26 19:45:08
357,4,delivered,103983,EUR,2025-05-11 02:52:38,2025-05-23 18:10:59,2025-05-23 20:22:02
358,118,delivered,35996,CAD,2025-05-11 05:53:32,2025-05-16 01:39:38,2025-05-16 04:04:55
359,118,paid,95485,CAD,2025-05-11 09:18:11,2025-05-21 04:46:37,2025-05-21 06:46:32
360,90,delivered,68987,CAD,2025-05-11 13:38:31,2025-05-21 17:00:01,2025-05-21 19:14:48
361,140,paid,73988,EUR,2025-05-11 18:59:33,2025-05-31 17:31:34,2025-05-31 20:34:42
362,82,paid,9996,USD,2025-05-11 19:30:50,2025-05-24 12:26:47,2025-05-24 17:30:36
363,134,refunded,38991,EUR,2025-05-12 05:55:04,2025-05-23 12:58:40,2025-05-23 16:34:02
364,4,cancelled,67486,EUR,2025-05-12 18:34:18,2025-05-24 13:03:06,2025-05-24 18:31:43
365,8,pending,18996,USD,2025-05-12 22:48:37,2025-05-13 23:54:57,2025-05-14 01:03:05
366,110,delivered,27994,EUR,2025-05-13 02:42:49,2025-05-22 21:46:11,2025-05-23 00:05:32
367,88,paid,33995,EUR,2025-05-13 06:21:33,2025-05-13 23:50:34,2025-05-14 00:58:09
368,154,delivered,36994,CAD,2025-05-14 00:38:43,2025-06-09 13:31:11,2025-06-09 14:51:36
369,90,delivered,7998,CAD,2025-05-14 07:02:00,2025-06-05 11:53:37,2025-06-05 12:58:09
370,116,paid,10997,EUR,2025-05-14 17:54:07,2025-06-08 09:04:03,2025-06-08 11:28:44
371,138,pending,32990,EUR,2025-05-15 03:40:39,2025-05-23 03:02:17,2025-05-23 06:40:00
372,96,paid,28990,USD,2025-05-15 05:12:51,2025-06-01 05:11:29,2025-06-01 09:15:14
373,150,shipped,5998,EUR,2025-05-15 09:53:06,2025-05-20 03:25:37,2025-05-20 07:52:13
374,62,refunded,4998,EUR,2025-05-15 22:22:30,2025-06-05 10:24:34,2025-06-05 13:40:32
375,169,shipped,38490,EUR,2025-05-16 00:41:44,2025-05-20 07:28:15,2025-05-20 13:05:43
376,168,shipped,26997,EUR,2025-05-16 08:20:18,2025-06-12 23:51:57,2025-06-13 02:17:10
377,4,paid,8997,EUR,2025-05-16 10:37:43,2025-05-24 23:32:04,2025-05-25 00:45:47
378,88,delivered,5997,EUR,2025-05-16 20:21:57,2025-06-04 06:01:01,2025-06-04 09:38:40
379,34,delivered,12995,EUR,2025-05-17 00:47:35,2025-06-11 02:52:04,2025-06-11 05:14:09
380,88,refunded,33493,EUR,2025-05-17 09:27:59,2025-06-10 10:54:14,2025-06-10 12:55:45
381,34,cancelled,7998,EUR,2025-05-17 17:06:10,2025-05-24 16:11:47,2025-05-24 21:00:01
382,59,shipped,45992,EUR,2025-05-18 10:33:19,2025-05-24 17:59:35,2025-05-24 19:05:04
383,169,shipped,31990,EUR,2025-05-18 12:22:48,2025-06-17 08:49:09,2025-06-17 14:28:02
384,9,pending,23492,EUR,2025-05-19 03:22:19,2025-06-16 09:25:12,2025-06-16 10:37:57
385,112,cancelled,47989,AUD,2025-05-19 08:46:51,2025-06-04 07:07:08,2025-06-04 12:31:55
386,62,pending,55483,EUR,2025-05-20 00:00:20,2025-05-20 00:32:58,2025-05-20 02:25:29
387,190,delivered,39994,EUR,2025-05-20 09:54:58,2025-06-06 13:34:48,2025-06-06 17:23:14
388,165,delivered,25994,EUR,2025-05-20 10:55:27,2025-06-07 23:56:57,2025-06-08 01:52:39
389,64,delivered,35991,EUR,2025-05-21 19:17:46,2025-06-17 16:17:11,2025-06-17 17:43:01
390,140,paid,27992,EUR,2025-05-21 21:42:59,2025-05-22 03:15:39,2025-05-22 09:09:40
391,59,paid,30993,EUR,2025-05-22 01:17:32,2025-05-30 06:20:58,2025-05-30 10:10:05
392,154,delivered,35992,CAD,2025-05-22 03:17:10,2025-06-18 17:41:51,2025-06-18 19:37:32
393,148,delivered,13994,EUR,2025-05-22 20:30:19,2025-05-31 05:57:48,2025-05-31 08:42:46
394,64,cancelled,11997,EUR,2025-05-23 01:20:14,2025-06-04 11:18:19,2025-06-04 13:49:31
395,9,delivered,19994,EUR,2025-05-23 03:01:33,2025-05-23 14:18:14,2025-05-23 16:51:07
396,58,delivered,2499,EUR,2025-05-23 10:04:13,2025-05-30 17:54:50,2025-05-30 19:47:56
397,98,delivered,42486,EUR,2025-05-23 15:36:59,2025-06-03 21:45:02,2025-06-04 00:26:22
398,4,paid,17998,EUR,2025-05-24 07:09:48,2025-05-27 03:20:51,2025-05-27 07:57:53
399,148,shipped,43994,EUR,2025-05-24 08:19:45,2025-06-10 07:11:37,2025-06-10 08:53:14
400,138,delivered,90488,EUR,2025-05-25 00:37:03,2025-06-07 17:03:04,2025-06-07 23:00:14
401,186,paid,16992,EUR,2025-05-25 15:53:47,2025-06-14 23:32:33,2025-06-15 04:58:31
402,165,pending,28492,EUR,2025-05-26 02:53:57,2025-06-09 23:29:10,2025-06-10 02:36:54
403,134,refunded,8999,EUR,2025-05-26 15:10:55,2025-05-26 23:28:10,2025-05-27 02:33:10
404,90,shipped,13993,CAD,2025-05-26 20:57:41,2025-06-05 06:18:52,2025-06-05 11:15:54
405,4,delivered,87988,EUR,2025-05-27 04:31:35,2025-06-22 11:32:18,2025-06-22 13:53:12
406,14,delivered,4998,EUR,2025-05-27 20:17:59,2025-06-13 10:22:35,2025-06-13 13:03:35
407,96,paid,20997,USD,2025-05-28 03:21:57,2025-06-13 12:28:40,2025-06-13 17:14:25
408,96,delivered,43992,USD,2025-05-28 12:32:20,2025-06-09 16:34:45,2025-06-09 18:50:51
409,34,delivered,35989,EUR,2025-05-29 00:42:12,2025-06-06 14:38:21,2025-06-06 20:00:35
410,4,delivered,78985,EUR,2025-05-29 08:46:05,2025-06-23 03:56:38,2025-06-23 08:05:06
411,160,delivered,9996,EUR,2025-05-30 09:40:56,2025-06-01 20:11:12,2025-06-01 22:56:04
412,148,delivered,56993,EUR,2025-05-30 15:04:04,2025-06-12 17:55:20,2025-06-12 21:30:49
413,82,delivered,9996,USD,2025-05-30 15:29:25,2025-06-15 21:56:37,2025-06-16 01:30:47
414,46,delivered,36995,EUR,2025-05-31 00:50:43,2025-06-11 09:04:39,2025-06-11 10:05:20
415,98,delivered,32994,EUR,2025-05-31 08:01:57,2025-06-14 17:29:27,2025-06-14 19:39:55
416,10,delivered,11996,EUR,2025-05-31 15:04:29,2025-06-11 03:03:53,2025-06-11 07:40:49
417,169,cancelled,12495,EUR,2025-05-31 18:24:54,2025-06-12 06:27:55,2025-06-12 11:33:01
418,62,refunded,17996,EUR,2025-06-01 00:16:49,2025-06-24 16:41:22,2025-06-24 17:53:20
419,190,delivered,3499,EUR,2025-06-01 01:31:10,2025-06-02 13:34:37,2025-06-02 18:03:28
420,111,paid,43990,EUR,2025-06-02 11:20:45,2025-06-14 12:49:12,2025-06-14 15:43:10
421,174,delivered,11994,EUR,2025-06-02 11:47:47,2025-06-28 10:21:27,2025-06-28 13:24:53
422,5,delivered,22495,USD,2025-06-03 11:16:52,2025-06-26 01:00:57,2025-06-26 05:29:55
423,168,refunded,3998,EUR,2025-06-03 23:33:16,2025-06-07 15:44:56,2025-06-07 17:24:23
424,1,shipped,96989,AUD,2025-06-04 02:34:24,2025-06-14 02:45:01,2025-06-14 06:39:59
425,186,delivered,48990,EUR,2025-06-04 22:56:49,2025-07-04 16:05:39,2025-07-04 18:16:31
426,118,paid,101985,CAD,2025-06-05 13:08:45,2025-06-17 22:56:37,2025-06-18 01:52:28
427,168,delivered,5498,EUR,2025-06-05 13:59:18,2025-06-08 16:44:16,2025-06-08 21:32:34
428,151,delivered,59985,EUR,2025-06-05 14:18:50,2025-06-22 16:09:42,2025-06-22 18:22:49
429,93,cancelled,6998,AUD,2025-06-06 09:17:15,2025-06-26 17:04:16,2025-06-26 22:18:45
430,88,pending,44988,EUR,2025-06-06 16:44:05,2025-06-28 20:20:14,2025-06-28 22:05:17
431,38,delivered,23493,EUR,2025-06-06 21:44:31,2025-06-15 18:37:29,2025-06-15 22:00:00
432,164,shipped,8999,EUR,2025-06-07 01:40:48,2025-06-17 05:48:19,2025-06-17 07:39:38
433,10,shipped,16494,EUR,2025-06-07 12:47:07,2025-06-16 08:01:34,2025-06-16 09:01:34
434,5,delivered,25992,USD,2025-06-08 02:06:04,2025-06-13 12:34:09,2025-06-13 15:50:31
435,165,paid,33992,EUR,2025-06-08 12:48:05,2025-06-27 10:37:55,2025-06-27 11:49:49
436,93,paid,19491,AUD,2025-06-08 23:08:01,2025-06-13 23:39:30,2025-06-14 03:22:33
437,46,paid,4998,EUR,2025-06-09 04:55:04,2025-06-11 19:40:23,2025-06-11 22:24:05
438,93,delivered,21993,AUD,2025-06-09 22:46:37,2025-07-08 09:40:19,2025-07-08 13:33:15
439,160,cancelled,58490,EUR,2025-06-10 00:13:50,2025-06-10 14:53:37,2025-06-10 19:07:51
440,151,delivered,64490,EUR,2025-06-10 04:35:02,2025-06-29 14:37:52,2025-06-29 17:32:44
441,116,delivered,8999,EUR,2025-06-10 09:05:45,2025-06-17 21:02:02,2025-06-18 01:43:59
442,169,delivered,9996,EUR,2025-06-11 05:16:17,2025-06-18 06:55:11,2025-06-18 09:13:02
443,98,shipped,6999,EUR,2025-06-11 08:03:49,2025-06-28 01:00:47,2025-06-28 04:59:04
444,175,cancelled,67989,EUR,2025-06-11 20:32:54,2025-06-14 08:06:53,2025-06-14 13:40:10
445,151,delivered,21995,EUR,2025-06-12 08:09:04,2025-07-12 01:22:43,2025-07-12 04:36:30
446,122,refunded,2999,GBP,2025-06-12 09:49:36,2025-06-18 23:59:00,2025-06-19 01:02:07
447,111,shipped,61992,EUR,2025-06-13 01:34:26,2025-07-03 06:00:53,2025-07-03 10:17:36
448,91,paid,60490,EUR,2025-06-13 03:46:52,2025-06-17 04:51:48,2025-06-17 09:58:14
449,151,pending,24993,EUR,2025-06-14 10:27:57,2025-06-21 13:28:50,2025-06-21 15:08:57
450,122,paid,9996,GBP,2025-06-14 11:02:26,2025-06-17 21:19:53,2025-06-17 23:13:08
451,112,delivered,59992,AUD,2025-06-14 11:18:48,2025-07-01 03:37:16,2025-07-01 08:56:49
452,138,pending,74491,EUR,2025-06-15 08:49:10,2025-07-12 21:18:14,2025-07-13 01:56:58
453,98,delivered,40988,EUR,2025-06-15 19:23:29,2025-07-06 15:36:53,2025-07-06 19:20:20
454,89,paid,43992,EUR,2025-06-15 19:35:56,2025-06-19 03:42:18,2025-06-19 08:21:18
455,174,refunded,69990,EUR,2025-06-15 20:37:37,2025-06-26 15:41:02,2025-06-26 20:57:44
456,14,refunded,70986,EUR,2025-06-15 22:47:53,2025-07-11 11:07:07,2025-07-11 15:16:28
457,16,paid,7996,EUR,2025-06-16 06:36:14,2025-07-05 20:15:59,2025-07-05 22:51:37
458,8,shipped,34490,USD,2025-06-16 12:00:23,2025-06-29 08:51:49,2025-06-29 12:55:29
459,37,delivered,61990,CAD,2025-06-16 17:13:05,2025-07-01 06:12:40,2025-07-01 11:06:33
460,90,shipped,19992,CAD,2025-06-17 05:15:48,2025-07-07 04:19:01,2025-07-07 07:28:53
461,82,delivered,27494,USD,2025-06-17 14:01:38,2025-06-22 19:52:10,2025-06-22 22:02:59
462,118,shipped,33494,CAD,2025-06-18 01:19:58,2025-07-08 22:44:30,2025-07-09 02:18:48
463,40,shipped,14995,EUR,2025-06-18 05:27:23,2025-06-20 11:24:07,2025-06-20 14:26:37
464,160,delivered,35994,EUR,2025-06-19 03:09:43,2025-07-16 11:17:03,2025-07-16 15:05:28
465,126,shipped,13995,EUR,2025-06-19 05:19:08,2025-06-23 22:10:29,2025-06-24 03:12:26
466,160,delivered,9996,EUR,2025-06-19 12:07:38,2025-06-25 14:13:35,2025-06-25 17:45:52
467,169,paid,78987,EUR,2025-06-19 12:56:36,2025-06-19 13:00:45,2025-06-19 16:16:42
468,50,paid,39495,GBP,2025-06-20 06:01:54,2025-07-13 06:51:14,2025-07-13 10:41:08
469,35,delivered,38492,GBP,2025-06-20 19:15:49,2025-07-10 07:28:54,2025-07-10 11:04:12
470,4,paid,43493,EUR,2025-06-21 09:23:48,2025-07-07 22:19:41,2025-07-08 01:35:01
471,117,shipped,43993,EUR,2025-06-21 13:20:59,2025-07-10 07:02:28,2025-07-10 12:59:33
472,38,shipped,64984,EUR,2025-06-21 22:16:53,2025-07-01 14:49:50,2025-07-01 15:59:27
473,161,refunded,24492,EUR,2025-06-22 06:48:51,2025-06-30 01:35:03,2025-06-30 05:33:57
474,6,delivered,13994,EUR,2025-06-22 15:58:04,2025-07-13 06:57:08,2025-07-13 09:39:21
475,190,delivered,4998,EUR,2025-06-22 17:22:04,2025-07-19 19:01:25,2025-07-19 22:53:12
476,154,delivered,40986,CAD,2025-06-23 16:26:04,2025-07-23 03:47:34,2025-07-23 07:50:54
477,93,shipped,18495,AUD,2025-06-23 19:35:21,2025-07-04 15:32:38,2025-07-04 18:47:15
478,151,delivered,19996,EUR,2025-06-24 03:37:08,2025-06-24 11:07:24,2025-06-24 14:56:23
479,90,refunded,3999,CAD,2025-06-24 04:58:30,2025-07-09 10:38:11,2025-07-09 13:39:01
480,160,shipped,18493,EUR,2025-06-24 11:55:55,2025-07-02 07:54:13,2025-07-02 11:27:31
481,126,paid,21996,EUR,2025-06-25 13:31:29,2025-07-04 03:00:47,2025-07-04 08:06:46
482,38,delivered,43988,EUR,2025-06-25 15:32:39,2025-07-23 07:00:52,2025-07-23 08:06:44
483,136,delivered,15997,EUR,2025-06-25 15:34:04,2025-07-20 19:44:31,2025-07-20 22:23:01
484,126,delivered,27994,EUR,2025-06-26 15:01:57,2025-07-01 10:26:39,2025-07-01 13:07:22
485,50,delivered,69985,GBP,2025-06-26 17:05:31,2025-06-26 23:13:07,2025-06-27 04:35:40
486,140,shipped,20497,EUR,2025-06-27 01:41:31,2025-07-24 09:14:26,2025-07-24 13:20:52
487,50,delivered,72985,GBP,2025-06-27 11:48:23,2025-07-05 18:46:12,2025-07-05 23:28:08
488,5,paid,11997,USD,2025-06-27 17:27:37,2025-07-05 12:47:31,2025-07-05 15:20:53
489,50,cancelled,15996,GBP,2025-06-28 01:15:09,2025-07-21 14:38:18,2025-07-21 19:57:20
490,151,delivered,46992,EUR,2025-06-28 17:45:01,2025-07-05 11:12:14,2025-07-05 13:42:53
491,160,pending,30988,EUR,2025-06-29 01:47:34,2025-07-26 12:34:38,2025-07-26 14:40:57
492,140,paid,11998,EUR,2025-06-29 16:10:39,2025-07-22 15:56:18,2025-07-22 21:28:09
493,6,shipped,7997,EUR,2025-06-30 04:51:51,2025-07-27 15:51:50,2025-07-27 21:10:24
494,164,pending,48493,EUR,2025-06-30 04:52:19,2025-07-04 14:23:59,2025-07-04 18:12:07
495,194,delivered,40988,EUR,2025-06-30 22:21:53,2025-07-04 18:43:11,2025-07-04 22:45:19
496,37,cancelled,21992,CAD,2025-07-01 05:16:52,2025-07-12 00:52:11,2025-07-12 03:03:44
497,64,paid,37993,EUR,2025-07-01 06:03:10,2025-07-09 20:27:16,2025-07-10 02:10:36
498,138,paid,36494,EUR,2025-07-02 04:00:22,2025-07-08 16:49:36,2025-07-08 17:54:22
499,10,cancelled,74486,EUR,2025-07-02 09:14:33,2025-07-31 22:36:44,2025-08-01 03:25:14
500,59,pending,23998,EUR,2025-07-02 15:23:29,2025-07-11 10:22:15,2025-07-11 11:52:49
501,35,pending,23991,GBP,2025-07-02 20:43:30,2025-07-31 00:32:22,2025-07-31 03:15:19
502,37,delivered,38990,CAD,2025-07-03 00:39:35,2025-07-08 09:55:38,2025-07-08 13:26:47
503,186,refunded,7497,EUR,2025-07-03 01:04:55,2025-07-16 11:35:08,2025-07-16 15:10:57
504,59,paid,4998,EUR,2025-07-03 11:35:39,2025-07-07 17:26:03,2025-07-07 20:58:38
505,140,delivered,1999,EUR,2025-07-04 03:51:36,2025-07-17 20:11:57,2025-07-18 00:12:05
506,8,delivered,23995,USD,2025-07-04 08:05:55,2025-07-24 06:36:08,2025-07-24 09:18:51
507,40,refunded,9997,EUR,2025-07-05 01:30:22,2025-07-24 18:19:15,2025-07-24 23:47:18
508,190,shipped,39993,EUR,2025-07-05 08:58:31,2025-07-10 12:01:11,2025-07-10 17:59:21
509,6,delivered,7998,EUR,2025-07-06 14:35:41,2025-07-16 14:16:04,2025-07-16 18:35:16
510,116,cancelled,29996,EUR,2025-07-06 17:48:58,2025-07-10 20:54:48,2025-07-11 02:47:28
511,8,shipped,35995,USD,2025-07-06 23:57:42,2025-07-11 02:00:13,2025-07-11 06:02:54
512,169,delivered,88985,EUR,2025-07-07 17:25:32,2025-07-09 23:53:22,2025-07-10 05:52:09
513,138,cancelled,3998,EUR,2025-07-07 18:04:02,2025-08-06 03:09:52,2025-08-06 08:17:46
514,57,refunded,20994,EUR,2025-07-08 03:44:45,2025-07-17 20:36:12,2025-07-17 23:55:57
515,150,delivered,20994,EUR,2025-07-08 11:46:27,2025-07-10 15:19:19,2025-07-10 18:48:58
516,88,refunded,21996,EUR,2025-07-08 22:37:29,2025-07-14 04:09:12,2025-07-14 08:33:03
517,96,refunded,40993,USD,2025-07-09 00:47:09,2025-07-27 10:45:13,2025-07-27 12:13:17
518,50,paid,56994,GBP,2025-07-09 06:02:45,2025-07-22 07:28:23,2025-07-22 12:11:51
519,37,delivered,45990,CAD,2025-07-09 12:40:59,2025-07-19 07:32:15,2025-07-19 09:29:53
520,93,delivered,45990,AUD,2025-07-09 14:43:15,2025-07-14 09:15:52,2025-07-14 13:07:55
521,57,shipped,19995,EUR,2025-07-09 17:25:16,2025-07-30 13:35:31,2025-07-30 16:22:24
522,57,shipped,23996,EUR,2025-07-09 22:12:21,2025-07-26 21:55:04,2025-07-27 02:32:53
523,186,delivered,5999,EUR,2025-07-10 06:02:44,2025-07-31 21:22:32,2025-08-01 00:57:12
524,64,delivered,10996,EUR,2025-07-10 07:12:07,2025-07-12 14:00:03,2025-07-12 18:58:58
525,59,paid,24991,EUR,2025-07-10 22:06:24,2025-08-04 01:54:43,2025-08-04 07:41:48
526,112,shipped,47486,AUD,2025-07-11 06:50:51,2025-08-01 09:04:18,2025-08-01 12:52:14
527,175,delivered,7497,EUR,2025-07-11 07:20:45,2025-08-07 06:13:01,2025-08-07 11:38:43
528,6,delivered,13495,EUR,2025-07-11 17:08:50,2025-08-05 10:06:22,2025-08-05 13:10:44
529,160,shipped,7997,EUR,2025-07-11 23:16:37,2025-07-24 13:22:35,2025-07-24 15:55:48
530,153,delivered,13997,USD,2025-07-12 01:08:57,2025-07-31 11:51:29,2025-07-31 16:35:50
531,35,delivered,57984,GBP,2025-07-12 13:24:36,2025-07-31 05:38:38,2025-07-31 09:30:52
532,10,refunded,51990,EUR,2025-07-13 03:52:05,2025-07-15 07:30:15,2025-07-15 09:42:44
533,90,cancelled,68988,CAD,2025-07-13 13:12:09,2025-08-09 16:37:36,2025-08-09 21:40:29
534,89,refunded,27992,EUR,2025-07-14 08:18:03,2025-08-03 02:57:09,2025-08-03 04:41:43
535,10,paid,31990,EUR,2025-07-14 14:28:05,2025-08-05 20:21:19,2025-08-05 22:42:51
536,35,delivered,17494,GBP,2025-07-15 14:44:39,2025-07-31 19:33:06,2025-07-31 21:02:01
537,9,pending,26991,EUR,2025-07-15 16:33:19,2025-07-30 12:49:16,2025-07-30 17:56:39
538,10,cancelled,19492,EUR,2025-07-15 20:12:25,2025-08-06 06:30:56,2025-08-06 10:24:52
539,186,paid,98986,EUR,2025-07-16 01:24:08,2025-08-06 19:17:23,2025-08-06 21:01:59
540,154,paid,9996,CAD,2025-07-16 07:34:32,2025-07-18 17:48:30,2025-07-18 22:13:52
541,50,cancelled,89987,GBP,2025-07-16 10:56:23,2025-07-25 16:45:45,2025-07-25 18:16:45
542,58,delivered,23996,EUR,2025-07-16 13:44:37,2025-08-14 06:43:11,2025-08-14 10:28:04
543,50,paid,19995,GBP,2025-07-17 06:57:48,2025-08-09 12:23:51,2025-08-09 13:38:29
544,90,shipped,15994,CAD,2025-07-17 11:50:08,2025-07-24 11:01:52,2025-07-24 15:55:29
545,59,shipped,19996,EUR,2025-07-17 21:33:14,2025-08-13 06:07:50,2025-08-13 11:57:47
546,58,paid,83990,EUR,2025-07-18 13:58:39,2025-08-16 05:19:34,2025-08-16 07:50:57
547,62,delivered,17992,EUR,2025-07-18 18:16:16,2025-07-19 04:16:48,2025-07-19 07:37:44
548,190,shipped,33989,EUR,2025-07-18 23:51:11,2025-07-30 18:43:13,2025-07-30 23:41:40
549,140,shipped,23995,EUR,2025-07-19 00:02:04,2025-07-21 13:27:12,2025-07-21 17:10:13
550,131,delivered,28994,CAD,2025-07-19 01:58:10,2025-08-16 03:08:57,2025-08-16 06:56:41
551,9,paid,17493,EUR,2025-07-19 11:07:59,2025-07-24 09:15:06,2025-07-24 14:10:17
552,168,delivered,47989,EUR,2025-07-20 00:30:32,2025-08-08 03:36:58,2025-08-08 09:09:46
553,96,delivered,9497,USD,2025-07-20 03:18:59,2025-08-01 08:27:33,2025-08-01 11:03:02
554,7,shipped,26997,EUR,2025-07-20 03:19:48,2025-07-26 01:06:47,2025-07-26 02:51:04
555,168,cancelled,14994,EUR,2025-07-21 07:51:59,2025-08-20 02:41:59,2025-08-20 07:21:35
556,62,refunded,37988,EUR,2025-07-21 13:00:37,2025-08-13 01:12:25,2025-08-13 04:01:57
557,160,paid,13994,EUR,2025-07-21 22:20:52,2025-07-29 15:53:57,2025-07-29 20:07:51
558,40,delivered,35991,EUR,2025-07-22 07:22:32,2025-08-16 11:40:22,2025-08-16 13:01:36
559,174,delivered,56993,EUR,2025-07-22 10:55:39,2025-07-28 18:56:00,2025-07-28 21:49:45
560,8,paid,17997,USD,2025-07-23 00:48:13,2025-08-07 04:24:45,2025-08-07 05:37:56
561,175,paid,105986,EUR,2025-07-23 09:44:28,2025-08-10 10:41:27,2025-08-10 12:11:19
562,2,pending,77987,EUR,2025-07-23 23:12:25,2025-07-29 08:17:56,2025-07-29 09:47:44
563,140,paid,46493,EUR,2025-07-24 04:45:23,2025-08-04 21:02:32,2025-08-05 01:33:38
564,136,shipped,41495,EUR,2025-07-24 07:10:33,2025-07-28 06:54:15,2025-07-28 09:09:48
565,4,delivered,7997,EUR,2025-07-24 08:38:56,2025-08-19 15:07:43,2025-08-19 19:46:15
566,62,paid,1999,EUR,2025-07-24 20:37:37,2025-07-29 18:09:00,2025-07-30 00:02:08
567,161,delivered,19996,EUR,2025-07-25 21:13:59,2025-07-26 06:08:15,2025-07-26 08:34:25
568,16,paid,5997,EUR,2025-07-25 23:34:56,2025-07-26 10:50:27,2025-07-26 15:44:08
569,58,shipped,51991,EUR,2025-07-26 00:05:01,2025-08-22 13:00:15,2025-08-22 16:52:16
570,38,delivered,21490,EUR,2025-07-26 07:12:18,2025-08-19 18:03:05,2025-08-19 22:49:39
571,172,paid,14497,AUD,2025-07-26 15:26:15,2025-07-30 20:19:55,2025-07-31 02:01:36
572,98,paid,9996,EUR,2025-07-27 04:49:23,2025-07-29 21:36:59,2025-07-30 00:00:35
573,131,shipped,50991,CAD,2025-07-27 06:47:11,2025-07-27 15:54:34,2025-07-27 19:12:44
574,2,shipped,25994,EUR,2025-07-27 16:17:29,2025-07-30 17:34:46,2025-07-30 20:57:56
575,6,delivered,11998,EUR,2025-07-27 17:13:21,2025-07-31 18:33:27,2025-07-31 20:39:30
576,4,delivered,35996,EUR,2025-07-28 09:23:22,2025-07-31 04:38:37,2025-07-31 08:23:29
577,14,shipped,63990,EUR,2025-07-28 16:50:58,2025-08-19 06:15:32,2025-08-19 09:39:14
578,75,shipped,20992,EUR,2025-07-29 01:18:59,2025-08-08 17:07:15,2025-08-08 22:00:15
579,116,paid,17994,EUR,2025-07-29 20:43:40,2025-08-09 02:31:27,2025-08-09 06:47:41
580,187,shipped,11997,USD,2025-07-30 01:57:19,2025-08-05 04:46:38,2025-08-05 10:39:25
581,187,cancelled,53989,USD,2025-07-30 12:30:05,2025-08-02 05:56:35,2025-08-02 07:07:14
582,35,delivered,17997,GBP,2025-07-30 18:49:13,2025-08-21 14:48:42,2025-08-21 17:30:01
583,164,delivered,32990,EUR,2025-07-31 16:39:46,2025-08-20 09:48:03,2025-08-20 12:39:24
584,98,delivered,3998,EUR,2025-07-31 18:32:42,2025-08-11 17:14:46,2025-08-11 18:38:27
585,172,paid,31993,AUD,2025-07-31 20:57:21,2025-08-21 17:53:26,2025-08-21 23:18:49
586,37,pending,2499,CAD,2025-08-01 05:30:48,2025-08-30 02:05:59,2025-08-30 04:15:42
587,7,delivered,33991,EUR,2025-08-01 19:48:52,2025-08-15 19:16:21,2025-08-15 20:31:36
588,5,paid,19995,USD,2025-08-02 08:21:45,2025-08-04 20:12:15,2025-08-05 01:38:32
589,111,shipped,33491,EUR,2025-08-02 14:02:41,2025-08-11 10:35:14,2025-08-11 16:32:55
590,154,delivered,6998,CAD,2025-08-03 15:56:57,2025-08-27 01:21:36,2025-08-27 02:24:48
591,169,delivered,10998,EUR,2025-08-03 22:17:45,2025-08-08 11:34:21,2025-08-08 14:54:32
592,136,refunded,5498,EUR,2025-08-04 10:18:18,2025-08-08 14:14:18,2025-08-08 18:41:34
593,7,delivered,47992,EUR,2025-08-04 19:46:40,2025-08-27 13:39:36,2025-08-27 16:36:59
594,5,shipped,49488,USD,2025-08-05 02:09:23,2025-08-06 06:29:40,2025-08-06 11:28:24
595,131,delivered,37994,CAD,2025-08-05 19:00:48,2025-08-27 12:32:14,2025-08-27 17:19:32
596,165,shipped,15996,EUR,2025-08-06 02:43:37,2025-08-19 07:09:39,2025-08-19 12:31:55
597,116,pending,54987,EUR,2025-08-06 13:26:42,2025-08-18 02:24:54,2025-08-18 08:15:57
598,50,shipped,5998,GBP,2025-08-06 19:24:45,2025-08-30 18:31:05,2025-08-30 22:57:57
599,4,delivered,87990,EUR,2025-08-07 00:58:54,2025-08-22 21:02:10,2025-08-23 01:08:17
600,40,paid,61490,EUR,2025-08-07 03:52:11,2025-08-12 16:30:14,2025-08-12 18:39:29
601,57,shipped,23496,EUR,2025-08-07 06:32:17,2025-08-27 22:21:18,2025-08-28 02:59:42
602,57,delivered,15495,EUR,2025-08-07 10:35:00,2025-08-29 04:56:57,2025-08-29 08:45:10
603,89,shipped,13994,EUR,2025-08-07 16:29:13,2025-09-04 12:14:37,2025-09-04 17:11:33
604,99,paid,9996,EUR,2025-08-08 05:43:40,2025-08-28 17:26:07,2025-08-28 21:33:37
605,50,delivered,34992,GBP,2025-08-08 06:03:22,2025-08-30 13:37:58,2025-08-30 16:12:50
606,93,paid,49991,AUD,2025-08-08 20:17:23,2025-08-09 11:11:59,2025-08-09 13:18:26
607,148,delivered,26997,EUR,2025-08-09 10:07:30,2025-08-19 09:03:10,2025-08-19 13:55:55
608,10,paid,7996,EUR,2025-08-09 12:10:25,2025-08-23 23:15:06,2025-08-24 04:52:07
609,40,delivered,7497,EUR,2025-08-09 15:36:12,2025-09-06 11:24:56,2025-09-06 16:49:06
610,37,paid,11996,CAD,2025-08-10 02:25:51,2025-08-11 17:45:14,2025-08-11 19:26:30
611,154,delivered,13494,CAD,2025-08-10 18:44:47,2025-08-17 16:38:15,2025-08-17 19:48:11
612,34,shipped,9497,EUR,2025-08-11 13:27:36,2025-08-11 16:35:26,2025-08-11 20:26:15
613,37,paid,31993,CAD,2025-08-11 13:31:30,2025-08-29 23:14:41,2025-08-30 01:01:02
614,96,delivered,19993,USD,2025-08-11 16:22:14,2025-09-08 13:13:46,2025-09-08 14:30:11
615,164,paid,7497,EUR,2025-08-12 03:14:25,2025-08-15 00:11:41,2025-08-15 02:47:58
616,34,cancelled,49992,EUR,2025-08-12 16:31:25,2025-09-10 08:55:56,2025-09-10 12:05:15
617,89,delivered,4998,EUR,2025-08-12 20:45:46,2025-08-20 22:31:08,2025-08-21 00:00:54
618,75,paid,23491,EUR,2025-08-12 23:52:42,2025-08-19 06:09:30,2025-08-19 09:09:40
619,150,shipped,9996,EUR,2025-08-13 02:28:58,2025-09-08 11:19:48,2025-09-08 15:57:39
620,16,delivered,23998,EUR,2025-08-13 12:10:46,2025-08-22 17:51:16,2025-08-22 20:00:03
621,62,delivered,62488,EUR,2025-08-13 15:11:11,2025-08-16 15:31:29,2025-08-16 20:33:17
622,165,shipped,19993,EUR,2025-08-14 00:05:26,2025-09-02 12:47:36,2025-09-02 14:41:02
623,160,shipped,29994,EUR,2025-08-14 07:26:29,2025-08-22 20:21:44,2025-08-23 00:00:39
624,148,delivered,35996,EUR,2025-08-14 07:56:11,2025-08-18 12:22:30,2025-08-18 14:12:14
625,153,delivered,35996,USD,2025-08-14 15:36:20,2025-08-30 22:47:21,2025-08-31 00:00:42
626,186,pending,35496,EUR,2025-08-15 01:53:19,2025-08-31 12:32:53,2025-08-31 17:56:43
627,161,shipped,17492,EUR,2025-08-15 10:55:12,2025-09-01 09:41:22,2025-09-01 12:30:06
628,34,delivered,2499,EUR,2025-08-15 16:50:00,2025-09-14 08:50:14,2025-09-14 11:30:13
629,98,paid,21993,EUR,2025-08-16 09:45:11,2025-09-08 23:45:29,2025-09-09 03:16:57
630,161,delivered,8999,EUR,2025-08-16 15:57:29,2025-08-29 14:46:01,2025-08-29 17:20:13
631,136,delivered,7497,EUR,2025-08-16 16:52:18,2025-09-05 14:06:31,2025-09-05 17:36:15
632,158,delivered,30493,EUR,2025-08-16 20:07:50,2025-09-03 09:51:22,2025-09-03 14:56:41
633,186,delivered,19993,EUR,2025-08-17 00:06:45,2025-09-03 09:33:28,2025-09-03 13:30:42
634,4,refunded,15992,EUR,2025-08-17 12:11:03,2025-09-10 07:42:22,2025-09-10 08:53:38
635,165,delivered,31490,EUR,2025-08-18 05:01:21,2025-08-29 17:23:03,2025-08-29 21:11:30
636,161,shipped,32997,EUR,2025-08-18 07:51:03,2025-09-13 04:04:12,2025-09-13 09:46:01
637,62,delivered,30492,EUR,2025-08-18 19:16:39,2025-09-05 22:06:22,2025-09-06 00:34:00
638,4,delivered,10997,EUR,2025-08-19 00:57:28,2025-09-13 22:18:10,2025-09-14 03:15:14
639,169,refunded,79487,EUR,2025-08-19 08:19:52,2025-08-27 12:53:09,2025-08-27 15:42:57
640,131,shipped,28994,CAD,2025-08-19 10:10:52,2025-08-26 13:59:16,2025-08-26 18:00:26
641,8,shipped,56493,USD,2025-08-19 11:03:27,2025-09-07 00:04:44,2025-09-07 05:51:57
642,8,delivered,4999,USD,2025-08-20 04:43:22,2025-09-10 23:21:36,2025-09-11 04:46:26
643,5,shipped,27991,USD,2025-08-20 19:30:18,2025-08-27 07:07:40,2025-08-27 10:26:16
644,110,cancelled,29490,EUR,2025-08-20 22:30:44,2025-09-07 18:09:51,2025-09-07 22:00:12
645,9,paid,51990,EUR,2025-08-21 05:11:03,2025-09-18 07:53:18,2025-09-18 09:50:13
646,140,paid,45986,EUR,2025-08-21 23:17:39,2025-08-25 09:18:10,2025-08-25 12:09:37
647,10,refunded,44995,EUR,2025-08-22 00:24:01,2025-08-23 23:38:31,2025-08-24 03:21:36
648,150,cancelled,23492,EUR,2025-08-22 18:56:00,2025-09-20 20:44:17,2025-09-21 00:29:34
649,161,refunded,74991,EUR,2025-08-23 03:27:15,2025-09-05 14:54:29,2025-09-05 20:08:04
650,9,shipped,23994,EUR,2025-08-23 16:42:10,2025-09-17 10:00:30,2025-09-17 14:19:02
651,116,shipped,48491,EUR,2025-08-24 03:53:55,2025-09-04 22:25:49,2025-09-05 03:20:00
652,34,paid,21994,EUR,2025-08-24 17:07:13,2025-09-11 02:57:58,2025-09-11 05:56:08
653,57,pending,30994,EUR,2025-08-24 23:05:49,2025-09-09 06:46:39,2025-09-09 09:46:20
654,40,delivered,53990,EUR,2025-08-25 16:51:56,2025-09-13 07:46:24,2025-09-13 09:22:47
655,168,cancelled,91986,EUR,2025-08-25 21:53:20,2025-09-08 08:15:31,2025-09-08 10:26:30
656,186,paid,11998,EUR,2025-08-26 12:02:35,2025-09-15 06:43:05,2025-09-15 09:02:58
657,7,paid,27994,EUR,2025-08-26 14:13:22,2025-09-11 06:06:38,2025-09-11 10:38:47
658,131,paid,46991,CAD,2025-08-26 18:39:03,2025-09-05 23:06:48,2025-09-06 04:01:30
659,194,delivered,83991,EUR,2025-08-26 18:48:31,2025-09-10 06:28:19,2025-09-10 12:14:38
660,98,paid,27994,EUR,2025-08-26 21:51:22,2025-09-18 02:12:17,2025-09-18 03:57:30
661,48,refunded,7996,EUR,2025-08-27 06:48:58,2025-09-04 01:08:09,2025-09-04 04:45:56
662,116,delivered,47990,EUR,2025-08-27 08:01:51,2025-09-04 08:29:51,2025-09-04 12:28:01
663,34,delivered,78992,EUR,2025-08-27 12:07:48,2025-09-16 22:23:35,2025-09-17 00:34:31
664,150,delivered,11995,EUR,2025-08-27 16:58:02,2025-09-23 07:39:12,2025-09-23 09:58:09
665,154,paid,83487,CAD,2025-08-28 09:13:30,2025-09-21 13:58:48,2025-09-21 19:52:28
666,165,delivered,17996,EUR,2025-08-28 18:48:52,2025-09-25 11:12:12,2025-09-25 16:42:05
667,6,delivered,7497,EUR,2025-08-29 00:39:12,2025-09-20 06:51:00,2025-09-20 12:23:59
668,91,delivered,8999,EUR,2025-08-29 18:23:37,2025-08-30 08:17:30,2025-08-30 14:12:54
669,158,cancelled,11996,EUR,2025-08-30 03:58:45,2025-09-26 09:31:09,2025-09-26 14:44:53
670,1,paid,9996,AUD,2025-08-30 05:37:03,2025-09-04 02:19:43,2025-09-04 05:29:30
671,75,delivered,17995,EUR,2025-08-31 04:23:55,2025-09-08 17:55:23,2025-09-08 20:33:09
672,57,paid,26492,EUR,2025-08-31 08:34:00,2025-09-28 01:29:57,2025-09-28 06:43:04
673,160,refunded,28996,EUR,2025-09-01 03:39:53,2025-09-10 13:16:29,2025-09-10 15:51:13
674,160,delivered,50491,EUR,2025-09-01 22:00:25,2025-09-22 10:43:39,2025-09-22 16:07:59
675,16,shipped,83988,EUR,2025-09-02 20:55:32,2025-09-16 07:38:55,2025-09-16 13:23:13
676,151,shipped,49491,EUR,2025-09-02 23:28:22,2025-09-27 15:30:42,2025-09-27 21:25:23
677,111,paid,14996,EUR,2025-09-02 23:31:52,2025-09-06 12:12:42,2025-09-06 15:49:56
678,153,paid,2999,USD,2025-09-02 23:49:15,2025-09-30 15:34:25,2025-09-30 18:02:35
679,148,delivered,35997,EUR,2025-09-03 05:29:34,2025-09-29 19:52:10,2025-09-29 23:51:46
680,14,delivered,9996,EUR,2025-09-03 13:27:47,2025-09-26 05:35:42,2025-09-26 10:55:34
681,6,paid,62986,EUR,2025-09-04 01:33:45,2025-09-28 06:15:17,2025-09-28 09:13:39
682,93,shipped,56491,AUD,2025-09-04 09:17:02,2025-09-21 17:23:56,2025-09-21 22:41:42
683,34,paid,59992,EUR,2025-09-04 17:53:44,2025-09-08 17:32:22,2025-09-08 22:11:03
684,148,pending,22494,EUR,2025-09-05 00:37:53,2025-09-22 05:09:11,2025-09-22 08:00:13
685,4,delivered,12995,EUR,2025-09-05 04:59:28,2025-09-05 12:28:43,2025-09-05 14:58:20
686,9,paid,41489,EUR,2025-09-05 23:39:38,2025-09-23 21:49:41,2025-09-24 00:57:15
687,38,pending,83989,EUR,2025-09-06 10:26:54,2025-09-15 03:32:30,2025-09-15 05:54:30
688,154,paid,41995,CAD,2025-09-06 21:55:06,2025-09-08 05:22:02,2025-09-08 07:21:52
689,153,paid,43992,USD,2025-09-07 04:45:05,2025-10-06 12:12:32,2025-10-06 13:33:21
690,150,delivered,35996,EUR,2025-09-07 06:02:29,2025-09-27 08:45:01,2025-09-27 09:52:58
691,2,shipped,25995,EUR,2025-09-07 06:22:13,2025-09-20 19:13:18,2025-09-20 22:54:18
692,90,refunded,11997,CAD,2025-09-07 08:27:59,2025-09-29 21:08:21,2025-09-30 03:03:12
693,186,delivered,52486,EUR,2025-09-08 05:23:12,2025-09-13 10:12:16,2025-09-13 13:14:27
694,8,delivered,64992,USD,2025-09-08 11:36:19,2025-09-25 12:35:26,2025-09-25 16:00:15
695,160,shipped,59993,EUR,2025-09-09 07:47:07,2025-09-28 04:36:13,2025-09-28 09:23:41
696,150,shipped,19995,EUR,2025-09-09 10:53:33,2025-09-17 23:29:25,2025-09-18 04:17:40
697,75,delivered,18995,EUR,2025-09-10 00:22:24,2025-10-04 22:08:15,2025-10-05 00:43:34
698,58,refunded,102486,EUR,2025-09-10 06:02:31,2025-09-21 05:12:35,2025-09-21 10:23:51
699,112,delivered,21490,AUD,2025-09-10 19:12:55,2025-09-23 00:54:51,2025-09-23 05:16:36
700,91,paid,51992,EUR,2025-09-10 21:28:53,2025-09-28 22:18:34,2025-09-28 23:20:35
701,194,paid,44995,EUR,2025-09-10 22:46:13,2025-09-11 04:53:30,2025-09-11 06:06:52
702,174,paid,79481,EUR,2025-09-11 03:41:00,2025-09-19 13:36:50,2025-09-19 17:31:23
703,169,paid,20995,EUR,2025-09-11 11:21:30,2025-10-09 07:06:38,2025-10-09 12:06:44
704,69,delivered,31994,EUR,2025-09-11 14:29:17,2025-09-24 21:47:58,2025-09-24 22:53:21
705,116,delivered,27993,EUR,2025-09-11 23:25:03,2025-09-26 15:53:51,2025-09-26 19:44:22
706,3,pending,67992,EUR,2025-09-12 00:24:18,2025-10-04 09:58:43,2025-10-04 14:19:00
707,161,paid,9996,EUR,2025-09-12 05:29:52,2025-09-25 09:55:37,2025-09-25 10:57:43
708,131,shipped,40988,CAD,2025-09-12 06:21:46,2025-10-04 21:31:59,2025-10-05 01:53:52
709,96,delivered,37492,USD,2025-09-12 16:32:38,2025-09-23 22:19:40,2025-09-24 03:00:59
710,116,delivered,29489,EUR,2025-09-13 04:12:41,2025-09-23 11:11:07,2025-09-23 14:38:52
711,161,delivered,47992,EUR,2025-09-13 04:25:59,2025-10-12 16:08:21,2025-10-12 20:01:06
712,57,shipped,48992,EUR,2025-09-13 16:24:36,2025-10-01 22:55:46,2025-10-02 04:41:56
713,7,cancelled,21995,EUR,2025-09-14 00:22:38,2025-09-20 20:55:34,2025-09-21 02:05:07
714,187,paid,8997,USD,2025-09-14 16:37:01,2025-10-13 18:32:52,2025-10-13 20:43:18
715,148,delivered,16994,EUR,2025-09-15 00:06:18,2025-10-14 23:14:09,2025-10-15 03:06:21
716,34,refunded,9995,EUR,2025-09-15 03:12:25,2025-09-17 03:53:26,2025-09-17 07:22:55
717,190,shipped,15996,EUR,2025-09-15 06:11:03,2025-09-28 21:24:21,2025-09-29 01:51:29
718,138,refunded,23495,EUR,2025-09-16 04:06:10,2025-10-06 13:10:46,2025-10-06 18:24:26
719,158,delivered,73990,EUR,2025-09-16 22:59:12,2025-09-18 11:35:52,2025-09-18 12:59:56
720,112,delivered,56993,AUD,2025-09-17 06:17:02,2025-10-07 17:31:29,2025-10-07 20:19:08
721,69,paid,47990,EUR,2025-09-17 10:35:55,2025-10-08 06:11:01,2025-10-08 09:20:17
722,158,paid,5498,EUR,2025-09-17 17:11:13,2025-10-06 21:07:26,2025-10-07 01:19:40
723,46,paid,27491,EUR,2025-09-17 23:10:48,2025-09-27 14:16:42,2025-09-27 19:39:29
724,2,delivered,29996,EUR,2025-09-18 14:07:39,2025-09-19 08:49:53,2025-09-19 12:20:25
725,16,delivered,17998,EUR,2025-09-18 14:17:17,2025-10-13 13:48:01,2025-10-13 14:52:00
726,190,paid,13998,EUR,2025-09-19 11:25:06,2025-10-17 19:48:09,2025-10-18 01:29:02
727,98,shipped,35992,EUR,2025-09-19 16:13:10,2025-10-12 00:10:09,2025-10-12 04:41:00
728,35,delivered,45992,GBP,2025-09-20 16:06:06,2025-10-01 20:00:33,2025-10-01 23:01:11
729,6,delivered,3999,EUR,2025-09-20 18:34:58,2025-09-21 02:11:40,2025-09-21 05:05:51
730,75,cancelled,39990,EUR,2025-09-20 19:37:50,2025-10-01 05:28:44,2025-10-01 10:47:56
731,4,delivered,69989,EUR,2025-09-20 22:23:19,2025-10-11 08:43:05,2025-10-11 09:48:23
732,93,shipped,32993,AUD,2025-09-21 13:09:30,2025-09-29 09:10:40,2025-09-29 11:16:37
733,150,paid,23994,EUR,2025-09-21 15:18:58,2025-10-19 11:57:15,2025-10-19 14:52:17
734,111,shipped,46489,EUR,2025-09-21 21:45:38,2025-10-15 08:14:03,2025-10-15 13:27:30
735,169,delivered,1999,EUR,2025-09-22 00:01:05,2025-10-11 10:59:28,2025-10-11 16:59:10
736,69,refunded,17495,EUR,2025-09-22 04:23:00,2025-10-12 18:06:16,2025-10-12 21:25:20
737,140,delivered,13994,EUR,2025-09-22 05:11:32,2025-10-22 00:51:11,2025-10-22 04:50:27
738,35,delivered,48487,GBP,2025-09-22 11:15:07,2025-10-13 04:04:48,2025-10-13 08:20:04
739,153,delivered,59988,USD,2025-09-23 01:16:50,2025-10-16 18:36:48,2025-10-17 00:14:51
740,16,delivered,10995,EUR,2025-09-23 13:38:57,2025-09-25 18:35:35,2025-09-25 21:39:47
741,5,cancelled,7996,USD,2025-09-24 11:42:20,2025-10-08 07:27:35,2025-10-08 10:07:54
742,186,cancelled,17998,EUR,2025-09-24 17:14:26,2025-10-14 03:08:37,2025-10-14 05:38:58
743,35,pending,2999,GBP,2025-09-24 20:07:16,2025-10-22 00:35:58,2025-10-22 04:28:57
744,172,delivered,11498,AUD,2025-09-25 02:32:01,2025-10-16 20:12:15,2025-10-17 01:27:58
745,85,paid,49986,EUR,2025-09-25 09:55:21,2025-10-15 11:23:58,2025-10-15 16:23:31
746,122,delivered,20991,GBP,2025-09-25 19:33:01,2025-10-17 02:56:05,2025-10-17 05:19:46
747,98,shipped,7497,EUR,2025-09-26 15:01:31,2025-10-03 14:30:27,2025-10-03 17:15:43
748,190,paid,2999,EUR,2025-09-26 20:28:57,2025-10-07 10:16:52,2025-10-07 14:00:27
749,190,delivered,34990,EUR,2025-09-27 09:01:52,2025-10-05 00:31:23,2025-10-05 06:18:14
750,58,paid,21996,EUR,2025-09-27 13:21:58,2025-10-26 13:00:56,2025-10-26 16:28:12
751,172,shipped,17997,AUD,2025-09-27 14:40:42,2025-10-09 09:26:08,2025-10-09 12:50:59
752,150,delivered,10497,EUR,2025-09-28 11:15:30,2025-10-09 06:34:19,2025-10-09 07:40:14
753,98,delivered,7998,EUR,2025-09-28 16:42:31,2025-10-01 07:42:55,2025-10-01 09:10:55
754,8,delivered,26994,USD,2025-09-28 16:54:29,2025-10-23 14:36:40,2025-10-23 16:07:17
755,168,shipped,63491,EUR,2025-09-29 05:02:28,2025-10-20 06:11:44,2025-10-20 11:21:12
756,125,paid,61991,GBP,2025-09-29 13:54:34,2025-10-07 19:08:10,2025-10-07 23:35:27
757,71,shipped,9996,EUR,2025-09-29 20:20:15,2025-10-13 20:21:26,2025-10-13 23:49:36
758,62,delivered,24992,EUR,2025-09-30 19:40:00,2025-10-17 23:39:33,2025-10-18 02:08:57
759,69,paid,15994,EUR,2025-09-30 23:34:32,2025-10-21 10:35:10,2025-10-21 13:13:37
760,85,delivered,11996,EUR,2025-10-01 08:49:43,2025-10-04 10:48:30,2025-10-04 15:12:25
761,98,delivered,19994,EUR,2025-10-01 11:31:46,2025-10-08 20:30:58,2025-10-09 02:02:02
762,10,delivered,5998,EUR,2025-10-02 04:06:13,2025-10-12 21:43:43,2025-10-13 00:52:55
763,168,delivered,28994,EUR,2025-10-02 04:19:07,2025-10-09 18:18:23,2025-10-09 21:26:44
764,169,delivered,1999,EUR,2025-10-02 06:29:13,2025-10-15 16:18:19,2025-10-15 18:22:11
765,9,shipped,75985,EUR,2025-10-02 06:40:06,2025-10-10 20:34:48,2025-10-11 00:29:43
766,116,shipped,13995,EUR,2025-10-03 14:42:16,2025-10-08 16:45:14,2025-10-08 21:37:02
767,151,shipped,89984,EUR,2025-10-03 21:29:57,2025-10-29 14:32:50,2025-10-29 20:00:39
768,169,refunded,22992,EUR,2025-10-04 09:24:24,2025-10-15 02:10:57,2025-10-15 03:23:46
769,10,shipped,17991,EUR,2025-10-04 14:28:59,2025-10-27 14:13:44,2025-10-27 19:24:10
770,6,delivered,5998,EUR,2025-10-04 18:29:21,2025-11-02 23:56:33,2025-11-03 01:31:29
771,1,shipped,26994,AUD,2025-10-05 01:04:59,2025-10-09 23:31:37,2025-10-10 03:10:13
772,48,delivered,6497,EUR,2025-10-05 05:50:07,2025-10-31 23:00:04,2025-11-01 02:07:40
773,91,delivered,29488,EUR,2025-10-05 05:53:23,2025-10-24 20:07:59,2025-10-24 21:36:08
774,151,delivered,41994,EUR,2025-10-05 19:32:41,2025-10-14 19:33:52,2025-10-14 23:09:08
775,116,paid,12497,EUR,2025-10-06 05:44:34,2025-11-02 12:32:36,2025-11-02 15:44:11
776,37,shipped,20494,CAD,2025-10-06 06:01:23,2025-10-13 01:03:16,2025-10-13 06:48:34
777,153,delivered,8999,USD,2025-10-06 16:47:57,2025-10-20 06:58:29,2025-10-20 11:19:41
778,6,delivered,38992,EUR,2025-10-07 13:16:59,2025-10-12 04:07:20,2025-10-12 07:30:49
779,58,shipped,23993,EUR,2025-10-07 17:02:44,2025-10-25 22:48:05,2025-10-26 01:36:47
780,90,paid,44494,CAD,2025-10-07 20:58:47,2025-10-09 18:07:28,2025-10-09 20:17:04
781,82,refunded,39996,USD,2025-10-08 01:34:33,2025-10-15 11:45:55,2025-10-15 14:33:31
782,151,cancelled,45987,EUR,2025-10-08 02:21:17,2025-10-15 16:07:31,2025-10-15 20:03:51
783,6,cancelled,17997,EUR,2025-10-08 15:31:40,2025-10-16 01:24:46,2025-10-16 06:00:07
784,154,paid,62990,CAD,2025-10-09 03:46:53,2025-11-02 13:10:19,2025-11-02 14:27:07
785,8,pending,21994,USD,2025-10-09 09:49:11,2025-10-29 10:55:18,2025-10-29 16:52:24
786,148,cancelled,40993,EUR,2025-10-09 12:39:05,2025-10-29 09:29:01,2025-10-29 14:21:23
787,48,refunded,35996,EUR,2025-10-10 08:07:41,2025-10-27 15:21:13,2025-10-27 19:57:29
788,57,pending,36993,EUR,2025-10-10 15:14:24,2025-10-12 15:53:11,2025-10-12 18:52:55
789,37,shipped,20494,CAD,2025-10-11 05:36:51,2025-10-24 17:24:59,2025-10-24 18:45:14
790,91,delivered,22492,EUR,2025-10-11 19:11:19,2025-10-31 01:40:35,2025-10-31 04:55:02
791,116,delivered,14996,EUR,2025-10-12 07:56:27,2025-11-11 02:07:13,2025-11-11 08:00:27
792,137,shipped,50989,EUR,2025-10-12 10:33:51,2025-10-29 10:40:50,2025-10-29 16:06:41
793,136,paid,64990,EUR,2025-10-12 11:33:34,2025-10-19 04:03:37,2025-10-19 06:33:31
794,168,delivered,26997,EUR,2025-10-12 13:32:28,2025-11-01 21:55:05,2025-11-02 01:06:44
795,137,refunded,23995,EUR,2025-10-13 17:49:00,2025-10-18 13:29:22,2025-10-18 17:21:17
796,174,refunded,62985,EUR,2025-10-13 19:04:23,2025-10-18 01:14:26,2025-10-18 04:28:23
797,151,delivered,53987,EUR,2025-10-14 10:45:47,2025-10-26 23:34:23,2025-10-27 02:52:27
798,1,shipped,28992,AUD,2025-10-14 17:13:21,2025-10-31 22:19:48,2025-11-01 02:49:24
799,169,delivered,29993,EUR,2025-10-15 12:40:22,2025-11-11 08:21:33,2025-11-11 11:32:57
800,6,shipped,44990,EUR,2025-10-15 18:42:55,2025-10-25 21:55:16,2025-10-25 23:00:29
801,99,paid,16995,EUR,2025-10-15 21:46:24,2025-10-18 05:16:05,2025-10-18 06:37:28
802,3,delivered,9997,EUR,2025-10-16 00:35:53,2025-11-06 11:35:57,2025-11-06 13:30:32
803,7,delivered,17493,EUR,2025-10-16 04:41:04,2025-11-14 02:31:03,2025-11-14 06:36:28
804,158,paid,26990,EUR,2025-10-17 00:05:59,2025-10-24 13:28:29,2025-10-24 15:58:05
805,168,delivered,40992,EUR,2025-10-17 01:10:35,2025-11-08 19:34:16,2025-11-08 20:36:25
806,169,delivered,9998,EUR,2025-10-18 09:32:47,2025-10-30 05:30:58,2025-10-30 06:58:14
807,16,refunded,74987,EUR,2025-10-18 11:20:20,2025-10-27 04:05:24,2025-10-27 07:51:59
808,50,delivered,26992,GBP,2025-10-19 05:38:55,2025-10-20 12:53:06,2025-10-20 14:36:42
809,160,delivered,73985,EUR,2025-10-19 08:09:05,2025-10-24 03:37:05,2025-10-24 06:10:38
810,111,delivered,15997,EUR,2025-10-19 10:52:50,2025-11-05 11:01:39,2025-11-05 16:05:43
811,4,delivered,73989,EUR,2025-10-19 15:03:38,2025-10-20 11:43:01,2025-10-20 14:45:16
812,148,delivered,49990,EUR,2025-10-20 15:19:00,2025-11-01 23:09:49,2025-11-02 03:58:17
813,98,delivered,21992,EUR,2025-10-20 19:01:04,2025-10-30 14:24:41,2025-10-30 18:31:28
814,37,paid,11996,CAD,2025-10-20 20:08:41,2025-11-06 00:26:48,2025-11-06 06:15:57
815,136,delivered,5999,EUR,2025-10-20 23:15:22,2025-10-26 19:03:53,2025-10-27 01:03:36
816,194,delivered,2499,EUR,2025-10-21 03:13:55,2025-11-17 08:08:15,2025-11-17 13:49:04
817,58,paid,26997,EUR,2025-10-21 05:51:28,2025-11-08 20:46:32,2025-11-09 00:45:36
818,35,shipped,26494,GBP,2025-10-21 19:03:29,2025-11-02 13:26:42,2025-11-02 18:12:31
819,4,shipped,32495,EUR,2025-10-21 20:15:51,2025-11-09 20:15:43,2025-11-10 01:44:58
820,4,delivered,8496,EUR,2025-10-22 00:50:44,2025-11-07 04:22:46,2025-11-07 09:14:25
821,190,cancelled,8999,EUR,2025-10-22 23:37:36,2025-11-18 05:16:51,2025-11-18 07:33:14
822,175,delivered,48991,EUR,2025-10-23 01:04:24,2025-10-24 13:00:57,2025-10-24 15:32:08
823,153,delivered,24992,USD,2025-10-23 02:10:58,2025-11-18 23:03:46,2025-11-19 03:39:19
824,190,pending,15994,EUR,2025-10-23 18:21:07,2025-11-10 17:30:42,2025-11-10 21:46:53
825,175,delivered,17494,EUR,2025-10-24 06:20:25,2025-11-19 21:29:41,2025-11-20 03:24:06
826,190,cancelled,11996,EUR,2025-10-24 15:55:25,2025-11-16 09:35:07,2025-11-16 10:59:11
827,90,paid,26995,CAD,2025-10-25 09:12:51,2025-11-02 08:18:20,2025-11-02 12:17:40
828,4,delivered,13496,EUR,2025-10-25 09:40:18,2025-11-05 14:09:04,2025-11-05 19:06:52
829,136,pending,1999,EUR,2025-10-25 23:19:15,2025-11-12 17:17:33,2025-11-12 21:51:28
830,153,shipped,12998,USD,2025-10-26 00:15:56,2025-10-29 02:46:09,2025-10-29 06:19:14
831,138,delivered,10997,EUR,2025-10-26 02:21:26,2025-11-04 04:49:11,2025-11-04 07:14:32
832,9,refunded,13496,EUR,2025-10-26 04:17:07,2025-11-19 19:17:10,2025-11-19 21:17:39
833,111,shipped,39995,EUR,2025-10-26 07:43:52,2025-11-09 08:46:40,2025-11-09 14:43:02
834,153,delivered,5999,USD,2025-10-27 02:13:37,2025-11-04 08:05:48,2025-11-04 12:35:43
835,187,pending,8996,USD,2025-10-27 03:38:48,2025-11-08 04:58:55,2025-11-08 10:15:18
836,99,paid,15996,EUR,2025-10-27 07:16:38,2025-11-08 04:51:28,2025-11-08 07:56:03
837,160,refunded,94984,EUR,2025-10-27 07:41:11,2025-11-13 15:02:49,2025-11-13 19:35:44
838,140,delivered,16993,EUR,2025-10-27 13:27:34,2025-10-28 23:54:51,2025-10-29 04:20:42
839,4,cancelled,71986,EUR,2025-10-28 02:23:40,2025-11-04 02:34:21,2025-11-04 03:46:23
840,150,delivered,36490,EUR,2025-10-28 02:32:10,2025-11-26 07:27:06,2025-11-26 11:01:30
841,40,delivered,19493,EUR,2025-10-29 05:19:15,2025-11-12 18:13:16,2025-11-12 22:26:54
842,175,shipped,39489,EUR,2025-10-29 17:31:09,2025-11-23 20:31:47,2025-11-23 23:41:04
843,190,delivered,86989,EUR,2025-10-30 08:36:42,2025-11-12 08:49:54,2025-11-12 13:58:01
844,3,shipped,96988,EUR,2025-10-30 10:40:59,2025-11-04 07:17:20,2025-11-04 09:10:58
845,89,paid,36490,EUR,2025-10-30 11:52:35,2025-11-14 10:41:02,2025-11-14 12:36:42
846,6,delivered,15995,EUR,2025-10-30 22:16:20,2025-11-25 08:52:32,2025-11-25 13:10:15
847,111,paid,3999,EUR,2025-10-31 09:49:05,2025-11-08 04:01:26,2025-11-08 06:11:12
848,37,delivered,24490,CAD,2025-10-31 18:12:34,2025-11-14 23:45:29,2025-11-15 03:14:53
849,75,shipped,74986,EUR,2025-10-31 22:26:30,2025-11-27 04:49:56,2025-11-27 09:00:39
850,112,pending,65487,AUD,2025-11-01 11:23:40,2025-11-04 21:16:02,2025-11-05 00:11:51
851,13,shipped,39992,EUR,2025-11-01 17:04:00,2025-11-28 23:11:36,2025-11-29 00:24:31
852,1,delivered,6998,AUD,2025-11-02 04:39:03,2025-11-30 23:01:33,2025-12-01 00:45:01
853,6,delivered,11998,EUR,2025-11-02 06:51:45,2025-11-05 10:22:03,2025-11-05 14:24:49
854,82,refunded,53990,USD,2025-11-02 17:29:47,2025-11-16 20:15:44,2025-11-17 00:53:28
855,148,delivered,11999,EUR,2025-11-03 08:00:21,2025-11-10 11:37:58,2025-11-10 16:41:31
856,148,delivered,15994,EUR,2025-11-03 18:53:42,2025-11-19 04:00:56,2025-11-19 09:24:03
857,46,paid,44990,EUR,2025-11-04 00:54:58,2025-11-16 20:18:36,2025-11-16 22:33:59
858,153,refunded,5999,USD,2025-11-04 13:17:54,2025-11-15 09:20:21,2025-11-15 10:48:39
859,62,delivered,34992,EUR,2025-11-04 16:14:58,2025-12-02 00:37:03,2025-12-02 05:46:31
860,186,shipped,11995,EUR,2025-11-04 20:04:39,2025-12-01 21:11:48,2025-12-02 01:39:13
861,10,delivered,7997,EUR,2025-11-04 20:27:24,2025-11-18 20:13:11,2025-11-18 21:30:08
862,62,delivered,3999,EUR,2025-11-04 23:01:38,2025-11-11 20:01:14,2025-11-12 00:01:05
863,13,paid,23998,EUR,2025-11-05 02:17:21,2025-12-03 10:10:46,2025-12-03 13:56:48
864,16,shipped,25995,EUR,2025-11-05 10:16:31,2025-12-04 17:08:22,2025-12-04 22:26:28
865,154,shipped,26997,CAD,2025-11-05 10:18:20,2025-11-17 14:50:23,2025-11-17 19:13:31
866,46,paid,5997,EUR,2025-11-05 16:05:25,2025-11-18 05:54:04,2025-11-18 08:44:09
867,4,delivered,73988,EUR,2025-11-06 05:48:26,2025-11-30 00:15:38,2025-11-30 03:57:22
868,13,refunded,5998,EUR,2025-11-06 15:05:09,2025-11-30 12:35:01,2025-11-30 17:46:58
869,37,paid,21492,CAD,2025-11-06 17:40:10,2025-11-16 09:54:03,2025-11-16 14:38:14
870,84,delivered,17994,EUR,2025-11-06 20:09:10,2025-11-22 13:18:32,2025-11-22 14:58:54
871,168,delivered,4498,EUR,2025-11-07 05:36:33,2025-11-24 22:20:06,2025-11-25 01:45:33
872,168,pending,38990,EUR,2025-11-07 20:11:23,2025-12-07 17:23:18,2025-12-07 22:49:27
873,13,paid,11996,EUR,2025-11-07 20:12:13,2025-11-29 03:22:56,2025-11-29 07:45:21
874,174,refunded,41992,EUR,2025-11-08 21:51:13,2025-12-01 11:07:01,2025-12-01 15:14:26
875,143,paid,14495,USD,2025-11-08 22:44:21,2025-11-21 18:42:46,2025-11-21 22:11:29
876,57,pending,3499,EUR,2025-11-09 00:19:14,2025-11-09 00:41:02,2025-11-09 02:17:15
877,9,shipped,2999,EUR,2025-11-09 12:22:46,2025-12-03 16:31:27,2025-12-03 22:01:45
878,37,paid,5997,CAD,2025-11-09 12:47:23,2025-11-10 04:41:03,2025-11-10 06:55:08
879,136,delivered,6999,EUR,2025-11-09 20:05:45,2025-11-10 19:58:49,2025-11-11 00:51:36
880,143,shipped,17998,USD,2025-11-10 06:54:18,2025-11-28 01:59:56,2025-11-28 04:55:34
881,48,pending,32995,EUR,2025-11-10 23:55:32,2025-11-14 11:08:03,2025-11-14 13:10:34
882,151,delivered,28493,EUR,2025-11-11 01:12:55,2025-12-04 08:00:59,2025-12-04 13:16:43
883,58,shipped,40995,EUR,2025-11-11 01:46:47,2025-11-24 04:49:54,2025-11-24 05:50:09
884,93,shipped,42991,AUD,2025-11-11 19:47:08,2025-11-30 07:07:01,2025-11-30 11:07:57
885,10,refunded,8997,EUR,2025-11-12 00:29:24,2025-11-18 21:57:09,2025-11-19 03:52:47
886,84,delivered,11996,EUR,2025-11-12 01:31:14,2025-12-06 05:23:42,2025-12-06 11:00:14
887,187,refunded,7497,USD,2025-11-12 11:57:16,2025-11-20 05:35:13,2025-11-20 09:14:16
888,50,delivered,17997,GBP,2025-11-12 19:07:46,2025-11-21 22:08:07,2025-11-22 00:51:33
889,116,paid,58988,EUR,2025-11-13 05:33:37,2025-11-22 05:32:16,2025-11-22 11:02:07
890,34,delivered,35996,EUR,2025-11-13 14:49:15,2025-12-02 11:34:43,2025-12-02 13:40:21
891,164,delivered,17998,EUR,2025-11-14 07:18:35,2025-12-05 06:23:53,2025-12-05 10:44:52
892,16,delivered,15995,EUR,2025-11-14 09:06:02,2025-11-20 07:36:25,2025-11-20 11:57:16
893,172,delivered,15993,AUD,2025-11-14 19:07:37,2025-11-26 04:50:38,2025-11-26 09:07:30
894,75,delivered,50992,EUR,2025-11-15 06:49:34,2025-12-01 22:58:43,2025-12-02 04:17:09
895,160,pending,4998,EUR,2025-11-15 07:32:53,2025-12-07 06:33:18,2025-12-07 08:44:39
896,48,shipped,20491,EUR,2025-11-15 08:53:09,2025-12-03 11:52:59,2025-12-03 17:52:30
897,82,delivered,39492,USD,2025-11-16 07:32:32,2025-12-13 00:58:48,2025-12-13 04:59:13
898,158,delivered,21992,EUR,2025-11-16 14:53:53,2025-11-21 01:27:28,2025-11-21 07:12:05
899,6,delivered,17496,EUR,2025-11-17 00:04:10,2025-12-06 06:46:20,2025-12-06 10:20:28
900,38,cancelled,47996,EUR,2025-11-17 18:16:38,2025-11-23 04:38:32,2025-11-23 06:24:46
901,90,shipped,32995,CAD,2025-11-17 20:10:23,2025-11-29 14:38:30,2025-11-29 19:33:30
902,58,delivered,1999,EUR,2025-11-18 06:45:15,2025-12-10 23:59:39,2025-12-11 01:27:18
903,70,shipped,18992,EUR,2025-11-18 22:52:34,2025-11-26 19:51:22,2025-11-26 22:21:06
904,9,cancelled,46991,EUR,2025-11-18 23:24:50,2025-12-10 04:38:49,2025-12-10 08:41:37
905,7,delivered,7997,EUR,2025-11-19 13:32:48,2025-12-18 01:58:58,2025-12-18 03:47:12
906,10,paid,31489,EUR,2025-11-19 15:48:16,2025-11-24 09:09:24,2025-11-24 10:57:20
907,84,shipped,16994,EUR,2025-11-20 00:41:57,2025-11-28 11:21:26,2025-11-28 16:23:18
908,168,paid,57990,EUR,2025-11-20 04:22:16,2025-12-18 12:28:10,2025-12-18 15:23:17
909,4,pending,30993,EUR,2025-11-21 05:42:29,2025-11-22 07:00:36,2025-11-22 12:37:28
910,138,paid,68985,EUR,2025-11-21 13:59:37,2025-11-30 13:08:31,2025-11-30 15:21:09
911,34,delivered,31992,EUR,2025-11-22 04:10:05,2025-12-07 11:49:33,2025-12-07 17:40:22
912,150,paid,39992,EUR,2025-11-22 08:59:13,2025-12-15 16:36:18,2025-12-15 19:15:55
913,136,delivered,20998,EUR,2025-11-23 06:49:50,2025-12-21 16:00:32,2025-12-21 18:58:33
914,172,paid,88483,AUD,2025-11-23 12:57:50,2025-12-15 00:04:29,2025-12-15 05:05:29
915,1,shipped,2999,AUD,2025-11-23 13:18:18,2025-12-13 22:11:33,2025-12-14 03:20:45
916,169,shipped,34490,EUR,2025-11-24 01:47:51,2025-12-12 14:45:48,2025-12-12 16:09:02
917,153,refunded,1999,USD,2025-11-24 10:29:25,2025-12-09 11:06:03,2025-12-09 13:04:44
918,34,paid,15496,EUR,2025-11-25 13:16:12,2025-12-09 13:59:17,2025-12-09 19:18:06
919,137,delivered,42492,EUR,2025-11-25 13:45:03,2025-12-12 16:40:54,2025-12-12 18:05:23
920,160,delivered,42991,EUR,2025-11-25 19:31:50,2025-12-11 20:37:42,2025-12-12 01:51:31
921,138,paid,54989,EUR,2025-11-26 03:25:35,2025-12-13 18:52:06,2025-12-13 22:49:09
922,48,delivered,53986,EUR,2025-11-26 04:26:37,2025-12-15 01:26:15,2025-12-15 02:47:02
923,37,delivered,46992,CAD,2025-11-26 20:54:27,2025-11-30 10:04:15,2025-11-30 13:40:06
924,143,delivered,18492,USD,2025-11-26 23:36:03,2025-12-01 01:51:21,2025-12-01 03:58:35
925,48,delivered,14997,EUR,2025-11-27 00:44:08,2025-12-10 15:13:51,2025-12-10 18:39:36
926,82,pending,14993,USD,2025-11-27 15:05:39,2025-12-17 21:48:56,2025-12-17 23:24:46
927,93,paid,35992,AUD,2025-11-28 03:06:16,2025-12-25 17:47:39,2025-12-25 22:09:14
928,151,delivered,25491,EUR,2025-11-28 13:30:37,2025-12-23 21:14:14,2025-12-24 01:25:59
929,99,shipped,23995,EUR,2025-11-28 19:10:52,2025-12-24 01:47:09,2025-12-24 06:50:26
930,125,shipped,10497,GBP,2025-11-29 02:15:38,2025-12-03 21:33:34,2025-12-04 01:49:03
931,158,delivered,28491,EUR,2025-11-29 07:40:13,2025-12-29 02:59:29,2025-12-29 06:28:52
932,69,refunded,3499,EUR,2025-11-29 09:03:51,2025-12-09 21:11:07,2025-12-09 23:38:43
933,138,paid,70991,EUR,2025-11-30 00:47:22,2025-12-17 07:33:50,2025-12-17 09:49:16
934,40,delivered,12994,EUR,2025-11-30 01:46:49,2025-12-24 10:48:53,2025-12-24 13:29:11
935,13,shipped,14495,EUR,2025-11-30 11:39:19,2025-12-23 19:51:30,2025-12-23 22:09:17
936,40,cancelled,69991,EUR,2025-11-30 15:39:38,2025-12-27 06:03:08,2025-12-27 11:53:53
937,14,shipped,22493,EUR,2025-11-30 17:04:15,2025-12-27 15:45:51,2025-12-27 18:48:28
938,148,delivered,89989,EUR,2025-11-30 17:08:51,2025-12-07 04:31:52,2025-12-07 05:43:29
939,194,paid,54992,EUR,2025-12-01 02:17:54,2025-12-02 07:50:32,2025-12-02 12:25:35
940,153,shipped,18994,USD,2025-12-01 11:50:33,2025-12-09 11:18:41,2025-12-09 12:55:37
941,153,refunded,8999,USD,2025-12-02 01:42:17,2025-12-18 18:24:06,2025-12-18 22:31:39
942,175,delivered,37490,EUR,2025-12-02 01:48:19,2025-12-12 23:59:25,2025-12-13 05:17:15
943,12,delivered,12495,CAD,2025-12-02 22:15:41,2025-12-19 08:49:11,2025-12-19 10:55:29
944,89,delivered,39990,EUR,2025-12-03 10:16:55,2025-12-23 07:46:21,2025-12-23 12:53:34
945,4,refunded,29991,EUR,2025-12-03 18:33:03,2025-12-19 01:15:49,2025-12-19 03:25:05
946,125,paid,8999,GBP,2025-12-04 14:13:26,2025-12-10 22:15:40,2025-12-11 02:14:47
947,14,shipped,11996,EUR,2025-12-04 18:25:46,2025-12-05 11:23:47,2025-12-05 16:32:05
948,4,paid,50986,EUR,2025-12-04 20:04:06,2025-12-10 00:31:09,2025-12-10 02:17:20
949,58,shipped,72986,EUR,2025-12-05 04:28:06,2025-12-18 12:18:10,2025-12-18 13:24:21
950,34,delivered,17998,EUR,2025-12-05 07:07:31,2026-01-03 22:33:21,2026-01-04 01:30:34
951,160,shipped,18993,EUR,2025-12-05 08:01:28,2025-12-23 19:35:16,2025-12-23 23:17:26
952,116,pending,51994,EUR,2025-12-05 11:43:29,2026-01-01 16:04:24,2026-01-01 19:51:55
953,45,delivered,6998,EUR,2025-12-06 09:18:53,2026-01-01 17:48:04,2026-01-01 21:38:40
954,7,delivered,26994,EUR,2025-12-06 23:16:50,2025-12-15 23:44:59,2025-12-16 01:11:36
955,48,delivered,61987,EUR,2025-12-07 17:38:44,2025-12-14 06:33:40,2025-12-14 08:38:06
956,131,paid,11498,CAD,2025-12-07 19:59:05,2026-01-04 06:49:57,2026-01-04 10:05:08
957,99,delivered,47992,EUR,2025-12-08 04:26:00,2025-12-11 02:44:01,2025-12-11 05:00:47
958,160,cancelled,10997,EUR,2025-12-08 07:39:28,2025-12-21 01:25:27,2025-12-21 05:51:44
959,17,delivered,25491,GBP,2025-12-08 08:11:29,2025-12-29 12:05:54,2025-12-29 14:27:01
960,99,delivered,42990,EUR,2025-12-08 13:50:24,2025-12-26 14:11:08,2025-12-26 16:33:45
961,14,shipped,41994,EUR,2025-12-08 22:45:17,2025-12-26 13:53:38,2025-12-26 18:59:29
962,148,delivered,20491,EUR,2025-12-09 04:50:26,2026-01-04 04:51:30,2026-01-04 07:18:32
963,116,paid,35993,EUR,2025-12-09 10:01:30,2025-12-31 19:04:21,2025-12-31 21:31:44
964,161,delivered,51988,EUR,2025-12-10 05:07:27,2025-12-24 17:35:23,2025-12-24 23:23:29
965,84,delivered,15995,EUR,2025-12-10 06:05:12,2025-12-21 09:52:28,2025-12-21 11:14:06
966,154,refunded,21993,CAD,2025-12-10 14:55:39,2025-12-28 14:52:11,2025-12-28 18:10:41
967,6,delivered,2999,EUR,2025-12-10 18:57:17,2025-12-29 05:07:50,2025-12-29 07:08:43
968,35,delivered,17998,GBP,2025-12-10 19:23:49,2025-12-20 12:49:29,2025-12-20 17:52:06
969,58,paid,37993,EUR,2025-12-11 20:48:16,2025-12-30 01:58:07,2025-12-30 06:24:15
970,174,delivered,5998,EUR,2025-12-11 22:59:23,2025-12-17 06:58:14,2025-12-17 08:57:35
971,90,paid,43489,CAD,2025-12-11 23:13:31,2026-01-05 19:19:18,2026-01-05 20:36:16
972,187,delivered,41493,USD,2025-12-12 15:02:48,2025-12-13 06:02:56,2025-12-13 11:22:42
973,62,paid,19493,EUR,2025-12-12 21:33:44,2026-01-01 04:29:48,2026-01-01 08:32:57
974,113,paid,5498,USD,2025-12-13 05:01:31,2025-12-31 04:28:21,2025-12-31 06:10:04
975,116,paid,16994,EUR,2025-12-13 05:46:06,2026-01-08 12:33:50,2026-01-08 14:02:11
976,153,paid,11495,USD,2025-12-13 16:18:20,2025-12-30 14:06:36,2025-12-30 15:28:45
977,98,delivered,51490,EUR,2025-12-14 01:27:01,2025-12-25 21:08:36,2025-12-25 22:39:44
978,34,delivered,14996,EUR,2025-12-14 10:25:18,2026-01-06 15:38:12,2026-01-06 21:04:23
979,168,delivered,5998,EUR,2025-12-14 18:03:52,2025-12-28 05:16:09,2025-12-28 06:31:39
980,164,refunded,43995,EUR,2025-12-15 01:53:04,2026-01-03 05:47:16,2026-01-03 10:42:10
981,8,delivered,10497,USD,2025-12-15 02:46:27,2026-01-06 08:55:13,2026-01-06 13:01:20
982,143,cancelled,10996,USD,2025-12-15 09:47:43,2025-12-22 10:14:23,2025-12-22 12:55:51
983,85,delivered,45988,EUR,2025-12-16 04:49:21,2026-01-05 11:36:06,2026-01-05 13:16:43
984,45,paid,52988,EUR,2025-12-16 07:02:48,2026-01-05 16:58:59,2026-01-05 21:39:40
985,46,delivered,31989,EUR,2025-12-16 18:10:27,2026-01-03 08:13:42,2026-01-03 10:33:09
986,37,refunded,5997,CAD,2025-12-16 22:04:36,2026-01-05 20:54:24,2026-01-06 02:17:45
987,164,cancelled,34491,EUR,2025-12-17 04:43:01,2026-01-12 16:57:22,2026-01-12 20:18:12
988,90,paid,52985,CAD,2025-12-17 13:56:45,2026-01-14 03:52:54,2026-01-14 05:30:55
989,14,shipped,11995,EUR,2025-12-18 02:07:12,2025-12-20 14:36:04,2025-12-20 16:23:42
990,92,shipped,8999,USD,2025-12-18 07:47:12,2025-12-30 07:17:01,2025-12-30 09:08:13
991,116,delivered,18494,EUR,2025-12-18 17:34:20,2026-01-02 08:32:46,2026-01-02 11:13:27
992,194,delivered,47492,EUR,2025-12-19 09:35:34,2025-12-31 13:18:26,2025-12-31 18:50:34
993,112,paid,9996,AUD,2025-12-19 19:02:14,2026-01-05 19:55:54,2026-01-06 01:06:41
994,16,delivered,44990,EUR,2025-12-19 20:59:00,2025-12-23 22:33:00,2025-12-24 04:08:29
995,75,delivered,11996,EUR,2025-12-20 02:35:25,2026-01-14 09:14:34,2026-01-14 13:21:03
996,71,shipped,96985,EUR,2025-12-20 04:25:17,2025-12-26 12:11:37,2025-12-26 14:11:17
997,37,shipped,8997,CAD,2025-12-20 06:26:42,2026-01-01 11:40:05,2026-01-01 16:54:52
998,85,delivered,13996,EUR,2025-12-20 16:10:25,2025-12-25 10:50:39,2025-12-25 16:31:40
999,125,delivered,16995,GBP,2025-12-20 17:07:02,2026-01-02 07:53:09,2026-01-02 13:12:46
1000,46,delivered,3999,EUR,2025-12-21 06:41:09,2025-12-22 18:25:03,2025-12-22 19:38:09
1001,92,shipped,4999,USD,2025-12-21 15:17:15,2026-01-04 11:13:19,2026-01-04 13:58:31
1002,71,refunded,18992,EUR,2025-12-22 15:36:46,2026-01-11 16:22:27,2026-01-11 19:10:20
1003,103,paid,17998,AUD,2025-12-22 22:53:11,2025-12-24 23:09:46,2025-12-25 04:19:00
1004,140,paid,1999,EUR,2025-12-23 00:46:25,2025-12-29 05:22:54,2025-12-29 08:05:20
1005,125,delivered,3499,GBP,2025-12-23 07:05:42,2026-01-06 23:33:13,2026-01-07 04:19:41
1006,160,delivered,9995,EUR,2025-12-23 09:54:39,2026-01-02 15:21:34,2026-01-02 19:01:53
1007,103,delivered,76487,AUD,2025-12-24 10:10:31,2026-01-19 07:35:02,2026-01-19 10:12:14
1008,90,delivered,4998,CAD,2025-12-24 16:33:05,2026-01-16 17:21:37,2026-01-16 22:57:53
1009,111,refunded,72991,EUR,2025-12-25 02:25:12,2025-12-27 23:03:26,2025-12-28 00:43:44
1010,151,delivered,22993,EUR,2025-12-25 14:08:33,2026-01-16 06:31:01,2026-01-16 11:19:53
1011,57,pending,31495,EUR,2025-12-25 16:37:32,2025-12-29 00:20:52,2025-12-29 02:08:29
1012,161,shipped,22491,EUR,2025-12-25 20:26:17,2026-01-11 00:30:24,2026-01-11 04:54:19
1013,143,shipped,37995,USD,2025-12-26 00:20:58,2026-01-01 11:40:30,2026-01-01 15:24:04
1014,125,cancelled,83990,GBP,2025-12-26 01:38:10,2026-01-06 04:01:32,2026-01-06 09:16:32
1015,112,paid,17996,AUD,2025-12-26 02:26:31,2026-01-21 04:37:01,2026-01-21 07:22:29
1016,81,shipped,7996,USD,2025-12-26 09:39:34,2026-01-04 04:42:00,2026-01-04 09:42:15
1017,111,shipped,57489,EUR,2025-12-26 19:34:49,2026-01-16 12:14:55,2026-01-16 13:35:35
1018,51,shipped,11997,EUR,2025-12-27 00:23:50,2026-01-14 23:33:29,2026-01-15 03:31:26
1019,56,shipped,2499,EUR,2025-12-27 07:52:18,2026-01-02 22:51:21,2026-01-03 04:35:03
1020,82,paid,17994,USD,2025-12-28 13:45:52,2026-01-06 14:11:36,2026-01-06 19:35:57
1021,138,refunded,54989,EUR,2025-12-28 19:51:17,2026-01-06 04:52:16,2026-01-06 09:49:05
1022,150,delivered,34991,EUR,2025-12-29 06:37:52,2026-01-18 04:59:45,2026-01-18 08:26:05
1023,34,cancelled,33995,EUR,2025-12-29 08:39:10,2026-01-28 05:18:57,2026-01-28 06:27:23
1024,187,shipped,10497,USD,2025-12-29 15:37:39,2026-01-14 07:59:32,2026-01-14 12:08:28
1025,163,shipped,36989,EUR,2025-12-29 20:50:59,2026-01-08 18:25:13,2026-01-08 23:19:21
1026,158,pending,9996,EUR,2025-12-30 08:03:16,2026-01-21 17:34:47,2026-01-21 23:23:02
1027,75,refunded,27494,EUR,2025-12-30 19:56:27,2026-01-09 08:58:27,2026-01-09 13:14:33
1028,153,delivered,62993,USD,2025-12-30 21:44:23,2026-01-02 22:41:00,2026-01-03 04:10:29
1029,82,shipped,47988,USD,2025-12-30 23:54:45,2026-01-23 02:43:47,2026-01-23 08:30:21
1030,140,delivered,48488,EUR,2025-12-31 03:59:04,2026-01-25 13:14:07,2026-01-25 14:26:38
1031,158,shipped,38995,EUR,2025-12-31 04:05:35,2026-01-07 20:04:19,2026-01-07 23:24:42
1032,5,pending,14996,USD,2025-12-31 20:24:37,2026-01-19 09:39:10,2026-01-19 11:05:34
1033,81,shipped,32995,USD,2026-01-01 00:04:41,2026-01-23 08:17:35,2026-01-23 13:33:21
1034,5,cancelled,19492,USD,2026-01-01 07:29:04,2026-01-01 13:13:15,2026-01-01 16:14:56
1035,17,cancelled,30989,GBP,2026-01-01 11:55:09,2026-01-25 16:56:16,2026-01-25 21:34:04
1036,38,shipped,18994,EUR,2026-01-01 13:38:55,2026-01-04 19:20:49,2026-01-04 21:14:34
1037,93,paid,63488,AUD,2026-01-02 02:28:52,2026-01-09 07:08:24,2026-01-09 11:58:35
1038,138,delivered,70986,EUR,2026-01-02 09:24:30,2026-01-07 11:58:27,2026-01-07 17:57:40
1039,116,shipped,26990,EUR,2026-01-02 10:24:01,2026-01-22 06:18:17,2026-01-22 08:11:54
1040,9,delivered,64988,EUR,2026-01-03 00:36:43,2026-01-09 19:36:32,2026-01-09 21:50:41
1041,169,delivered,10496,EUR,2026-01-03 04:29:30,2026-01-17 07:38:35,2026-01-17 12:41:02
1042,61,shipped,5997,AUD,2026-01-03 12:07:37,2026-02-02 02:44:12,2026-02-02 06:36:11
1043,151,refunded,108983,EUR,2026-01-04 01:55:33,2026-01-20 06:08:31,2026-01-20 12:02:00
1044,111,paid,44995,EUR,2026-01-04 07:29:44,2026-01-07 06:16:43,2026-01-07 07:30:38
1045,14,pending,59991,EUR,2026-01-04 10:33:07,2026-01-08 10:16:07,2026-01-08 14:29:56
1046,7,paid,22494,EUR,2026-01-04 19:57:59,2026-01-20 21:55:02,2026-01-20 23:31:53
1047,34,delivered,92981,EUR,2026-01-05 02:19:09,2026-01-15 14:40:03,2026-01-15 16:04:20
1048,34,cancelled,8497,EUR,2026-01-05 22:59:51,2026-01-08 09:34:15,2026-01-08 11:42:09
1049,136,pending,51991,EUR,2026-01-06 04:22:48,2026-01-28 18:58:32,2026-01-29 00:13:17
1050,103,delivered,30995,AUD,2026-01-06 08:56:22,2026-01-07 19:09:35,2026-01-07 21:44:59
1051,143,refunded,7996,USD,2026-01-06 17:31:51,2026-01-10 10:10:23,2026-01-10 14:56:51
1052,148,cancelled,34493,EUR,2026-01-06 21:49:51,2026-01-15 00:07:42,2026-01-15 05:56:05
1053,137,delivered,16994,EUR,2026-01-07 02:42:06,2026-01-14 13:08:42,2026-01-14 17:54:50
1054,75,delivered,24493,EUR,2026-01-07 07:07:45,2026-01-20 22:53:52,2026-01-21 04:06:06
1055,23,delivered,30992,EUR,2026-01-07 17:30:39,2026-01-10 02:01:29,2026-01-10 03:23:32
1056,151,paid,41994,EUR,2026-01-08 02:11:23,2026-02-04 04:37:30,2026-02-04 06:23:18
1057,158,delivered,20997,EUR,2026-01-08 22:12:45,2026-01-26 14:34:14,2026-01-26 16:31:46
1058,34,paid,15493,EUR,2026-01-09 01:42:24,2026-01-13 14:03:21,2026-01-13 19:20:48
1059,48,delivered,54990,EUR,2026-01-09 07:30:09,2026-01-16 11:25:45,2026-01-16 14:37:01
1060,82,refunded,52990,USD,2026-01-09 21:16:23,2026-02-05 09:24:31,2026-02-05 13:43:44
1061,40,delivered,2499,EUR,2026-01-10 00:54:57,2026-01-26 19:20:06,2026-01-26 23:33:54
1062,125,delivered,21492,GBP,2026-01-10 08:33:00,2026-01-15 13:27:44,2026-01-15 16:17:59
1063,40,shipped,27996,EUR,2026-01-10 14:14:05,2026-01-11 09:48:25,2026-01-11 13:03:08
1064,6,pending,40993,EUR,2026-01-11 09:49:36,2026-02-06 04:09:44,2026-02-06 05:14:33
1065,98,shipped,17992,EUR,2026-01-11 11:25:56,2026-01-23 23:26:35,2026-01-24 02:08:09
1066,16,refunded,9995,EUR,2026-01-12 01:16:07,2026-01-13 22:59:02,2026-01-14 02:30:55
1067,13,paid,68492,EUR,2026-01-12 21:25:37,2026-01-16 03:54:13,2026-01-16 06:50:07
1068,7,delivered,23997,EUR,2026-01-13 00:37:42,2026-02-01 13:22:47,2026-02-01 14:44:55
1069,3,paid,28989,EUR,2026-01-13 14:38:47,2026-01-18 21:59:09,2026-01-19 01:03:10
1070,6,delivered,25495,EUR,2026-01-14 09:01:10,2026-02-10 01:09:02,2026-02-10 04:19:23
1071,131,delivered,59983,CAD,2026-01-14 13:43:02,2026-02-09 00:47:33,2026-02-09 05:07:40
1072,164,delivered,44994,EUR,2026-01-14 23:50:18,2026-02-12 09:33:05,2026-02-12 10:35:39
1073,40,delivered,5998,EUR,2026-01-15 02:46:25,2026-01-23 12:36:55,2026-01-23 14:32:44
1074,17,delivered,3998,GBP,2026-01-15 11:24:46,2026-02-02 03:21:43,2026-02-02 09:03:23
1075,117,delivered,49994,EUR,2026-01-15 13:27:48,2026-01-19 09:02:30,2026-01-19 12:19:44
1076,23,cancelled,32493,EUR,2026-01-15 18:49:30,2026-02-09 15:54:34,2026-02-09 17:48:42
1077,3,delivered,4999,EUR,2026-01-16 06:29:16,2026-02-12 08:23:49,2026-02-12 11:40:25
1078,169,delivered,50495,EUR,2026-01-16 23:39:33,2026-02-10 18:17:12,2026-02-10 23:32:04
1079,83,paid,14497,AUD,2026-01-17 07:25:26,2026-01-17 17:49:06,2026-01-17 20:07:23
1080,172,paid,26997,AUD,2026-01-17 16:05:45,2026-01-18 12:12:42,2026-01-18 13:31:03
1081,90,shipped,16993,CAD,2026-01-18 04:42:15,2026-01-24 09:57:24,2026-01-24 13:26:09
1082,81,paid,3999,USD,2026-01-18 18:53:30,2026-01-19 22:42:44,2026-01-20 03:33:24
1083,6,shipped,36992,EUR,2026-01-19 03:25:23,2026-01-20 15:02:57,2026-01-20 20:13:15
1084,69,shipped,23993,EUR,2026-01-19 04:03:36,2026-01-23 22:20:28,2026-01-23 23:54:32
1085,113,cancelled,22991,USD,2026-01-20 06:03:36,2026-01-28 07:12:23,2026-01-28 09:25:32
1086,62,shipped,8997,EUR,2026-01-20 11:40:07,2026-02-19 08:36:03,2026-02-19 10:34:29
1087,168,paid,17997,EUR,2026-01-20 19:15:07,2026-01-22 22:00:01,2026-01-23 03:17:12
1088,34,paid,31495,EUR,2026-01-21 03:12:49,2026-02-04 02:14:03,2026-02-04 03:47:44
1089,8,pending,77486,USD,2026-01-21 23:43:04,2026-02-14 11:42:01,2026-02-14 14:32:54
1090,9,shipped,27991,EUR,2026-01-22 01:28:40,2026-02-01 11:47:18,2026-02-01 14:48:35
1091,13,refunded,18493,EUR,2026-01-22 15:53:17,2026-01-24 19:41:26,2026-01-24 21:13:37
1092,6,shipped,5999,EUR,2026-01-23 01:19:47,2026-02-12 05:17:18,2026-02-12 07:52:30
1093,34,shipped,56493,EUR,2026-01-23 14:55:16,2026-02-11 17:01:14,2026-02-11 20:34:43
1094,113,shipped,23991,USD,2026-01-23 20:19:38,2026-01-28 12:46:59,2026-01-28 14:30:10
1095,145,delivered,5997,USD,2026-01-24 00:07:12,2026-01-30 03:57:06,2026-01-30 08:15:09
1096,16,refunded,53994,EUR,2026-01-24 18:12:04,2026-02-18 03:13:37,2026-02-18 08:44:43
1097,93,refunded,25993,AUD,2026-01-24 21:22:59,2026-02-08 00:36:53,2026-02-08 04:27:56
1098,65,pending,9996,AUD,2026-01-25 11:50:54,2026-02-23 21:13:51,2026-02-24 01:18:08
1099,6,paid,45992,EUR,2026-01-25 12:20:54,2026-02-20 01:31:34,2026-02-20 07:03:25
1100,125,paid,7996,GBP,2026-01-25 14:19:56,2026-02-21 08:36:57,2026-02-21 12:29:08
1101,37,delivered,14994,CAD,2026-01-26 02:44:09,2026-02-04 22:33:24,2026-02-05 02:47:28
1102,161,delivered,10497,EUR,2026-01-26 14:15:11,2026-02-06 10:44:27,2026-02-06 16:39:20
1103,153,refunded,40995,USD,2026-01-26 22:07:50,2026-02-10 14:01:29,2026-02-10 16:02:17
1104,92,paid,21990,USD,2026-01-27 13:49:42,2026-02-08 11:43:58,2026-02-08 17:02:42
1105,46,paid,9998,EUR,2026-01-27 17:10:52,2026-02-10 11:05:06,2026-02-10 16:25:15
1106,1,delivered,50493,AUD,2026-01-28 02:13:45,2026-02-14 05:56:41,2026-02-14 07:12:54
1107,150,paid,14994,EUR,2026-01-28 11:33:34,2026-02-16 16:46:53,2026-02-16 21:49:38
1108,90,delivered,14997,CAD,2026-01-29 02:36:05,2026-02-26 20:11:21,2026-02-26 22:53:37
1109,3,pending,25993,EUR,2026-01-29 14:20:30,2026-02-20 18:22:31,2026-02-20 22:33:21
1110,95,paid,51986,EUR,2026-01-30 04:08:39,2026-02-26 05:07:58,2026-02-26 07:21:39
1111,85,delivered,2999,EUR,2026-01-30 05:21:34,2026-02-26 09:48:20,2026-02-26 14:01:31
1112,93,shipped,12996,AUD,2026-01-30 10:21:42,2026-02-07 22:53:50,2026-02-08 01:22:12
1113,145,delivered,4998,USD,2026-01-31 01:28:46,2026-02-21 19:06:59,2026-02-21 20:43:39
1114,16,shipped,38995,EUR,2026-01-31 08:57:20,2026-02-03 11:09:02,2026-02-03 13:58:41
1115,5,refunded,17993,USD,2026-01-31 10:07:31,2026-02-02 18:04:12,2026-02-02 19:30:15
1116,85,cancelled,27992,EUR,2026-01-31 17:38:36,2026-03-01 17:28:12,2026-03-01 21:50:27
1117,174,delivered,57989,EUR,2026-01-31 23:39:16,2026-02-09 21:49:49,2026-02-10 00:22:21
1118,62,delivered,25990,EUR,2026-02-01 04:16:03,2026-02-16 21:51:58,2026-02-17 00:34:19
1119,92,delivered,5998,USD,2026-02-01 10:02:56,2026-02-07 10:31:36,2026-02-07 14:52:09
1120,164,delivered,15996,EUR,2026-02-01 22:02:07,2026-02-27 19:03:54,2026-02-28 00:40:45
1121,125,delivered,13496,GBP,2026-02-01 22:31:01,2026-02-07 23:28:50,2026-02-08 00:45:43
1122,13,shipped,35997,EUR,2026-02-02 05:18:22,2026-02-26 20:25:05,2026-02-26 23:50:56
1123,137,delivered,26497,EUR,2026-02-02 06:31:30,2026-02-22 10:32:12,2026-02-22 11:41:25
1124,14,paid,8996,EUR,2026-02-02 14:13:28,2026-02-11 18:00:36,2026-02-11 23:59:58
1125,117,pending,21997,EUR,2026-02-03 12:15:23,2026-02-26 15:53:53,2026-02-26 21:10:54
1126,99,shipped,8997,EUR,2026-02-03 13:28:30,2026-02-26 15:14:20,2026-02-26 19:32:06
1127,111,delivered,61488,EUR,2026-02-04 03:27:13,2026-03-05 04:46:27,2026-03-05 09:23:42
1128,65,shipped,50990,AUD,2026-02-04 11:44:20,2026-02-06 16:55:57,2026-02-06 18:39:28
1129,131,cancelled,77486,CAD,2026-02-04 22:13:16,2026-02-12 19:28:28,2026-02-13 01:27:08
1130,90,delivered,24995,CAD,2026-02-05 12:23:00,2026-02-15 10:21:28,2026-02-15 14:51:36
1131,116,cancelled,25993,EUR,2026-02-05 23:20:41,2026-03-07 04:09:51,2026-03-07 09:44:32
1132,137,delivered,41495,EUR,2026-02-06 03:17:43,2026-03-01 15:32:26,2026-03-01 21:14:02
1133,65,shipped,79985,AUD,2026-02-06 22:49:39,2026-02-07 14:36:01,2026-02-07 16:53:31
1134,48,delivered,32490,EUR,2026-02-07 00:25:13,2026-02-10 00:47:03,2026-02-10 04:35:49
1135,161,paid,56995,EUR,2026-02-07 03:03:25,2026-02-20 20:36:17,2026-02-20 23:59:46
1136,71,refunded,5997,EUR,2026-02-07 07:19:53,2026-03-02 06:33:05,2026-03-02 09:43:15
1137,5,delivered,73988,USD,2026-02-07 21:44:37,2026-03-06 03:15:41,2026-03-06 07:59:38
1138,153,delivered,7997,USD,2026-02-08 11:26:11,2026-03-08 23:22:51,2026-03-09 04:00:11
1139,138,pending,20493,EUR,2026-02-08 14:39:18,2026-02-15 20:23:55,2026-02-16 01:09:02
1140,131,delivered,51994,CAD,2026-02-08 19:37:37,2026-02-14 06:55:40,2026-02-14 09:49:35
1141,153,paid,47996,USD,2026-02-09 01:25:33,2026-03-07 12:40:41,2026-03-07 18:25:04
1142,23,shipped,77992,EUR,2026-02-09 03:09:49,2026-02-12 07:28:06,2026-02-12 11:41:04
1143,84,delivered,34989,EUR,2026-02-09 03:48:39,2026-02-20 21:11:04,2026-02-20 22:49:33
1144,175,delivered,71988,EUR,2026-02-09 18:06:05,2026-02-25 14:29:34,2026-02-25 17:48:31
1145,62,paid,6998,EUR,2026-02-10 07:11:11,2026-02-12 02:33:16,2026-02-12 04:12:30
1146,40,cancelled,1999,EUR,2026-02-10 10:20:50,2026-02-15 12:45:13,2026-02-15 18:01:34
1147,66,delivered,39993,EUR,2026-02-10 22:22:18,2026-03-01 10:28:34,2026-03-01 13:25:52
1148,196,paid,29492,AUD,2026-02-11 00:18:29,2026-03-06 04:08:46,2026-03-06 08:41:49
1149,169,delivered,9996,EUR,2026-02-11 01:45:25,2026-02-28 01:38:54,2026-02-28 02:43:09
1150,172,delivered,63987,AUD,2026-02-11 07:36:08,2026-02-21 03:34:00,2026-02-21 08:06:34
1151,151,paid,22993,EUR,2026-02-11 22:37:01,2026-02-28 12:19:46,2026-02-28 13:33:01
1152,9,shipped,25494,EUR,2026-02-12 07:17:20,2026-02-13 15:43:19,2026-02-13 20:07:26
1153,69,paid,21992,EUR,2026-02-12 21:19:09,2026-02-20 09:38:29,2026-02-20 13:20:37
1154,151,delivered,7996,EUR,2026-02-12 22:38:18,2026-03-11 12:12:24,2026-03-11 13:20:29
1155,83,refunded,70486,AUD,2026-02-13 10:48:37,2026-02-27 02:30:42,2026-02-27 04:21:46
1156,151,shipped,50990,EUR,2026-02-13 15:08:39,2026-03-03 09:11:21,2026-03-03 11:10:56
1157,1,refunded,11996,AUD,2026-02-13 23:07:36,2026-02-27 22:18:45,2026-02-28 02:59:12
1158,37,paid,14995,CAD,2026-02-14 09:00:27,2026-03-15 21:41:26,2026-03-16 01:23:30
1159,6,paid,54989,EUR,2026-02-14 09:49:23,2026-03-09 11:31:07,2026-03-09 12:37:56
1160,61,cancelled,8997,AUD,2026-02-14 12:55:27,2026-03-08 14:09:12,2026-03-08 15:57:03
1161,112,shipped,5998,AUD,2026-02-15 03:12:15,2026-03-03 02:06:22,2026-03-03 03:51:18
1162,98,refunded,7497,EUR,2026-02-15 10:58:20,2026-03-06 07:20:17,2026-03-06 08:20:31
1163,99,paid,27495,EUR,2026-02-15 12:27:06,2026-03-04 17:51:27,2026-03-04 19:30:50
1164,93,delivered,6498,AUD,2026-02-16 02:03:37,2026-03-14 03:37:02,2026-03-14 06:35:22
1165,153,delivered,31495,USD,2026-02-16 03:47:42,2026-03-09 00:32:16,2026-03-09 06:28:47
1166,9,shipped,80989,EUR,2026-02-17 08:58:28,2026-03-11 20:17:07,2026-03-11 23:06:33
1167,151,delivered,35994,EUR,2026-02-17 21:10:05,2026-03-12 10:57:00,2026-03-12 15:20:16
1168,84,delivered,38495,EUR,2026-02-17 23:16:21,2026-02-20 22:16:23,2026-02-21 01:31:12
1169,69,shipped,23996,EUR,2026-02-18 03:42:10,2026-03-13 18:39:34,2026-03-13 22:11:41
1170,169,pending,13997,EUR,2026-02-18 04:59:21,2026-02-27 01:21:56,2026-02-27 02:34:31
1171,66,delivered,27989,EUR,2026-02-18 06:37:17,2026-03-17 17:07:22,2026-03-17 18:56:17
1172,1,paid,3998,AUD,2026-02-18 08:55:49,2026-03-13 13:55:01,2026-03-13 18:25:12
1173,148,delivered,81985,EUR,2026-02-18 16:40:33,2026-02-22 18:35:26,2026-02-22 22:21:04
1174,40,delivered,21494,EUR,2026-02-18 19:25:12,2026-03-12 05:47:16,2026-03-12 10:30:26
1175,187,cancelled,2499,USD,2026-02-19 03:18:01,2026-03-08 17:43:56,2026-03-08 20:31:13
1176,34,delivered,17996,EUR,2026-02-19 06:26:18,2026-02-27 19:00:31,2026-02-27 22:12:00
1177,66,delivered,58989,EUR,2026-02-19 17:32:59,2026-03-11 22:26:51,2026-03-11 23:43:30
1178,38,paid,10996,EUR,2026-02-20 10:10:46,2026-03-18 13:56:22,2026-03-18 17:39:57
1179,151,paid,45989,EUR,2026-02-20 15:00:51,2026-03-18 06:50:49,2026-03-18 10:40:05
1180,145,delivered,59990,USD,2026-02-20 18:40:14,2026-03-21 00:34:08,2026-03-21 06:00:27
1181,17,delivered,19996,GBP,2026-02-20 23:24:53,2026-03-12 02:32:01,2026-03-12 08:24:08
1182,169,delivered,29994,EUR,2026-02-20 23:40:48,2026-03-20 12:33:47,2026-03-20 15:49:32
1183,48,shipped,36995,EUR,2026-02-21 11:10:49,2026-03-16 02:19:24,2026-03-16 04:42:27
1184,58,shipped,34986,EUR,2026-02-21 17:14:33,2026-03-04 19:31:29,2026-03-04 23:25:45
1185,145,delivered,19994,USD,2026-02-22 02:31:25,2026-02-26 18:45:46,2026-02-26 22:40:27
1186,169,pending,7497,EUR,2026-02-22 09:06:53,2026-03-19 14:54:31,2026-03-19 20:08:20
1187,89,shipped,27993,EUR,2026-02-22 10:51:06,2026-03-18 17:58:04,2026-03-18 19:14:49
1188,81,refunded,49986,USD,2026-02-22 14:58:37,2026-03-10 14:25:34,2026-03-10 17:21:25
1189,45,refunded,3998,EUR,2026-02-23 06:30:52,2026-03-21 09:58:55,2026-03-21 13:20:43
1190,113,delivered,18495,USD,2026-02-23 13:32:13,2026-03-20 08:29:05,2026-03-20 13:29:47
1191,143,delivered,3499,USD,2026-02-23 18:19:26,2026-03-08 15:48:53,2026-03-08 19:37:25
1192,161,refunded,29991,EUR,2026-02-24 05:54:35,2026-02-24 12:16:58,2026-02-24 16:38:43
1193,46,shipped,27993,EUR,2026-02-24 10:50:06,2026-02-25 01:42:48,2026-02-25 06:39:56
1194,172,delivered,20495,AUD,2026-02-25 07:02:54,2026-03-19 16:48:08,2026-03-19 18:25:18
1195,57,delivered,30494,EUR,2026-02-25 09:16:55,2026-03-07 23:25:22,2026-03-08 03:51:02
1196,151,paid,11996,EUR,2026-02-26 00:58:54,2026-03-05 10:17:13,2026-03-05 16:01:08
1197,21,paid,7996,EUR,2026-02-26 06:04:30,2026-03-08 06:09:14,2026-03-08 08:38:02
1198,71,delivered,25995,EUR,2026-02-26 13:14:05,2026-03-18 17:32:48,2026-03-18 21:35:58
1199,70,shipped,5998,EUR,2026-02-26 23:09:35,2026-03-08 09:32:54,2026-03-08 11:01:21
1200,19,delivered,1999,AUD,2026-02-27 10:45:35,2026-03-20 04:56:15,2026-03-20 06:30:43
1201,160,delivered,6998,EUR,2026-02-27 20:04:40,2026-03-06 20:37:35,2026-03-07 01:45:31
1202,32,refunded,2999,EUR,2026-02-27 20:12:01,2026-03-09 04:12:42,2026-03-09 05:45:08
1203,166,paid,17993,EUR,2026-02-28 00:34:05,2026-03-18 06:14:20,2026-03-18 10:59:09
1204,143,delivered,30993,USD,2026-02-28 02:05:10,2026-03-04 05:37:25,2026-03-04 07:58:58
1205,10,delivered,63992,EUR,2026-02-28 04:24:58,2026-03-20 17:58:33,2026-03-20 19:59:23
1206,35,cancelled,78981,GBP,2026-02-28 09:23:59,2026-03-12 00:36:47,2026-03-12 02:42:56
1207,117,pending,17998,EUR,2026-02-28 23:04:23,2026-03-21 09:19:37,2026-03-21 13:56:59
1208,66,paid,39995,EUR,2026-03-01 03:53:13,2026-03-22 08:46:42,2026-03-22 13:59:34
1209,56,refunded,30987,EUR,2026-03-01 12:07:25,2026-03-23 14:02:48,2026-03-23 15:34:08
1210,82,delivered,35993,USD,2026-03-01 15:25:43,2026-03-06 10:26:42,2026-03-06 15:11:30
1211,16,paid,26994,EUR,2026-03-01 21:54:08,2026-03-05 17:11:39,2026-03-05 18:36:20
1212,89,delivered,32490,EUR,2026-03-02 00:35:18,2026-03-25 20:50:00,2026-03-26 01:08:33
1213,9,delivered,45488,EUR,2026-03-02 12:45:39,2026-03-10 21:51:14,2026-03-10 22:56:17
1214,151,paid,12496,EUR,2026-03-02 17:27:40,2026-03-18 13:08:40,2026-03-18 17:41:08
1215,34,delivered,78489,EUR,2026-03-03 02:09:17,2026-03-27 23:31:13,2026-03-28 05:28:12
1216,99,cancelled,76992,EUR,2026-03-03 13:41:44,2026-03-11 16:31:44,2026-03-11 19:33:02
1217,164,delivered,19494,EUR,2026-03-04 02:36:31,2026-03-04 13:46:30,2026-03-04 16:28:55
1218,161,pending,9997,EUR,2026-03-04 09:03:56,2026-04-01 03:43:44,2026-04-01 04:47:31
1219,71,delivered,39994,EUR,2026-03-04 11:57:16,2026-03-27 21:10:18,2026-03-28 01:26:13
1220,116,delivered,8498,EUR,2026-03-04 13:11:07,2026-03-16 11:48:18,2026-03-16 15:14:50
1221,92,delivered,11495,USD,2026-03-05 03:59:56,2026-04-01 16:32:12,2026-04-01 18:42:20
1222,33,refunded,28493,EUR,2026-03-05 13:34:31,2026-03-18 04:30:26,2026-03-18 08:27:09
1223,66,delivered,61990,EUR,2026-03-05 17:56:46,2026-03-29 05:01:14,2026-03-29 10:21:10
1224,45,delivered,66989,EUR,2026-03-05 22:12:08,2026-03-21 17:55:17,2026-03-21 23:42:30
1225,125,shipped,28996,GBP,2026-03-06 09:14:33,2026-03-15 00:59:02,2026-03-15 03:42:20
1226,7,delivered,19996,EUR,2026-03-06 10:42:52,2026-04-02 00:11:08,2026-04-02 05:56:22
1227,12,delivered,24491,CAD,2026-03-07 06:19:58,2026-04-02 12:17:10,2026-04-02 15:13:12
1228,51,refunded,40990,EUR,2026-03-07 09:03:09,2026-04-05 05:05:14,2026-04-05 07:39:20
1229,48,delivered,4498,EUR,2026-03-08 02:27:55,2026-03-17 15:30:23,2026-03-17 17:59:34
1230,5,shipped,35990,USD,2026-03-08 06:39:54,2026-03-19 07:48:27,2026-03-19 09:50:18
1231,82,refunded,12994,USD,2026-03-08 12:56:40,2026-03-26 10:08:47,2026-03-26 13:10:43
1232,173,refunded,21997,EUR,2026-03-08 23:40:13,2026-03-25 01:50:31,2026-03-25 02:59:34
1233,23,delivered,13998,EUR,2026-03-09 17:43:02,2026-03-17 10:05:44,2026-03-17 13:24:01
1234,143,refunded,23496,USD,2026-03-09 20:21:27,2026-04-02 23:15:32,2026-04-03 01:31:25
1235,164,delivered,17995,EUR,2026-03-10 20:11:23,2026-03-28 13:40:04,2026-03-28 15:07:43
1236,40,paid,22992,EUR,2026-03-10 21:17:38,2026-03-26 22:59:11,2026-03-27 03:51:59
1237,14,delivered,3998,EUR,2026-03-10 22:55:58,2026-03-15 21:09:58,2026-03-15 23:21:15
1238,90,shipped,19994,CAD,2026-03-10 23:59:12,2026-03-31 03:06:59,2026-03-31 05:43:56
1239,161,shipped,15495,EUR,2026-03-11 13:04:49,2026-03-25 20:43:11,2026-03-25 23:59:52
1240,140,cancelled,17993,EUR,2026-03-11 17:21:54,2026-04-10 00:33:42,2026-04-10 06:25:35
1241,66,shipped,17994,EUR,2026-03-11 18:24:15,2026-03-26 00:43:35,2026-03-26 04:32:56
1242,104,refunded,34491,EUR,2026-03-12 05:30:14,2026-03-25 18:48:54,2026-03-25 21:35:16
1243,16,refunded,62993,EUR,2026-03-12 09:11:20,2026-03-21 17:34:47,2026-03-21 21:32:35
1244,145,paid,45991,USD,2026-03-12 14:34:57,2026-03-29 12:06:41,2026-03-29 14:33:53
1245,175,refunded,16496,EUR,2026-03-12 15:33:48,2026-04-07 18:50:10,2026-04-07 21:22:01
1246,166,delivered,9995,EUR,2026-03-12 15:58:22,2026-04-09 11:27:52,2026-04-09 15:25:51
1247,113,paid,28489,USD,2026-03-12 21:11:16,2026-03-28 18:53:15,2026-03-28 22:31:11
1248,112,shipped,31495,AUD,2026-03-12 21:24:57,2026-03-14 16:45:16,2026-03-14 22:24:43
1249,75,paid,23996,EUR,2026-03-13 00:00:50,2026-03-15 02:17:38,2026-03-15 03:54:13
1250,46,paid,2499,EUR,2026-03-13 08:17:16,2026-04-11 10:35:12,2026-04-11 12:52:42
1251,33,paid,49992,EUR,2026-03-13 12:44:33,2026-03-25 07:20:13,2026-03-25 09:34:16
1252,23,paid,26996,EUR,2026-03-13 20:23:31,2026-03-19 01:29:51,2026-03-19 02:41:27
1253,9,shipped,11998,EUR,2026-03-14 00:10:06,2026-04-04 21:33:49,2026-04-04 23:14:56
1254,154,paid,5998,CAD,2026-03-14 02:38:16,2026-03-22 05:42:25,2026-03-22 08:29:35
1255,138,shipped,23997,EUR,2026-03-14 14:29:08,2026-03-25 05:25:44,2026-03-25 10:11:03
1256,103,refunded,3998,AUD,2026-03-15 10:43:27,2026-04-10 12:45:13,2026-04-10 15:09:58
1257,143,delivered,92984,USD,2026-03-15 11:49:50,2026-04-07 01:30:41,2026-04-07 07:12:04
1258,69,paid,62988,EUR,2026-03-15 21:40:30,2026-04-11 20:41:55,2026-04-12 00:32:05
1259,37,delivered,44991,CAD,2026-03-15 22:35:09,2026-03-31 09:09:33,2026-03-31 10:25:48
1260,168,shipped,9996,EUR,2026-03-16 00:55:33,2026-03-27 18:41:04,2026-03-27 22:35:02
1261,98,shipped,5997,EUR,2026-03-16 01:11:22,2026-03-29 14:02:35,2026-03-29 17:34:12
1262,48,delivered,17998,EUR,2026-03-16 21:22:06,2026-04-15 11:48:07,2026-04-15 13:34:24
1263,82,delivered,56992,USD,2026-03-16 23:30:57,2026-04-03 18:00:01,2026-04-03 19:14:29
1264,81,shipped,85986,USD,2026-03-17 00:34:41,2026-03-30 11:38:35,2026-03-30 16:39:19
1265,98,delivered,30993,EUR,2026-03-17 03:48:04,2026-03-24 01:18:59,2026-03-24 02:28:11
1266,153,delivered,28993,USD,2026-03-17 18:28:53,2026-04-12 23:05:52,2026-04-13 01:19:23
1267,52,delivered,47992,EUR,2026-03-18 08:29:09,2026-03-23 03:42:40,2026-03-23 07:05:54
1268,81,delivered,5998,USD,2026-03-18 08:57:15,2026-03-19 11:41:13,2026-03-19 14:58:20
1269,8,shipped,3998,USD,2026-03-18 16:14:12,2026-03-30 21:07:13,2026-03-30 23:25:15
1270,35,paid,65986,GBP,2026-03-18 16:37:06,2026-03-22 00:07:46,2026-03-22 03:11:44
1271,164,delivered,14996,EUR,2026-03-19 13:54:50,2026-04-12 17:44:07,2026-04-12 20:38:58
1272,161,shipped,15996,EUR,2026-03-19 15:57:24,2026-04-17 17:21:43,2026-04-17 22:04:36
1273,82,delivered,48991,USD,2026-03-20 01:24:45,2026-04-06 03:25:24,2026-04-06 05:25:24
1274,23,paid,40994,EUR,2026-03-20 01:58:54,2026-04-16 03:42:30,2026-04-16 05:50:52
1275,37,paid,42988,CAD,2026-03-21 05:02:00,2026-03-23 01:58:26,2026-03-23 05:03:59
1276,75,shipped,48990,EUR,2026-03-21 05:24:06,2026-03-31 04:03:09,2026-03-31 08:35:05
1277,38,delivered,7497,EUR,2026-03-21 09:17:10,2026-04-16 05:44:03,2026-04-16 11:16:00
1278,37,cancelled,23995,CAD,2026-03-21 23:26:55,2026-04-11 17:44:16,2026-04-11 19:38:20
1279,65,pending,34993,AUD,2026-03-22 18:26:24,2026-04-13 13:11:04,2026-04-13 14:56:29
1280,16,refunded,42984,EUR,2026-03-22 20:06:40,2026-04-10 12:57:46,2026-04-10 14:46:02
1281,168,delivered,7497,EUR,2026-03-22 22:47:25,2026-04-13 23:43:27,2026-04-14 02:00:26
1282,98,shipped,7996,EUR,2026-03-23 02:40:01,2026-04-08 06:13:03,2026-04-08 09:43:05
1283,174,paid,40488,EUR,2026-03-23 07:58:55,2026-03-31 01:54:29,2026-03-31 04:34:14
1284,111,shipped,32992,EUR,2026-03-23 16:08:44,2026-03-27 16:10:55,2026-03-27 22:09:19
1285,128,shipped,63987,EUR,2026-03-23 16:50:58,2026-04-06 17:58:50,2026-04-06 19:18:09
1286,14,refunded,27991,EUR,2026-03-23 19:24:59,2026-03-26 09:25:29,2026-03-26 12:31:29
1287,37,paid,17995,CAD,2026-03-24 07:56:32,2026-03-26 22:13:45,2026-03-27 03:33:42
1288,172,refunded,17995,AUD,2026-03-24 09:48:05,2026-04-01 03:31:53,2026-04-01 08:42:41
1289,164,delivered,9995,EUR,2026-03-25 01:40:15,2026-04-19 14:55:21,2026-04-19 17:14:39
1290,117,delivered,17996,EUR,2026-03-25 02:51:01,2026-04-04 19:20:49,2026-04-05 00:31:24
1291,89,paid,26489,EUR,2026-03-26 07:04:12,2026-04-17 05:47:50,2026-04-17 10:38:35
1292,93,paid,3998,AUD,2026-03-26 15:48:40,2026-04-17 23:13:07,2026-04-18 00:42:43
1293,82,paid,7996,USD,2026-03-26 16:33:47,2026-04-09 17:55:38,2026-04-09 23:35:00
1294,66,refunded,11997,EUR,2026-03-26 20:26:23,2026-04-15 23:12:46,2026-04-16 02:19:47
1295,10,delivered,7996,EUR,2026-03-27 06:40:40,2026-04-01 04:59:52,2026-04-01 10:45:16
1296,111,delivered,3998,EUR,2026-03-27 16:19:10,2026-04-13 11:58:30,2026-04-13 14:02:22
1297,92,shipped,11996,USD,2026-03-28 08:04:47,2026-04-13 07:19:28,2026-04-13 13:07:23
1298,138,refunded,14996,EUR,2026-03-28 16:03:37,2026-04-24 15:21:10,2026-04-24 18:45:34
1299,137,delivered,64487,EUR,2026-03-28 22:42:38,2026-03-29 18:18:08,2026-03-29 20:35:52
1300,33,cancelled,69991,EUR,2026-03-29 10:24:11,2026-04-16 16:08:17,2026-04-16 17:35:28
1301,71,delivered,4498,EUR,2026-03-29 13:54:30,2026-04-17 15:26:01,2026-04-17 19:45:04
1302,71,refunded,13495,EUR,2026-03-30 03:50:42,2026-03-30 05:42:39,2026-03-30 07:35:17
1303,151,delivered,17996,EUR,2026-03-30 11:13:36,2026-04-11 14:11:44,2026-04-11 19:55:08
1304,161,pending,20996,EUR,2026-03-31 01:52:59,2026-04-17 13:23:15,2026-04-17 15:26:20
1305,13,refunded,3998,EUR,2026-03-31 05:53:43,2026-04-15 06:20:11,2026-04-15 11:08:53
1306,137,cancelled,47991,EUR,2026-03-31 10:07:27,2026-04-18 04:28:32,2026-04-18 10:11:24
1307,113,refunded,45993,USD,2026-03-31 21:33:08,2026-04-23 12:57:30,2026-04-23 15:43:54
1308,90,delivered,6998,CAD,2026-04-01 02:19:44,2026-04-19 07:04:46,2026-04-19 11:43:51
1309,32,paid,20995,EUR,2026-04-01 02:46:00,2026-04-12 14:10:37,2026-04-12 19:15:04
1310,116,delivered,8998,EUR,2026-04-01 21:13:30,2026-04-06 11:33:31,2026-04-06 14:28:17
1311,23,delivered,61991,EUR,2026-04-02 09:59:45,2026-04-21 22:50:51,2026-04-22 01:22:38
1312,174,shipped,27994,EUR,2026-04-02 14:41:55,2026-04-05 08:22:18,2026-04-05 09:29:50
1313,66,shipped,27990,EUR,2026-04-03 00:25:44,2026-05-01 06:20:26,2026-05-01 08:10:21
1314,57,delivered,30993,EUR,2026-04-03 01:16:02,2026-04-07 11:32:43,2026-04-07 17:25:08
1315,81,delivered,93984,USD,2026-04-03 01:16:13,2026-04-04 04:28:33,2026-04-04 09:22:48
1316,46,refunded,91991,EUR,2026-04-03 15:38:02,2026-04-20 00:08:39,2026-04-20 04:04:32
1317,33,cancelled,15493,EUR,2026-04-04 09:03:48,2026-04-18 01:51:29,2026-04-18 06:27:07
1318,98,delivered,16998,EUR,2026-04-04 13:12:04,2026-04-10 10:19:33,2026-04-10 14:29:55
1319,92,paid,8997,USD,2026-04-04 20:27:03,2026-04-27 17:07:49,2026-04-27 18:35:19
1320,85,paid,18994,EUR,2026-04-04 21:46:08,2026-04-29 02:29:09,2026-04-29 07:44:04
1321,46,shipped,24992,EUR,2026-04-05 01:54:39,2026-04-19 00:46:23,2026-04-19 03:02:35
1322,36,shipped,19995,CAD,2026-04-05 02:30:56,2026-04-14 05:58:57,2026-04-14 11:11:56
1323,3,shipped,37985,EUR,2026-04-05 22:14:13,2026-04-13 03:01:14,2026-04-13 08:11:05
1324,66,paid,39493,EUR,2026-04-06 17:39:34,2026-04-17 06:01:48,2026-04-17 07:24:38
1325,19,delivered,5999,AUD,2026-04-06 21:21:13,2026-04-23 16:02:41,2026-04-23 17:53:29
1326,95,shipped,36490,EUR,2026-04-07 07:28:59,2026-05-05 01:14:17,2026-05-05 07:09:47
1327,158,refunded,38495,EUR,2026-04-07 11:56:11,2026-04-18 14:02:51,2026-04-18 16:50:51
1328,10,refunded,20490,EUR,2026-04-07 15:37:17,2026-04-23 15:54:10,2026-04-23 20:35:07
1329,40,delivered,21996,EUR,2026-04-07 20:12:21,2026-04-20 06:37:05,2026-04-20 11:50:00
1330,18,paid,16994,USD,2026-04-08 01:33:54,2026-04-26 04:39:41,2026-04-26 08:35:38
1331,13,delivered,29989,EUR,2026-04-08 07:26:46,2026-04-23 01:28:49,2026-04-23 03:21:46
1332,70,cancelled,4998,EUR,2026-04-09 07:07:34,2026-05-01 21:30:11,2026-05-01 23:53:02
1333,99,delivered,72989,EUR,2026-04-09 10:08:35,2026-04-11 20:04:41,2026-04-11 21:56:38
1334,5,cancelled,19493,USD,2026-04-09 14:39:04,2026-04-17 20:46:38,2026-04-18 02:39:30
1335,3,delivered,12997,EUR,2026-04-09 17:51:55,2026-04-20 21:18:39,2026-04-21 03:18:17
1336,92,pending,41994,USD,2026-04-09 23:33:55,2026-04-11 21:16:11,2026-04-11 22:20:01
1337,13,shipped,10996,EUR,2026-04-10 04:28:05,2026-04-18 02:37:37,2026-04-18 06:41:09
1338,93,refunded,35993,AUD,2026-04-10 04:55:53,2026-04-20 05:22:38,2026-04-20 06:59:53
1339,56,delivered,28991,EUR,2026-04-11 09:12:12,2026-04-27 10:45:59,2026-04-27 15:31:02
1340,40,delivered,47992,EUR,2026-04-11 11:49:00,2026-05-04 22:22:39,2026-05-05 01:49:50
1341,21,delivered,54985,EUR,2026-04-11 12:44:22,2026-05-01 02:44:38,2026-05-01 06:51:29
1342,3,delivered,4998,EUR,2026-04-11 16:53:44,2026-04-18 15:33:46,2026-04-18 20:13:30
1343,81,refunded,50987,USD,2026-04-12 18:03:11,2026-05-11 04:58:38,2026-05-11 08:03:04
1344,143,paid,52986,USD,2026-04-12 19:36:26,2026-04-14 07:34:02,2026-04-14 09:36:43
1345,92,delivered,26997,USD,2026-04-13 03:47:55,2026-05-03 09:22:28,2026-05-03 11:44:06
1346,137,delivered,18992,EUR,2026-04-13 08:10:39,2026-05-11 05:18:46,2026-05-11 08:35:27
1347,90,delivered,39992,CAD,2026-04-13 21:03:59,2026-04-20 14:58:35,2026-04-20 17:07:58
1348,14,refunded,15497,EUR,2026-04-14 00:14:09,2026-04-24 16:12:35,2026-04-24 20:45:49
1349,143,delivered,6999,USD,2026-04-14 15:08:30,2026-04-18 16:28:53,2026-04-18 21:12:39
1350,196,refunded,55983,AUD,2026-04-15 07:19:11,2026-04-24 19:02:35,2026-04-24 20:05:20
1351,51,delivered,37996,EUR,2026-04-15 10:07:40,2026-05-14 01:48:50,2026-05-14 06:07:26
1352,3,refunded,14996,EUR,2026-04-15 12:57:44,2026-04-18 13:50:32,2026-04-18 19:01:32
1353,166,paid,52986,EUR,2026-04-15 14:46:53,2026-05-05 19:36:09,2026-05-05 22:30:15
1354,45,paid,78990,EUR,2026-04-15 18:07:56,2026-05-13 08:59:22,2026-05-13 13:35:12
1355,111,shipped,3998,EUR,2026-04-16 11:54:44,2026-05-09 23:24:48,2026-05-10 05:10:14
1356,98,paid,56487,EUR,2026-04-16 16:25:06,2026-04-26 14:14:23,2026-04-26 17:52:41
1357,16,shipped,19493,EUR,2026-04-16 17:31:10,2026-04-26 21:27:30,2026-04-27 02:06:05
1358,128,delivered,5999,EUR,2026-04-16 19:12:53,2026-05-06 06:26:43,2026-05-06 08:00:55
1359,3,shipped,26997,EUR,2026-04-17 16:37:43,2026-05-06 00:39:21,2026-05-06 05:11:02
1360,175,delivered,17997,EUR,2026-04-17 18:46:28,2026-05-17 17:01:13,2026-05-17 21:10:21
1361,168,delivered,54990,EUR,2026-04-17 21:07:17,2026-05-09 15:59:17,2026-05-09 18:44:07
1362,137,delivered,65993,EUR,2026-04-18 00:53:56,2026-05-10 06:23:35,2026-05-10 10:23:33
1363,164,delivered,60989,EUR,2026-04-18 05:31:46,2026-05-16 20:57:55,2026-05-17 01:28:47
1364,61,refunded,37492,AUD,2026-04-18 22:08:06,2026-05-12 21:04:33,2026-05-13 02:25:39
1365,70,shipped,20496,EUR,2026-04-19 04:09:06,2026-04-25 09:42:48,2026-04-25 11:08:15
1366,38,delivered,27994,EUR,2026-04-19 17:31:35,2026-05-09 22:52:46,2026-05-10 04:32:09
1367,145,delivered,11496,USD,2026-04-19 18:35:44,2026-05-11 16:56:34,2026-05-11 20:20:38
1368,56,delivered,53994,EUR,2026-04-20 00:17:16,2026-04-30 03:09:06,2026-04-30 08:46:37
1369,104,shipped,13995,EUR,2026-04-20 00:33:52,2026-05-15 07:23:09,2026-05-15 08:36:38
1370,7,shipped,92481,EUR,2026-04-20 23:12:03,2026-04-21 03:00:48,2026-04-21 06:48:39
1371,40,delivered,25992,EUR,2026-04-21 17:30:44,2026-04-28 00:09:14,2026-04-28 05:47:30
1372,65,delivered,5997,AUD,2026-04-21 20:20:24,2026-04-27 18:41:26,2026-04-27 22:26:31
1373,5,delivered,4998,USD,2026-04-22 00:52:59,2026-05-15 20:48:32,2026-05-15 22:29:22
1374,173,delivered,16496,EUR,2026-04-22 01:43:07,2026-05-21 01:48:44,2026-05-21 04:30:13
1375,174,paid,50993,EUR,2026-04-23 10:14:20,2026-04-28 06:38:12,2026-04-28 09:44:40
1376,7,shipped,85985,EUR,2026-04-23 10:26:56,2026-04-27 00:46:23,2026-04-27 06:43:06
1377,111,delivered,30490,EUR,2026-04-23 11:51:02,2026-05-20 23:44:30,2026-05-21 05:06:19
1378,48,pending,8999,EUR,2026-04-24 08:26:21,2026-05-21 16:25:34,2026-05-21 20:55:10
1379,81,delivered,10497,USD,2026-04-24 19:23:57,2026-05-02 08:41:35,2026-05-02 13:48:22
1380,82,shipped,32491,USD,2026-04-24 22:03:26,2026-05-03 07:25:11,2026-05-03 08:31:16
1381,51,delivered,26997,EUR,2026-04-24 23:35:52,2026-05-09 07:39:43,2026-05-09 09:12:45
1382,3,shipped,11496,EUR,2026-04-25 06:43:11,2026-05-04 12:43:19,2026-05-04 15:51:53
1383,6,delivered,7996,EUR,2026-04-25 21:21:16,2026-05-10 02:50:50,2026-05-10 05:28:25
1384,52,shipped,75980,EUR,2026-04-26 02:00:33,2026-05-17 15:11:05,2026-05-17 19:17:38
1385,62,shipped,15996,EUR,2026-04-26 06:31:36,2026-05-08 13:46:13,2026-05-08 15:33:10
1386,186,delivered,17493,EUR,2026-04-27 01:25:39,2026-05-25 15:23:59,2026-05-25 18:10:12
1387,6,paid,23996,EUR,2026-04-27 04:34:35,2026-05-04 13:59:49,2026-05-04 17:27:23
1388,196,paid,33990,AUD,2026-04-27 04:48:57,2026-05-20 00:21:19,2026-05-20 05:57:54
1389,166,cancelled,30494,EUR,2026-04-27 23:43:32,2026-04-30 00:28:10,2026-04-30 05:31:35
1390,56,paid,37995,EUR,2026-04-28 16:36:11,2026-05-10 12:01:00,2026-05-10 17:50:00
1391,92,delivered,18991,USD,2026-04-28 18:22:01,2026-05-20 06:04:33,2026-05-20 09:44:10
1392,164,delivered,42995,EUR,2026-04-29 11:49:04,2026-05-21 17:10:03,2026-05-21 20:29:12
1393,21,refunded,47987,EUR,2026-04-29 13:21:57,2026-05-15 14:46:39,2026-05-15 17:51:00
1394,40,delivered,7497,EUR,2026-04-30 11:35:08,2026-05-20 08:21:25,2026-05-20 09:57:59
1395,187,delivered,18495,USD,2026-04-30 21:32:25,2026-05-10 16:04:07,2026-05-10 20:21:29
1396,151,shipped,22994,EUR,2026-05-01 00:31:48,2026-05-30 02:44:00,2026-05-30 04:29:28
1397,164,shipped,27492,EUR,2026-05-01 04:44:53,2026-05-06 07:26:10,2026-05-06 08:41:20
1398,69,shipped,14494,EUR,2026-05-01 10:24:27,2026-05-21 16:15:24,2026-05-21 21:46:45
1399,89,cancelled,6998,EUR,2026-05-01 21:16:01,2026-05-30 07:54:00,2026-05-30 10:20:35
1400,8,pending,10497,USD,2026-05-02 00:41:57,2026-05-05 11:15:00,2026-05-05 13:33:47
1401,111,paid,93486,EUR,2026-05-02 03:46:13,2026-05-12 12:15:41,2026-05-12 15:07:28
1402,71,refunded,53988,EUR,2026-05-02 23:05:11,2026-05-15 05:19:11,2026-05-15 06:23:55
1403,5,delivered,50492,USD,2026-05-03 18:52:24,2026-05-19 15:59:45,2026-05-19 20:45:18
1404,35,cancelled,28489,GBP,2026-05-03 23:48:00,2026-05-24 02:23:09,2026-05-24 04:46:49
1405,112,paid,49993,AUD,2026-05-04 02:28:27,2026-05-14 03:01:47,2026-05-14 05:28:03
1406,45,delivered,3998,EUR,2026-05-04 05:05:48,2026-05-22 22:09:53,2026-05-23 02:59:19
1407,98,refunded,11496,EUR,2026-05-04 17:03:41,2026-05-23 17:31:04,2026-05-23 23:16:37
1408,10,pending,23494,EUR,2026-05-04 23:43:39,2026-06-01 14:33:28,2026-06-01 18:59:05
1409,89,refunded,19992,EUR,2026-05-05 00:20:30,2026-05-08 01:50:51,2026-05-08 06:02:08
1410,145,pending,10996,USD,2026-05-05 00:32:18,2026-05-10 01:17:24,2026-05-10 02:42:39
1411,186,paid,56994,EUR,2026-05-06 09:36:27,2026-05-12 16:56:26,2026-05-12 18:43:24
1412,196,refunded,19992,AUD,2026-05-06 11:59:57,2026-05-14 05:45:55,2026-05-14 09:14:14
1413,174,delivered,33994,EUR,2026-05-06 16:39:23,2026-05-30 17:34:10,2026-05-30 21:36:08
1414,94,delivered,74991,EUR,2026-05-06 19:53:17,2026-05-15 14:22:52,2026-05-15 19:07:46
1415,48,refunded,46493,EUR,2026-05-06 20:02:41,2026-05-17 12:14:54,2026-05-17 17:06:21
1416,143,shipped,51486,USD,2026-05-06 21:22:22,2026-05-21 20:37:29,2026-05-22 02:25:57
1417,169,delivered,61986,EUR,2026-05-07 11:59:19,2026-05-26 07:32:27,2026-05-26 11:03:39
1418,153,shipped,4998,USD,2026-05-07 14:14:52,2026-05-14 22:04:47,2026-05-15 00:15:29
1419,89,paid,57992,EUR,2026-05-08 00:21:16,2026-05-25 04:12:46,2026-05-25 10:07:29
1420,8,delivered,19493,USD,2026-05-08 01:47:17,2026-05-08 20:21:20,2026-05-09 01:15:00
1421,3,pending,6997,EUR,2026-05-08 17:17:23,2026-05-20 16:42:55,2026-05-20 22:08:04
1422,128,delivered,45993,EUR,2026-05-09 06:17:19,2026-05-22 13:56:47,2026-05-22 19:16:12
1423,95,refunded,45994,EUR,2026-05-09 11:54:34,2026-05-19 19:51:32,2026-05-20 00:07:20
1424,17,delivered,12495,GBP,2026-05-09 17:10:18,2026-05-12 00:49:31,2026-05-12 03:16:17
1425,69,delivered,48986,EUR,2026-05-09 17:24:50,2026-06-02 12:19:57,2026-06-02 15:23:23
1426,70,paid,36993,EUR,2026-05-09 21:24:31,2026-06-01 03:43:19,2026-06-01 06:06:10
1427,65,shipped,21496,AUD,2026-05-10 05:19:33,2026-06-05 10:01:47,2026-06-05 13:55:33
1428,57,paid,17998,EUR,2026-05-10 08:08:35,2026-06-04 08:41:56,2026-06-04 11:04:14
1429,25,paid,10996,EUR,2026-05-11 01:59:35,2026-06-03 08:10:24,2026-06-03 12:00:30
1430,158,paid,1999,EUR,2026-05-11 04:39:47,2026-05-16 19:42:00,2026-05-17 01:20:43
1431,24,delivered,35997,EUR,2026-05-11 07:29:25,2026-06-06 17:29:18,2026-06-06 21:05:01
1432,85,delivered,47996,EUR,2026-05-11 19:54:22,2026-06-08 14:52:38,2026-06-08 18:49:06
1433,51,paid,12495,EUR,2026-05-12 06:45:55,2026-05-31 16:15:43,2026-05-31 17:45:18
1434,174,cancelled,43988,EUR,2026-05-12 15:48:48,2026-05-19 18:05:23,2026-05-19 23:16:34
1435,51,delivered,45991,EUR,2026-05-13 07:30:57,2026-05-19 21:09:11,2026-05-19 23:20:03
1436,52,paid,11498,EUR,2026-05-13 19:24:03,2026-06-08 23:28:23,2026-06-09 02:47:25
1437,51,delivered,9998,EUR,2026-05-13 22:17:56,2026-06-07 03:49:32,2026-06-07 06:10:19
1438,38,delivered,18992,EUR,2026-05-14 02:50:02,2026-06-08 03:35:41,2026-06-08 09:02:13
1439,133,shipped,100986,EUR,2026-05-14 08:05:10,2026-05-20 00:43:04,2026-05-20 03:43:06
1440,158,delivered,70989,EUR,2026-05-14 14:02:50,2026-05-18 01:14:23,2026-05-18 05:00:13
1441,56,shipped,50993,EUR,2026-05-15 04:28:01,2026-06-08 14:39:42,2026-06-08 16:22:33
1442,140,refunded,60487,EUR,2026-05-15 04:59:10,2026-06-04 10:21:37,2026-06-04 13:56:09
1443,95,delivered,61990,EUR,2026-05-15 08:57:06,2026-05-22 11:45:53,2026-05-22 13:41:23
1444,114,delivered,11997,USD,2026-05-15 20:44:13,2026-05-28 19:34:47,2026-05-28 21:53:35
1445,21,pending,95992,EUR,2026-05-15 21:19:26,2026-06-01 08:01:22,2026-06-01 09:58:51
1446,82,paid,35996,USD,2026-05-16 05:49:27,2026-05-28 14:43:44,2026-05-28 17:01:13
1447,1,cancelled,35486,AUD,2026-05-16 09:59:11,2026-05-16 10:01:53,2026-05-16 14:17:33
1448,71,delivered,11998,EUR,2026-05-17 02:51:30,2026-05-20 13:53:42,2026-05-20 18:17:09
1449,186,refunded,8998,EUR,2026-05-17 12:21:10,2026-06-11 19:10:14,2026-06-12 00:50:19
1450,90,delivered,71481,CAD,2026-05-17 17:30:07,2026-05-29 22:55:02,2026-05-30 03:30:35
1451,83,paid,5997,AUD,2026-05-18 15:44:15,2026-05-25 16:33:02,2026-05-25 18:57:56
1452,45,paid,20994,EUR,2026-05-18 20:03:34,2026-06-17 15:15:40,2026-06-17 18:55:32
1453,172,paid,2499,AUD,2026-05-19 07:22:13,2026-06-07 13:16:58,2026-06-07 17:35:06
1454,153,paid,45991,USD,2026-05-19 13:56:16,2026-05-21 11:44:23,2026-05-21 14:40:59
1455,113,delivered,21994,USD,2026-05-20 04:25:18,2026-05-29 19:17:07,2026-05-29 21:39:15
1456,46,cancelled,43991,EUR,2026-05-20 18:50:21,2026-06-10 17:10:51,2026-06-10 20:47:31
1457,81,pending,3499,USD,2026-05-20 20:46:52,2026-06-04 16:22:50,2026-06-04 20:22:54
1458,38,shipped,27996,EUR,2026-05-21 04:00:51,2026-05-31 19:01:33,2026-05-31 23:40:29
1459,149,delivered,15495,EUR,2026-05-21 06:47:19,2026-05-31 10:23:37,2026-05-31 15:05:21
1460,148,delivered,47996,EUR,2026-05-21 23:35:54,2026-05-29 15:31:24,2026-05-29 19:11:56
1461,69,delivered,4998,EUR,2026-05-22 02:38:44,2026-05-26 01:13:34,2026-05-26 06:24:54
1462,40,paid,39492,EUR,2026-05-22 07:33:12,2026-06-05 07:49:30,2026-06-05 12:18:29
1463,89,delivered,33989,EUR,2026-05-22 17:35:29,2026-06-13 21:13:52,2026-06-13 22:19:26
1464,61,delivered,30994,AUD,2026-05-23 02:31:26,2026-06-01 16:59:24,2026-06-01 19:03:07
1465,161,paid,23492,EUR,2026-05-23 07:26:43,2026-06-02 04:11:09,2026-06-02 09:20:27
1466,56,delivered,11998,EUR,2026-05-23 17:37:37,2026-05-26 19:28:11,2026-05-26 23:08:53
1467,1,paid,80988,AUD,2026-05-24 06:56:08,2026-06-20 01:28:43,2026-06-20 02:58:00
1468,61,shipped,28495,AUD,2026-05-24 11:48:06,2026-06-10 20:12:53,2026-06-11 00:39:57
1469,175,delivered,31491,EUR,2026-05-24 12:16:19,2026-06-19 02:25:46,2026-06-19 03:37:44
1470,187,shipped,50991,USD,2026-05-25 04:08:38,2026-06-07 15:42:54,2026-06-07 18:25:12
1471,75,delivered,7497,EUR,2026-05-25 12:02:05,2026-06-15 17:32:47,2026-06-15 19:06:47
1472,75,shipped,12994,EUR,2026-05-25 13:06:00,2026-05-27 06:26:51,2026-05-27 07:34:00
1473,93,delivered,17997,AUD,2026-05-25 20:30:56,2026-06-24 08:36:55,2026-06-24 13:17:09
1474,81,delivered,43992,USD,2026-05-26 07:18:15,2026-05-28 20:19:25,2026-05-29 00:45:07
1475,21,pending,24993,EUR,2026-05-26 08:28:54,2026-05-30 09:41:27,2026-05-30 10:46:09
1476,24,cancelled,24493,EUR,2026-05-26 23:02:24,2026-05-30 18:04:09,2026-05-30 20:22:07
1477,174,cancelled,35997,EUR,2026-05-27 00:13:27,2026-05-30 19:09:25,2026-05-30 22:32:31
1478,71,delivered,47993,EUR,2026-05-27 19:21:28,2026-06-25 13:35:18,2026-06-25 19:26:53
1479,95,pending,65484,EUR,2026-05-27 20:30:28,2026-06-21 05:56:47,2026-06-21 11:18:11
1480,116,delivered,5998,EUR,2026-05-28 02:33:40,2026-06-04 02:03:20,2026-06-04 07:46:47
1481,114,delivered,45490,USD,2026-05-28 19:24:56,2026-06-18 05:46:07,2026-06-18 07:13:32
1482,161,shipped,5998,EUR,2026-05-28 21:12:40,2026-06-03 15:38:30,2026-06-03 19:57:03
1483,153,pending,30991,USD,2026-05-29 14:17:38,2026-06-12 02:20:50,2026-06-12 06:11:10
1484,9,delivered,30491,EUR,2026-05-29 14:41:10,2026-05-31 01:01:06,2026-05-31 04:35:26
1485,81,paid,1999,USD,2026-05-30 02:54:05,2026-06-03 09:23:01,2026-06-03 13:56:40
1486,65,shipped,23995,AUD,2026-05-30 13:27:00,2026-05-31 21:37:38,2026-06-01 02:54:32
1487,25,shipped,1999,EUR,2026-05-30 14:45:17,2026-06-02 15:21:06,2026-06-02 20:49:58
1488,23,delivered,65489,EUR,2026-05-30 17:16:53,2026-06-11 12:10:48,2026-06-11 14:30:08
1489,99,shipped,2999,EUR,2026-05-31 03:08:52,2026-06-10 09:23:01,2026-06-10 15:13:51
1490,23,shipped,61488,EUR,2026-05-31 05:34:46,2026-06-16 10:31:12,2026-06-16 12:37:12
1491,93,paid,37992,AUD,2026-06-01 00:06:18,2026-06-11 11:49:25,2026-06-11 14:01:09
1492,160,delivered,26997,EUR,2026-06-01 03:53:21,2026-06-13 07:50:29,2026-06-13 12:23:29
1493,16,shipped,49487,EUR,2026-06-01 21:59:21,2026-06-03 05:09:28,2026-06-03 07:01:40
1494,113,delivered,27993,USD,2026-06-02 11:46:22,2026-06-16 13:31:20,2026-06-16 15:16:04
1495,16,delivered,7497,EUR,2026-06-02 17:29:00,2026-06-09 00:21:50,2026-06-09 04:51:27
1496,158,paid,73988,EUR,2026-06-03 06:47:19,2026-06-10 17:45:41,2026-06-10 23:14:46
1497,37,paid,19494,CAD,2026-06-03 17:34:41,2026-06-26 14:56:29,2026-06-26 18:07:05
1498,131,delivered,21995,CAD,2026-06-04 03:33:27,2026-06-23 15:22:43,2026-06-23 17:41:35
1499,17,shipped,17992,GBP,2026-06-04 03:42:19,2026-06-18 12:46:16,2026-06-18 13:47:00
1500,178,shipped,7497,EUR,2026-06-05 01:58:58,2026-06-14 16:59:59,2026-06-14 20:49:35
1501,62,shipped,5998,EUR,2026-06-05 02:54:50,2026-06-13 06:25:50,2026-06-13 09:53:55
1502,66,shipped,35997,EUR,2026-06-05 07:28:07,2026-07-02 11:50:33,2026-07-02 15:31:50
1503,84,delivered,22493,EUR,2026-06-06 01:16:09,2026-06-12 13:38:30,2026-06-12 18:13:31
1504,66,delivered,49995,EUR,2026-06-06 13:42:00,2026-06-12 03:31:28,2026-06-12 07:43:11
1505,149,delivered,10497,EUR,2026-06-07 15:03:50,2026-06-20 19:10:45,2026-06-20 21:48:53
1506,56,refunded,75985,EUR,2026-06-07 21:23:53,2026-07-04 16:00:04,2026-07-04 19:23:28
1507,8,delivered,20995,USD,2026-06-08 01:02:59,2026-06-26 02:00:59,2026-06-26 06:15:47
1508,75,refunded,9996,EUR,2026-06-08 06:59:17,2026-06-25 03:24:03,2026-06-25 08:06:25
1509,56,delivered,40986,EUR,2026-06-09 15:06:09,2026-06-22 07:36:16,2026-06-22 12:44:51
1510,172,shipped,47995,AUD,2026-06-09 22:47:00,2026-07-02 21:47:15,2026-07-02 22:47:15
1511,46,shipped,8997,EUR,2026-06-10 13:54:05,2026-07-03 09:23:28,2026-07-03 10:25:05
1512,145,paid,3998,USD,2026-06-10 15:27:05,2026-07-08 13:29:53,2026-07-08 16:23:08
1513,153,delivered,8997,USD,2026-06-10 22:32:58,2026-07-10 06:08:18,2026-07-10 10:33:27
1514,10,pending,27994,EUR,2026-06-11 10:17:33,2026-06-30 09:28:22,2026-06-30 14:55:32
1515,23,delivered,11996,EUR,2026-06-11 13:55:06,2026-06-26 16:08:21,2026-06-26 19:14:46
1516,113,delivered,34491,USD,2026-06-12 01:01:03,2026-07-09 02:52:40,2026-07-09 05:10:23
1517,161,paid,42993,EUR,2026-06-12 07:09:52,2026-06-23 01:52:07,2026-06-23 06:47:57
1518,44,paid,11998,EUR,2026-06-12 07:58:22,2026-07-06 10:32:41,2026-07-06 15:27:35
1519,56,delivered,28993,EUR,2026-06-13 01:17:19,2026-06-29 03:54:53,2026-06-29 05:04:44
1520,33,delivered,29994,EUR,2026-06-13 09:35:08,2026-07-03 02:19:41,2026-07-03 06:43:18
1521,5,shipped,51988,USD,2026-06-13 19:26:14,2026-06-30 21:59:30,2026-07-01 03:13:26
1522,23,delivered,2999,EUR,2026-06-14 02:40:19,2026-07-14 00:37:19,2026-07-14 01:59:55
1523,178,paid,59994,EUR,2026-06-14 12:30:55,2026-06-26 00:57:02,2026-06-26 02:34:32
1524,150,paid,62989,EUR,2026-06-14 15:41:08,2026-06-25 11:41:33,2026-06-25 16:58:09
1525,150,paid,15995,EUR,2026-06-14 21:55:51,2026-07-09 18:50:47,2026-07-09 22:59:17
1526,7,shipped,35997,EUR,2026-06-15 09:14:58,2026-06-26 03:20:20,2026-06-26 06:19:06
1527,75,refunded,23995,EUR,2026-06-15 22:56:23,2026-07-05 04:06:26,2026-07-05 05:43:23
1528,35,paid,25495,GBP,2026-06-16 16:52:11,2026-06-26 00:48:23,2026-06-26 01:55:03
1529,7,cancelled,35997,EUR,2026-06-16 18:06:38,2026-07-13 06:31:47,2026-07-13 11:09:23
1530,174,cancelled,54488,EUR,2026-06-17 01:07:05,2026-07-09 18:21:13,2026-07-09 20:26:27
1531,138,shipped,5997,EUR,2026-06-17 13:54:15,2026-06-22 17:11:56,2026-06-22 22:26:05
1532,45,delivered,1999,EUR,2026-06-17 18:48:53,2026-06-22 15:25:10,2026-06-22 20:29:26
1533,75,shipped,57990,EUR,2026-06-17 21:50:42,2026-06-20 08:36:32,2026-06-20 11:00:17
1534,14,paid,13996,EUR,2026-06-18 08:57:28,2026-06-23 05:13:29,2026-06-23 11:08:37
1535,175,shipped,8997,EUR,2026-06-18 09:07:32,2026-06-30 18:18:52,2026-07-01 00:09:01
1536,38,delivered,1999,EUR,2026-06-18 10:25:31,2026-07-17 06:14:36,2026-07-17 10:04:54
1537,164,delivered,62485,EUR,2026-06-18 13:45:47,2026-07-14 03:58:50,2026-07-14 05:16:31
1538,169,delivered,8497,EUR,2026-06-19 01:11:00,2026-06-19 18:22:59,2026-06-19 22:43:08
1539,117,delivered,36990,EUR,2026-06-19 08:06:03,2026-07-17 01:36:39,2026-07-17 02:59:49
1540,6,shipped,43992,EUR,2026-06-19 10:01:39,2026-07-16 14:25:39,2026-07-16 19:50:49
1541,17,paid,44989,GBP,2026-06-19 11:41:22,2026-07-03 18:59:59,2026-07-03 23:23:29
1542,46,delivered,14498,EUR,2026-06-19 18:47:34,2026-07-03 20:53:35,2026-07-04 02:42:49
1543,45,delivered,23996,EUR,2026-06-20 07:48:20,2026-07-12 21:37:16,2026-07-13 02:24:42
1544,151,paid,3998,EUR,2026-06-20 14:56:39,2026-07-11 15:55:41,2026-07-11 17:25:20
1545,56,delivered,40992,EUR,2026-06-20 17:10:02,2026-07-13 08:46:05,2026-07-13 10:12:52
1546,160,delivered,55991,EUR,2026-06-21 07:10:14,2026-07-05 16:20:08,2026-07-05 22:09:01
1547,61,delivered,29993,AUD,2026-06-21 12:57:07,2026-07-11 22:29:35,2026-07-12 01:37:19
1548,186,delivered,5999,EUR,2026-06-22 00:55:38,2026-06-24 13:18:54,2026-06-24 18:12:40
1549,99,delivered,18995,EUR,2026-06-22 02:41:36,2026-07-02 09:20:38,2026-07-02 11:13:48
1550,104,shipped,23993,EUR,2026-06-23 08:20:35,2026-07-06 00:17:56,2026-07-06 03:51:36
1551,103,shipped,19997,AUD,2026-06-23 16:07:12,2026-06-26 12:51:06,2026-06-26 17:19:08
1552,84,delivered,26997,EUR,2026-06-23 16:47:15,2026-07-22 08:16:50,2026-07-22 13:39:58
1553,137,shipped,17998,EUR,2026-06-24 06:31:26,2026-07-14 01:12:47,2026-07-14 07:11:38
1554,82,delivered,21995,USD,2026-06-24 18:59:52,2026-07-20 22:15:27,2026-07-20 23:56:14
1555,49,paid,49991,EUR,2026-06-24 20:22:17,2026-07-20 12:46:12,2026-07-20 15:41:17
1556,5,delivered,31491,USD,2026-06-25 08:13:32,2026-07-14 14:19:17,2026-07-14 18:33:53
1557,18,delivered,27989,USD,2026-06-25 08:59:36,2026-07-21 07:41:01,2026-07-21 12:25:34
1558,81,delivered,8996,USD,2026-06-26 09:33:48,2026-07-07 21:18:04,2026-07-08 01:46:57
1559,52,delivered,17998,EUR,2026-06-26 20:42:55,2026-06-27 08:48:51,2026-06-27 14:26:23
1560,10,delivered,13996,EUR,2026-06-27 12:24:06,2026-07-03 03:01:52,2026-07-03 06:41:21
1561,81,shipped,23995,USD,2026-06-27 17:59:27,2026-06-27 23:12:27,2026-06-28 02:18:46
1562,145,delivered,11998,USD,2026-06-28 07:33:49,2026-07-14 11:06:45,2026-07-14 13:27:21
1563,161,refunded,40992,EUR,2026-06-28 10:28:49,2026-07-27 23:25:25,2026-07-28 03:55:31
1564,168,paid,35996,EUR,2026-06-28 20:17:09,2026-07-01 10:47:17,2026-07-01 15:43:39
1565,169,delivered,8997,EUR,2026-06-29 02:40:22,2026-07-08 06:18:32,2026-07-08 09:44:44
1566,158,paid,7497,EUR,2026-06-29 21:51:35,2026-07-24 13:36:07,2026-07-24 15:09:12
1567,186,paid,42992,EUR,2026-06-29 22:56:00,2026-07-08 23:02:15,2026-07-09 00:24:33
1568,89,delivered,17997,EUR,2026-06-30 02:12:16,2026-07-02 03:02:49,2026-07-02 04:58:02
1569,23,delivered,40990,EUR,2026-06-30 05:14:18,2026-07-06 10:32:32,2026-07-06 12:44:01
1570,56,paid,11996,EUR,2026-06-30 10:18:13,2026-07-10 14:59:27,2026-07-10 19:35:34
1571,45,paid,15995,EUR,2026-06-30 11:40:52,2026-07-05 09:18:47,2026-07-05 12:10:54
1572,125,pending,15993,GBP,2026-07-01 15:06:07,2026-07-21 18:18:51,2026-07-21 22:38:55
1573,114,paid,31995,USD,2026-07-01 19:02:00,2026-07-30 00:46:49,2026-07-30 05:29:47
1574,150,refunded,21996,EUR,2026-07-01 20:26:24,2026-07-13 16:01:28,2026-07-13 18:46:32
1575,45,delivered,10996,EUR,2026-07-02 06:48:06,2026-07-23 20:36:33,2026-07-23 22:22:38
1576,99,shipped,46995,EUR,2026-07-02 12:05:15,2026-07-31 06:50:38,2026-07-31 12:04:50
1577,161,delivered,5999,EUR,2026-07-02 12:45:53,2026-07-07 11:52:30,2026-07-07 16:19:49
1578,7,pending,58985,EUR,2026-07-03 15:50:30,2026-07-12 01:17:39,2026-07-12 05:27:39
1579,158,delivered,30990,EUR,2026-07-03 18:15:00,2026-07-24 06:48:05,2026-07-24 11:57:04
1580,138,delivered,31990,EUR,2026-07-03 23:35:13,2026-08-02 10:15:53,2026-08-02 15:55:28
1581,150,delivered,116485,EUR,2026-07-04 02:33:44,2026-07-04 19:43:04,2026-07-04 21:23:56
1582,174,delivered,26497,EUR,2026-07-04 09:45:59,2026-07-07 17:55:15,2026-07-07 19:48:50
1583,161,paid,36990,EUR,2026-07-04 10:35:40,2026-07-28 01:37:48,2026-07-28 06:06:01
1584,62,delivered,25992,EUR,2026-07-04 13:12:10,2026-07-28 03:46:18,2026-07-28 08:55:40
1585,90,pending,66492,CAD,2026-07-04 15:45:06,2026-07-08 11:58:58,2026-07-08 16:18:51
1586,90,refunded,99487,CAD,2026-07-04 17:26:18,2026-07-23 09:37:56,2026-07-23 12:07:32
1587,161,paid,21996,EUR,2026-07-05 04:23:00,2026-08-02 03:11:35,2026-08-02 06:05:22
1588,40,cancelled,17994,EUR,2026-07-05 13:01:25,2026-08-02 20:57:15,2026-08-03 00:31:47
1589,66,refunded,5998,EUR,2026-07-05 13:23:21,2026-07-05 20:48:54,2026-07-05 22:30:54
1590,35,delivered,22492,GBP,2026-07-05 18:26:58,2026-07-28 06:19:46,2026-07-28 07:42:58
1591,175,delivered,59991,EUR,2026-07-06 14:50:56,2026-07-17 14:23:47,2026-07-17 15:59:45
1592,164,delivered,30993,EUR,2026-07-06 15:02:03,2026-07-13 11:23:33,2026-07-13 13:04:15
1593,1,delivered,43989,AUD,2026-07-06 15:09:34,2026-07-19 05:37:04,2026-07-19 10:04:28
1594,81,delivered,19993,USD,2026-07-07 12:44:36,2026-07-27 14:46:53,2026-07-27 19:15:52
1595,46,delivered,17994,EUR,2026-07-07 13:13:46,2026-07-10 03:43:18,2026-07-10 07:18:41
1596,131,refunded,35994,CAD,2026-07-07 16:41:37,2026-07-31 00:25:23,2026-07-31 02:16:22
1597,24,shipped,41996,EUR,2026-07-07 19:44:37,2026-07-10 01:54:53,2026-07-10 05:00:03
1598,154,paid,56987,CAD,2026-07-08 09:13:15,2026-08-04 04:54:57,2026-08-04 08:40:22
1599,133,shipped,46991,EUR,2026-07-08 17:10:07,2026-07-19 03:10:44,2026-07-19 04:17:55
1600,145,delivered,14994,USD,2026-07-08 17:10:18,2026-07-13 17:12:12,2026-07-13 20:42:16
1601,90,delivered,11996,CAD,2026-07-09 04:21:38,2026-07-15 01:50:58,2026-07-15 07:12:32
1602,45,delivered,89989,EUR,2026-07-09 05:59:15,2026-07-11 19:16:16,2026-07-12 00:04:53
1603,166,delivered,10996,EUR,2026-07-10 04:20:16,2026-07-31 06:48:49,2026-07-31 08:48:03
1604,140,delivered,40991,EUR,2026-07-10 05:26:10,2026-07-18 22:43:35,2026-07-19 01:44:05
1605,58,delivered,38995,EUR,2026-07-10 21:23:14,2026-08-06 19:36:49,2026-08-07 01:29:33
1606,49,refunded,9997,EUR,2026-07-11 00:33:26,2026-07-11 03:38:43,2026-07-11 09:32:37
1607,172,paid,67488,AUD,2026-07-11 14:39:02,2026-07-12 13:46:17,2026-07-12 18:07:02
1608,153,shipped,3499,USD,2026-07-12 04:13:02,2026-07-30 16:44:36,2026-07-30 18:11:39
1609,55,delivered,9997,AUD,2026-07-12 14:40:24,2026-07-17 04:21:58,2026-07-17 06:11:56
1610,149,refunded,62989,EUR,2026-07-12 15:04:30,2026-08-06 22:29:43,2026-08-07 01:32:22
1611,161,shipped,21494,EUR,2026-07-13 00:03:00,2026-07-27 13:37:16,2026-07-27 15:41:34
1612,81,delivered,63991,USD,2026-07-13 06:46:20,2026-08-03 05:13:04,2026-08-03 07:38:33
1613,151,delivered,11496,EUR,2026-07-13 09:48:25,2026-07-28 23:34:04,2026-07-29 01:13:34
1614,149,refunded,25489,EUR,2026-07-13 11:06:46,2026-08-03 16:16:40,2026-08-03 20:13:49
1615,18,delivered,21994,USD,2026-07-14 01:13:10,2026-07-18 12:27:24,2026-07-18 15:36:40
1616,21,refunded,56488,EUR,2026-07-14 22:38:07,2026-08-11 16:59:02,2026-08-11 22:05:51
1617,154,delivered,15993,CAD,2026-07-15 11:25:43,2026-08-06 02:11:06,2026-08-06 08:01:43
1618,113,refunded,16495,USD,2026-07-15 17:43:44,2026-07-21 00:46:27,2026-07-21 06:40:51
1619,180,refunded,19995,EUR,2026-07-16 08:55:38,2026-07-16 23:43:05,2026-07-17 02:59:34
1620,56,shipped,19492,EUR,2026-07-16 12:51:07,2026-08-14 21:58:06,2026-08-14 23:13:11
1621,173,delivered,6997,EUR,2026-07-17 02:17:14,2026-08-03 11:09:51,2026-08-03 13:54:14
1622,21,refunded,4999,EUR,2026-07-17 11:24:02,2026-07-24 19:54:00,2026-07-24 21:25:16
1623,124,delivered,13998,GBP,2026-07-18 01:31:13,2026-08-01 13:17:19,2026-08-01 17:11:41
1624,40,shipped,38992,EUR,2026-07-18 19:16:29,2026-07-30 13:54:57,2026-07-30 17:49:17
1625,140,delivered,7997,EUR,2026-07-19 14:45:56,2026-08-15 18:59:01,2026-08-15 20:04:51
1626,173,delivered,3499,EUR,2026-07-19 16:15:22,2026-07-30 22:02:14,2026-07-31 01:34:54
1627,125,paid,26997,GBP,2026-07-19 23:28:48,2026-07-31 03:25:23,2026-07-31 07:40:52
1628,117,shipped,50991,EUR,2026-07-20 03:03:17,2026-07-31 06:02:36,2026-07-31 07:40:01
1629,131,delivered,5999,CAD,2026-07-20 06:39:10,2026-08-08 02:45:23,2026-08-08 05:42:27
1630,5,paid,64984,USD,2026-07-20 10:43:19,2026-08-13 13:32:58,2026-08-13 15:55:24
1631,37,delivered,51492,CAD,2026-07-20 15:11:34,2026-07-28 15:29:26,2026-07-28 17:47:52
1632,112,delivered,14995,AUD,2026-07-20 21:46:55,2026-07-27 07:21:34,2026-07-27 09:40:11
1633,154,delivered,25993,CAD,2026-07-21 19:28:29,2026-08-02 03:45:38,2026-08-02 07:37:28
1634,112,paid,5998,AUD,2026-07-21 20:50:04,2026-08-10 12:55:49,2026-08-10 17:15:18
1635,125,cancelled,25991,GBP,2026-07-22 19:25:33,2026-07-30 12:43:53,2026-07-30 14:44:08
1636,62,pending,22992,EUR,2026-07-22 20:52:20,2026-08-14 10:41:18,2026-08-14 12:54:36
1637,24,paid,81991,EUR,2026-07-22 23:30:08,2026-07-24 07:09:19,2026-07-24 10:14:09
1638,5,paid,37491,USD,2026-07-23 01:40:02,2026-08-05 13:20:42,2026-08-05 14:47:20
1639,61,refunded,114981,AUD,2026-07-23 02:04:39,2026-08-09 19:59:39,2026-08-09 21:56:24
1640,143,delivered,40992,USD,2026-07-23 04:52:48,2026-08-20 21:14:03,2026-08-20 23:34:42
1641,104,paid,13996,EUR,2026-07-23 15:02:06,2026-08-22 02:24:55,2026-08-22 08:04:06
1642,192,shipped,15996,CAD,2026-07-24 06:05:25,2026-08-22 00:27:28,2026-08-22 04:15:12
1643,161,delivered,67983,EUR,2026-07-24 15:40:51,2026-08-21 17:38:55,2026-08-21 22:53:51
1644,83,shipped,23996,AUD,2026-07-25 15:57:40,2026-08-09 20:48:53,2026-08-10 00:10:24
1645,75,shipped,11994,EUR,2026-07-25 23:14:18,2026-08-03 01:30:22,2026-08-03 04:00:40
1646,90,delivered,59994,CAD,2026-07-26 05:58:40,2026-08-03 10:45:39,2026-08-03 12:40:41
1647,70,cancelled,4998,EUR,2026-07-26 08:35:42,2026-08-06 19:37:55,2026-08-06 22:07:54
1648,175,paid,83486,EUR,2026-07-26 23:02:59,2026-08-14 07:23:26,2026-08-14 10:23:05
1649,24,shipped,73989,EUR,2026-07-27 06:14:45,2026-08-15 22:59:24,2026-08-16 02:58:16
1650,150,delivered,15997,EUR,2026-07-27 09:59:17,2026-08-20 07:04:33,2026-08-20 08:30:12
1651,116,paid,15995,EUR,2026-07-27 12:12:24,2026-07-29 01:35:56,2026-07-29 05:05:00
1652,33,shipped,15996,EUR,2026-07-28 06:43:22,2026-08-12 01:51:33,2026-08-12 06:02:16
1653,113,shipped,37994,USD,2026-07-28 07:41:45,2026-08-22 02:41:17,2026-08-22 05:17:24
1654,5,shipped,86990,USD,2026-07-29 07:49:31,2026-08-09 20:45:28,2026-08-09 22:06:25
1655,143,pending,23993,USD,2026-07-29 11:10:51,2026-07-30 12:07:06,2026-07-30 14:14:24
1656,124,paid,35487,GBP,2026-07-29 21:00:18,2026-08-19 03:27:08,2026-08-19 08:46:33
1657,1,cancelled,10996,AUD,2026-07-30 02:54:32,2026-08-19 03:25:33,2026-08-19 05:31:10
1658,82,shipped,52990,USD,2026-07-30 14:30:59,2026-08-22 20:25:29,2026-08-22 22:07:28
1659,69,shipped,22990,EUR,2026-07-31 08:19:03,2026-08-22 15:37:01,2026-08-22 19:35:26
1660,95,refunded,9996,EUR,2026-07-31 16:38:38,2026-08-13 22:35:22,2026-08-13 23:42:01
1661,17,shipped,21495,GBP,2026-07-31 21:35:40,2026-08-30 17:28:27,2026-08-30 23:10:39
1662,81,pending,15995,USD,2026-08-01 04:55:38,2026-08-23 08:46:29,2026-08-23 12:52:54
1663,19,delivered,29996,AUD,2026-08-01 05:30:13,2026-08-22 05:06:33,2026-08-22 08:36:24
1664,70,delivered,11998,EUR,2026-08-01 05:56:13,2026-08-09 16:35:10,2026-08-09 20:02:36
1665,90,paid,48989,CAD,2026-08-01 08:01:02,2026-08-30 08:00:10,2026-08-30 10:57:58
1666,133,shipped,53985,EUR,2026-08-02 02:24:17,2026-08-03 18:34:30,2026-08-03 22:39:11
1667,140,shipped,62993,EUR,2026-08-02 14:02:57,2026-08-28 15:36:44,2026-08-28 17:48:22
1668,52,delivered,25992,EUR,2026-08-02 22:25:15,2026-08-26 15:07:00,2026-08-26 16:40:04
1669,70,shipped,28991,EUR,2026-08-03 19:57:17,2026-08-05 07:35:40,2026-08-05 10:25:17
1670,37,shipped,15994,CAD,2026-08-03 20:51:01,2026-08-21 06:38:28,2026-08-21 11:56:16
1671,166,pending,3998,EUR,2026-08-03 21:43:07,2026-09-01 09:15:36,2026-09-01 10:26:17
1672,1,paid,17997,AUD,2026-08-04 11:06:55,2026-08-31 08:59:39,2026-08-31 14:39:49
1673,33,delivered,13996,EUR,2026-08-04 18:59:04,2026-09-02 04:12:46,2026-09-02 10:00:37
1674,65,delivered,2499,AUD,2026-08-05 02:43:24,2026-08-14 23:39:22,2026-08-15 03:00:45
1675,180,paid,3998,EUR,2026-08-05 09:38:55,2026-09-02 09:20:49,2026-09-02 11:43:54
1676,81,paid,8997,USD,2026-08-05 13:07:15,2026-08-16 21:02:01,2026-08-17 02:42:07
1677,18,delivered,30994,USD,2026-08-05 23:50:29,2026-08-15 06:26:04,2026-08-15 09:54:24
1678,133,refunded,73485,EUR,2026-08-06 04:52:11,2026-08-25 02:25:04,2026-08-25 04:56:44
1679,111,delivered,66989,EUR,2026-08-06 08:34:32,2026-08-13 23:29:51,2026-08-14 02:42:12
1680,37,shipped,11997,CAD,2026-08-06 22:35:44,2026-08-22 04:31:08,2026-08-22 09:51:39
1681,3,delivered,2999,EUR,2026-08-07 00:35:26,2026-08-26 18:14:14,2026-08-26 23:12:58
1682,58,shipped,27993,EUR,2026-08-07 01:02:27,2026-08-09 13:11:03,2026-08-09 14:18:50
1683,113,delivered,13996,USD,2026-08-07 02:02:01,2026-08-21 20:51:28,2026-08-22 02:48:02
1684,180,delivered,7997,EUR,2026-08-07 03:49:49,2026-08-26 18:06:44,2026-08-26 20:18:36
1685,174,shipped,36487,EUR,2026-08-07 22:45:43,2026-08-08 07:00:35,2026-08-08 11:55:07
1686,71,delivered,46493,EUR,2026-08-08 02:54:32,2026-08-10 09:58:01,2026-08-10 13:29:09
1687,155,shipped,20492,USD,2026-08-08 17:18:03,2026-08-25 01:58:12,2026-08-25 06:50:51
1688,75,paid,47991,EUR,2026-08-08 20:27:28,2026-08-26 20:35:40,2026-08-27 01:44:19
1689,178,delivered,5998,EUR,2026-08-09 00:23:34,2026-08-18 11:30:17,2026-08-18 16:47:25
1690,19,paid,84488,AUD,2026-08-09 05:02:56,2026-08-18 03:08:30,2026-08-18 05:27:58
1691,70,cancelled,13496,EUR,2026-08-09 17:09:02,2026-09-07 18:58:56,2026-09-08 00:07:48
1692,99,paid,15996,EUR,2026-08-10 12:15:18,2026-08-16 23:57:36,2026-08-17 05:30:54
1693,32,delivered,30493,EUR,2026-08-10 14:17:53,2026-09-09 01:33:34,2026-09-09 04:02:58
1694,61,paid,21494,AUD,2026-08-10 21:37:48,2026-09-01 03:00:12,2026-09-01 05:29:16
1695,19,shipped,3998,AUD,2026-08-11 09:39:59,2026-09-05 15:50:14,2026-09-05 17:16:55
1696,143,shipped,15995,USD,2026-08-11 19:59:06,2026-09-01 01:43:46,2026-09-01 05:45:12
1697,40,delivered,47994,EUR,2026-08-12 07:51:02,2026-08-12 15:10:32,2026-08-12 17:25:00
1698,24,shipped,11996,EUR,2026-08-12 13:09:19,2026-08-13 08:44:03,2026-08-13 13:58:38
1699,95,paid,42491,EUR,2026-08-12 13:26:13,2026-08-23 11:20:20,2026-08-23 14:12:12
1700,145,delivered,6999,USD,2026-08-12 22:07:01,2026-09-02 19:58:22,2026-09-03 00:33:18
1701,90,paid,24990,CAD,2026-08-12 22:40:37,2026-09-09 07:37:20,2026-09-09 10:40:32
1702,166,delivered,27993,EUR,2026-08-13 04:32:45,2026-08-19 22:27:09,2026-08-20 02:47:08
1703,164,delivered,56991,EUR,2026-08-13 07:03:27,2026-08-18 22:55:46,2026-08-19 02:22:03
1704,140,delivered,23996,EUR,2026-08-13 20:03:14,2026-09-03 00:42:31,2026-09-03 04:27:36
1705,47,shipped,20997,EUR,2026-08-13 22:49:21,2026-09-12 18:11:51,2026-09-12 21:12:14
1706,48,delivered,32996,EUR,2026-08-14 03:24:02,2026-08-17 16:12:03,2026-08-17 18:35:40
1707,116,delivered,7996,EUR,2026-08-14 18:30:20,2026-08-25 10:59:22,2026-08-25 15:11:35
1708,99,delivered,23994,EUR,2026-08-14 19:57:33,2026-08-15 17:56:48,2026-08-15 19:22:22
1709,174,delivered,46988,EUR,2026-08-15 04:01:14,2026-09-13 23:29:31,2026-09-14 00:32:44
1710,75,delivered,27994,EUR,2026-08-15 13:12:28,2026-09-13 07:00:20,2026-09-13 08:21:46
1711,10,shipped,14994,EUR,2026-08-15 15:49:57,2026-09-09 23:14:16,2026-09-10 00:39:26
1712,51,refunded,11997,EUR,2026-08-16 02:36:06,2026-09-13 20:00:34,2026-09-14 00:42:34
1713,111,cancelled,23492,EUR,2026-08-16 16:28:59,2026-09-01 13:09:08,2026-09-01 16:11:26
1714,56,paid,5999,EUR,2026-08-16 20:47:08,2026-09-15 18:59:13,2026-09-15 21:46:04
1715,49,paid,59491,EUR,2026-08-16 23:31:02,2026-08-21 10:34:13,2026-08-21 12:46:00
1716,99,delivered,7497,EUR,2026-08-17 02:03:05,2026-08-22 05:59:06,2026-08-22 07:34:21
1717,169,shipped,22494,EUR,2026-08-17 06:57:06,2026-08-19 14:43:05,2026-08-19 19:10:47
1718,154,refunded,12996,CAD,2026-08-17 13:57:35,2026-08-29 05:28:43,2026-08-29 08:36:55
1719,154,delivered,11999,CAD,2026-08-18 00:43:53,2026-09-01 16:14:11,2026-09-01 21:59:55
1720,32,delivered,107981,EUR,2026-08-18 15:04:13,2026-09-16 01:20:33,2026-09-16 06:14:47
1721,192,delivered,8999,CAD,2026-08-19 14:00:11,2026-09-15 05:18:38,2026-09-15 09:36:52
1722,1,cancelled,9997,AUD,2026-08-19 16:52:54,2026-08-24 03:44:21,2026-08-24 05:41:51
1723,56,paid,29993,EUR,2026-08-19 19:37:34,2026-08-28 21:55:14,2026-08-29 02:46:36
1724,48,shipped,7497,EUR,2026-08-19 21:24:55,2026-09-01 07:06:48,2026-09-01 11:14:41
1725,116,refunded,123982,EUR,2026-08-20 00:22:14,2026-09-03 05:24:08,2026-09-03 08:40:49
1726,69,delivered,30493,EUR,2026-08-20 07:53:59,2026-09-17 14:59:17,2026-09-17 17:21:46
1727,70,shipped,17998,EUR,2026-08-20 08:47:19,2026-09-13 23:39:09,2026-09-14 01:57:45
1728,173,shipped,57485,EUR,2026-08-20 19:53:18,2026-08-21 16:09:17,2026-08-21 18:55:30
1729,131,delivered,35989,CAD,2026-08-21 03:55:16,2026-08-26 09:52:21,2026-08-26 14:06:43
1730,13,shipped,57992,EUR,2026-08-21 11:32:15,2026-08-27 22:52:08,2026-08-28 03:10:08
1731,145,pending,6498,USD,2026-08-21 11:49:45,2026-09-02 03:11:05,2026-09-02 05:56:27
1732,168,shipped,3998,EUR,2026-08-21 18:45:32,2026-09-08 14:27:16,2026-09-08 16:59:39
1733,55,paid,13495,AUD,2026-08-21 18:46:56,2026-08-31 11:05:16,2026-08-31 12:11:53
1734,127,refunded,8497,EUR,2026-08-22 14:28:31,2026-09-10 03:54:40,2026-09-10 09:30:41
1735,143,delivered,3999,USD,2026-08-22 17:33:44,2026-09-06 11:11:27,2026-09-06 14:19:14
1736,143,refunded,13495,USD,2026-08-22 19:15:46,2026-08-29 23:58:35,2026-08-30 04:17:40
1737,6,shipped,21991,EUR,2026-08-22 20:47:27,2026-09-07 22:50:35,2026-09-08 04:15:47
1738,8,paid,10996,USD,2026-08-23 02:46:06,2026-09-03 09:33:28,2026-09-03 13:00:21
1739,112,shipped,45990,AUD,2026-08-23 03:50:21,2026-09-06 06:36:13,2026-09-06 10:03:22
1740,90,paid,37994,CAD,2026-08-23 08:33:53,2026-08-28 05:01:44,2026-08-28 09:24:54
1741,138,delivered,4998,EUR,2026-08-23 10:47:27,2026-09-10 18:02:36,2026-09-11 00:01:13
1742,153,delivered,23996,USD,2026-08-24 00:32:50,2026-08-28 19:08:19,2026-08-28 22:27:48
1743,104,shipped,5998,EUR,2026-08-24 02:40:20,2026-08-24 09:30:14,2026-08-24 14:03:29
1744,140,delivered,72487,EUR,2026-08-24 18:49:52,2026-09-10 20:01:21,2026-09-10 23:01:42
1745,58,paid,27493,EUR,2026-08-24 19:06:28,2026-09-12 07:40:15,2026-09-12 11:06:33
1746,3,delivered,1999,EUR,2026-08-25 00:32:56,2026-09-15 21:35:47,2026-09-16 01:08:34
1747,153,delivered,6999,USD,2026-08-25 12:41:36,2026-09-17 22:25:12,2026-09-18 00:55:28
1748,95,delivered,42991,EUR,2026-08-25 14:52:31,2026-09-10 10:31:21,2026-09-10 15:00:46
1749,127,refunded,33990,EUR,2026-08-26 00:38:45,2026-09-09 01:23:53,2026-09-09 04:43:59
1750,166,delivered,17997,EUR,2026-08-26 21:25:38,2026-09-08 14:21:22,2026-09-08 16:31:00
1751,55,refunded,59989,AUD,2026-08-26 22:32:33,2026-09-24 08:44:44,2026-09-24 12:49:58
1752,186,paid,2999,EUR,2026-08-27 06:53:59,2026-08-28 06:35:33,2026-08-28 11:58:19
1753,149,delivered,47996,EUR,2026-08-27 15:04:34,2026-09-24 03:24:48,2026-09-24 05:54:19
1754,45,delivered,4998,EUR,2026-08-27 20:32:10,2026-08-30 22:32:34,2026-08-31 03:14:41
1755,6,shipped,26997,EUR,2026-08-28 06:46:24,2026-09-21 04:54:21,2026-09-21 10:15:02
1756,14,cancelled,69486,EUR,2026-08-28 12:19:00,2026-09-21 04:04:23,2026-09-21 08:08:29
1757,9,delivered,44494,EUR,2026-08-29 09:23:38,2026-09-25 10:39:38,2026-09-25 14:32:17
1758,137,delivered,68990,EUR,2026-08-29 13:05:24,2026-09-10 02:41:41,2026-09-10 06:35:30
1759,51,refunded,4498,EUR,2026-08-29 16:44:16,2026-09-04 02:19:42,2026-09-04 06:06:50
1760,161,delivered,19996,EUR,2026-08-30 01:49:02,2026-09-23 13:22:57,2026-09-23 14:38:41
1761,174,delivered,34492,EUR,2026-08-30 03:54:51,2026-08-30 20:32:57,2026-08-30 23:39:53
1762,172,shipped,47489,AUD,2026-08-30 16:05:03,2026-09-17 06:20:17,2026-09-17 08:07:49
1763,55,delivered,42993,AUD,2026-08-30 19:53:38,2026-09-14 11:08:08,2026-09-14 16:28:36
1764,18,paid,19493,USD,2026-08-30 23:50:59,2026-09-10 05:14:43,2026-09-10 06:33:16
1765,81,delivered,6998,USD,2026-08-31 10:37:56,2026-09-17 15:02:14,2026-09-17 17:14:51
1766,99,paid,12997,EUR,2026-08-31 16:51:39,2026-09-25 09:56:03,2026-09-25 10:56:10
1767,112,delivered,47996,AUD,2026-08-31 22:37:04,2026-09-11 12:40:16,2026-09-11 16:47:40
1768,44,pending,25492,EUR,2026-09-01 04:14:40,2026-09-03 20:38:21,2026-09-04 00:45:37
1769,10,paid,49992,EUR,2026-09-01 09:14:38,2026-09-07 20:09:13,2026-09-08 00:35:08
1770,6,delivered,17995,EUR,2026-09-01 11:27:18,2026-10-01 09:40:52,2026-10-01 12:41:57
1771,55,delivered,17997,AUD,2026-09-01 19:17:23,2026-09-30 00:47:08,2026-09-30 06:39:57
1772,89,paid,34993,EUR,2026-09-02 01:56:42,2026-09-11 21:55:57,2026-09-12 00:59:51
1773,113,delivered,8999,USD,2026-09-02 09:34:39,2026-09-13 11:14:52,2026-09-13 14:21:27
1774,62,delivered,40993,EUR,2026-09-03 03:10:33,2026-09-23 03:31:39,2026-09-23 06:47:18
1775,57,delivered,24990,EUR,2026-09-03 04:12:39,2026-09-08 15:44:25,2026-09-08 21:17:52
1776,138,refunded,42993,EUR,2026-09-03 20:43:18,2026-09-14 16:23:52,2026-09-14 19:25:03
1777,36,cancelled,1999,CAD,2026-09-03 22:07:59,2026-09-07 07:51:03,2026-09-07 11:04:15
1778,158,delivered,26990,EUR,2026-09-04 00:47:38,2026-10-01 16:15:24,2026-10-01 19:34:26
1779,22,shipped,10996,EUR,2026-09-04 02:07:35,2026-10-02 14:30:29,2026-10-02 20:24:10
1780,127,delivered,62988,EUR,2026-09-04 06:47:33,2026-09-13 06:28:33,2026-09-13 11:52:48
1781,36,delivered,21995,CAD,2026-09-04 16:51:52,2026-09-15 06:45:22,2026-09-15 11:16:51
1782,143,delivered,26997,USD,2026-09-04 19:03:59,2026-09-22 17:56:02,2026-09-22 23:01:01
1783,67,delivered,12996,EUR,2026-09-05 00:39:08,2026-09-16 12:08:36,2026-09-16 17:38:48
1784,149,delivered,27989,EUR,2026-09-05 19:14:43,2026-09-28 16:35:00,2026-09-28 20:45:43
1785,22,shipped,35995,EUR,2026-09-06 03:16:59,2026-10-01 17:54:15,2026-10-01 20:33:00
1786,133,paid,17998,EUR,2026-09-06 10:46:15,2026-09-12 03:07:03,2026-09-12 05:17:29
1787,82,refunded,7998,USD,2026-09-06 19:15:36,2026-10-04 07:49:35,2026-10-04 10:04:55
1788,37,paid,24990,CAD,2026-09-06 19:20:28,2026-10-01 18:55:22,2026-10-01 23:49:22
1789,3,delivered,9996,EUR,2026-09-06 19:41:22,2026-09-19 15:17:14,2026-09-19 20:37:07
1790,143,paid,47487,USD,2026-09-06 21:45:24,2026-10-06 06:48:25,2026-10-06 11:36:51
1791,17,delivered,37490,GBP,2026-09-07 11:46:41,2026-09-24 18:06:25,2026-09-24 22:36:09
1792,93,shipped,11996,AUD,2026-09-07 13:19:26,2026-09-09 00:21:09,2026-09-09 05:03:15
1793,23,delivered,32990,EUR,2026-09-08 00:29:12,2026-09-22 10:12:52,2026-09-22 12:11:58
1794,45,refunded,21996,EUR,2026-09-08 04:17:26,2026-09-11 23:47:04,2026-09-12 00:50:17
1795,33,cancelled,71488,EUR,2026-09-08 13:05:42,2026-09-12 22:08:19,2026-09-13 03:47:44
1796,7,delivered,38989,EUR,2026-09-09 05:42:26,2026-09-11 01:04:07,2026-09-11 04:54:15
1797,117,delivered,58991,EUR,2026-09-09 20:04:56,2026-09-21 03:36:57,2026-09-21 05:52:33
1798,70,paid,32992,EUR,2026-09-10 01:35:30,2026-10-01 06:44:55,2026-10-01 12:07:24
1799,83,shipped,5997,AUD,2026-09-10 07:59:45,2026-09-27 11:59:59,2026-09-27 17:10:35
1800,47,paid,47987,EUR,2026-09-10 17:19:01,2026-09-13 17:17:55,2026-09-13 19:04:30
1801,17,delivered,46491,GBP,2026-09-10 18:09:37,2026-09-15 17:54:59,2026-09-15 23:46:03
1802,180,delivered,15994,EUR,2026-09-11 19:08:40,2026-09-23 07:23:27,2026-09-23 09:08:26
1803,66,paid,32491,EUR,2026-09-11 20:38:36,2026-10-05 23:52:28,2026-10-06 05:48:27
1804,145,delivered,73986,USD,2026-09-11 20:49:40,2026-09-17 12:43:45,2026-09-17 17:38:38
1805,133,shipped,17998,EUR,2026-09-11 22:51:15,2026-09-24 15:43:58,2026-09-24 18:51:49
1806,128,delivered,30991,EUR,2026-09-12 07:32:38,2026-09-27 00:14:15,2026-09-27 01:43:48
1807,98,delivered,15997,EUR,2026-09-12 11:00:30,2026-10-02 23:03:26,2026-10-03 04:19:40
1808,81,paid,86491,USD,2026-09-13 07:45:27,2026-10-05 04:13:06,2026-10-05 05:36:07
1809,52,delivered,48992,EUR,2026-09-13 13:11:26,2026-09-18 06:26:48,2026-09-18 09:02:47
1810,117,delivered,131988,EUR,2026-09-14 08:07:41,2026-10-01 07:26:39,2026-10-01 12:18:29
1811,23,cancelled,10996,EUR,2026-09-14 15:52:12,2026-09-15 11:42:43,2026-09-15 13:04:44
1812,125,delivered,17996,GBP,2026-09-15 01:24:13,2026-10-01 18:32:01,2026-10-01 22:23:29
1813,54,delivered,20993,EUR,2026-09-15 08:13:59,2026-09-24 07:39:25,2026-09-24 10:32:36
1814,18,paid,37991,USD,2026-09-15 23:30:35,2026-09-27 14:42:52,2026-09-27 17:37:11
1815,56,paid,32488,EUR,2026-09-16 00:22:54,2026-10-01 02:32:22,2026-10-01 05:00:22
1816,44,paid,5998,EUR,2026-09-16 10:58:35,2026-10-08 14:24:22,2026-10-08 18:58:19
1817,150,delivered,52989,EUR,2026-09-17 05:46:34,2026-10-11 14:31:41,2026-10-11 19:20:59
1818,52,delivered,41993,EUR,2026-09-17 07:47:53,2026-10-12 18:20:55,2026-10-12 22:04:52
1819,117,refunded,32994,EUR,2026-09-18 03:33:56,2026-10-05 17:48:10,2026-10-05 22:04:58
1820,168,shipped,33991,EUR,2026-09-18 13:29:04,2026-10-13 23:02:20,2026-10-14 02:51:53
1821,127,delivered,72990,EUR,2026-09-18 15:44:11,2026-10-11 20:23:27,2026-10-11 23:48:26
1822,93,paid,39996,AUD,2026-09-18 23:56:16,2026-09-29 17:17:46,2026-09-29 19:06:17
1823,20,refunded,15997,CAD,2026-09-19 05:46:11,2026-09-28 21:56:51,2026-09-29 03:40:48
1824,138,paid,65489,EUR,2026-09-19 07:41:18,2026-09-25 21:46:11,2026-09-26 00:17:28
1825,62,delivered,10497,EUR,2026-09-19 12:51:18,2026-10-15 05:54:51,2026-10-15 08:24:25
1826,166,refunded,13995,EUR,2026-09-19 16:31:03,2026-10-06 01:53:33,2026-10-06 03:47:48
1827,117,refunded,25990,EUR,2026-09-19 17:55:04,2026-09-23 16:33:37,2026-09-23 19:58:24
1828,89,paid,11998,EUR,2026-09-20 02:05:33,2026-10-05 19:32:29,2026-10-06 00:24:55
1829,154,delivered,16993,CAD,2026-09-20 09:33:11,2026-10-16 04:13:20,2026-10-16 07:02:39
1830,69,delivered,46989,EUR,2026-09-20 11:47:12,2026-09-28 03:49:27,2026-09-28 06:45:30
1831,17,refunded,5997,GBP,2026-09-21 01:19:21,2026-10-20 05:49:08,2026-10-20 10:30:02
1832,17,delivered,4998,GBP,2026-09-21 01:37:50,2026-09-25 04:16:38,2026-09-25 06:12:08
1833,10,delivered,8999,EUR,2026-09-21 11:31:51,2026-10-05 20:20:35,2026-10-06 01:14:35
1834,127,refunded,38995,EUR,2026-09-22 05:33:31,2026-10-14 07:49:50,2026-10-14 10:27:16
1835,45,cancelled,23998,EUR,2026-09-22 05:39:38,2026-09-26 10:37:16,2026-09-26 15:14:03
1836,75,paid,11996,EUR,2026-09-22 09:07:23,2026-10-07 20:16:11,2026-10-07 21:51:58
1837,23,shipped,32988,EUR,2026-09-23 15:57:35,2026-10-15 15:18:41,2026-10-15 16:57:57
1838,168,delivered,30494,EUR,2026-09-23 16:59:57,2026-10-09 05:18:26,2026-10-09 09:38:27
1839,71,pending,35494,EUR,2026-09-23 20:09:41,2026-10-23 01:01:28,2026-10-23 02:33:59
1840,9,paid,47991,EUR,2026-09-24 06:37:21,2026-10-21 09:08:53,2026-10-21 12:19:44
1841,128,refunded,47490,EUR,2026-09-24 12:53:56,2026-10-01 09:41:43,2026-10-01 14:43:09
1842,56,refunded,11996,EUR,2026-09-24 17:04:53,2026-10-03 21:51:14,2026-10-04 03:45:38
1843,148,delivered,7497,EUR,2026-09-24 18:11:16,2026-09-29 02:52:06,2026-09-29 06:10:38
1844,38,paid,5997,EUR,2026-09-24 19:22:49,2026-10-24 11:37:28,2026-10-24 17:04:07
1845,186,delivered,15996,EUR,2026-09-25 05:18:45,2026-10-18 14:55:05,2026-10-18 19:27:20
1846,148,delivered,23995,EUR,2026-09-25 22:55:11,2026-10-10 22:51:30,2026-10-11 02:06:08
1847,143,delivered,41492,USD,2026-09-25 23:12:21,2026-10-18 21:51:25,2026-10-18 23:27:20
1848,47,shipped,4998,EUR,2026-09-26 02:57:48,2026-10-03 08:51:18,2026-10-03 10:27:17
1849,45,pending,30992,EUR,2026-09-26 07:03:58,2026-09-28 07:58:29,2026-09-28 12:08:31
1850,40,delivered,89986,EUR,2026-09-26 21:16:43,2026-10-06 09:53:34,2026-10-06 15:19:33
1851,153,shipped,28494,USD,2026-09-26 22:41:52,2026-10-11 20:16:25,2026-10-11 21:45:26
1852,89,shipped,18993,EUR,2026-09-27 02:38:01,2026-10-03 11:11:35,2026-10-03 15:02:26
1853,62,paid,40992,EUR,2026-09-27 03:33:47,2026-10-24 10:25:15,2026-10-24 14:43:54
1854,127,delivered,11999,EUR,2026-09-27 21:03:22,2026-10-18 03:57:13,2026-10-18 06:55:15
1855,95,paid,15996,EUR,2026-09-28 09:51:45,2026-10-26 19:04:35,2026-10-26 21:38:20
1856,70,shipped,26997,EUR,2026-09-28 17:23:12,2026-10-13 04:27:26,2026-10-13 09:39:53
1857,138,refunded,14996,EUR,2026-09-28 17:50:43,2026-10-22 14:13:09,2026-10-22 19:47:04
1858,29,refunded,15996,EUR,2026-09-29 06:08:34,2026-10-05 05:37:42,2026-10-05 09:31:12
1859,154,delivered,19993,CAD,2026-09-29 13:36:25,2026-10-09 12:01:08,2026-10-09 15:47:08
1860,173,pending,7998,EUR,2026-09-29 16:31:45,2026-10-11 17:04:05,2026-10-11 19:01:40
1861,166,paid,38990,EUR,2026-09-30 05:53:53,2026-10-15 19:59:24,2026-10-15 21:28:47
1862,55,delivered,23996,AUD,2026-09-30 10:36:36,2026-10-09 11:42:05,2026-10-09 15:13:10
1863,155,delivered,18495,USD,2026-09-30 22:38:22,2026-10-02 22:46:23,2026-10-03 04:40:34
1864,86,shipped,38985,EUR,2026-10-01 03:03:26,2026-10-07 19:17:13,2026-10-07 20:19:29
1865,20,paid,14998,CAD,2026-10-01 09:30:19,2026-10-12 13:14:52,2026-10-12 16:11:34
1866,149,shipped,56993,EUR,2026-10-01 23:24:51,2026-10-31 00:09:08,2026-10-31 02:35:15
1867,35,shipped,17993,GBP,2026-10-02 07:46:06,2026-10-21 03:35:43,2026-10-21 06:28:47
1868,148,paid,44993,EUR,2026-10-02 21:33:17,2026-10-20 21:36:16,2026-10-21 01:37:57
1869,93,delivered,9996,AUD,2026-10-02 21:48:16,2026-10-13 15:27:18,2026-10-13 20:28:43
1870,67,delivered,15995,EUR,2026-10-03 14:47:11,2026-10-07 17:50:49,2026-10-07 21:16:45
1871,7,shipped,27996,EUR,2026-10-03 19:34:51,2026-10-06 12:35:00,2026-10-06 18:05:27
1872,54,paid,28492,EUR,2026-10-04 01:36:49,2026-10-17 08:16:54,2026-10-17 11:31:08
1873,82,delivered,3999,USD,2026-10-04 04:18:39,2026-10-07 05:30:56,2026-10-07 10:19:54
1874,95,cancelled,11997,EUR,2026-10-05 11:58:53,2026-10-17 20:27:54,2026-10-17 23:45:27
1875,9,delivered,35989,EUR,2026-10-05 13:11:09,2026-10-13 12:20:02,2026-10-13 17:46:52
1876,154,shipped,29996,CAD,2026-10-05 14:19:37,2026-11-02 12:36:43,2026-11-02 14:13:10
1877,102,paid,13996,EUR,2026-10-06 00:51:59,2026-11-03 22:20:09,2026-11-04 03:50:29
1878,46,delivered,9996,EUR,2026-10-06 07:10:00,2026-10-21 17:05:30,2026-10-21 21:57:16
1879,70,shipped,8997,EUR,2026-10-07 11:25:35,2026-10-18 23:48:20,2026-10-19 03:23:29
1880,104,shipped,53993,EUR,2026-10-07 18:13:07,2026-11-02 18:38:23,2026-11-02 20:22:14
1881,154,delivered,63985,CAD,2026-10-07 18:13:53,2026-11-04 07:03:37,2026-11-04 12:42:38
1882,125,delivered,54489,GBP,2026-10-07 23:14:54,2026-10-30 05:29:41,2026-10-30 08:04:30
1883,153,refunded,4998,USD,2026-10-08 00:41:58,2026-10-09 01:36:29,2026-10-09 04:49:22
1884,143,delivered,10997,USD,2026-10-08 03:07:10,2026-10-28 00:50:36,2026-10-28 03:10:00
1885,143,delivered,4998,USD,2026-10-08 13:04:54,2026-10-20 12:41:04,2026-10-20 17:24:06
1886,40,refunded,16994,EUR,2026-10-09 00:09:31,2026-10-21 12:44:41,2026-10-21 16:14:38
1887,153,refunded,35990,USD,2026-10-09 15:47:22,2026-11-01 13:15:51,2026-11-01 18:30:29
1888,133,delivered,43990,EUR,2026-10-09 16:32:26,2026-10-12 16:05:21,2026-10-12 19:58:46
1889,178,delivered,66989,EUR,2026-10-10 09:04:25,2026-10-29 00:43:29,2026-10-29 05:45:25
1890,66,refunded,31995,EUR,2026-10-10 15:57:44,2026-10-24 01:00:42,2026-10-24 03:12:24
1891,104,delivered,69989,EUR,2026-10-11 15:05:58,2026-11-09 03:39:58,2026-11-09 07:46:22
1892,169,delivered,8496,EUR,2026-10-11 16:14:43,2026-11-04 13:54:36,2026-11-04 18:01:15
1893,100,delivered,59993,EUR,2026-10-11 20:36:56,2026-11-04 23:12:50,2026-11-05 01:06:30
1894,22,delivered,53986,EUR,2026-10-12 04:05:10,2026-10-26 18:40:09,2026-10-26 23:03:14
1895,133,cancelled,84485,EUR,2026-10-12 07:46:05,2026-11-09 10:43:35,2026-11-09 16:38:06
1896,178,delivered,53990,EUR,2026-10-12 08:51:27,2026-10-30 15:42:44,2026-10-30 21:41:51
1897,5,delivered,43992,USD,2026-10-12 14:20:05,2026-11-10 00:05:08,2026-11-10 03:03:05
1898,89,pending,51992,EUR,2026-10-13 08:09:11,2026-10-29 07:48:02,2026-10-29 12:45:13
1899,155,delivered,3499,USD,2026-10-13 10:55:49,2026-11-07 05:39:31,2026-11-07 09:33:52
1900,196,delivered,70989,AUD,2026-10-13 15:30:09,2026-10-31 03:39:07,2026-10-31 05:31:35
1901,1,shipped,67991,AUD,2026-10-13 16:55:23,2026-11-06 21:40:27,2026-11-07 00:16:49
1902,149,delivered,35996,EUR,2026-10-13 22:02:30,2026-10-15 11:13:28,2026-10-15 17:02:44
1903,9,paid,52491,EUR,2026-10-14 03:59:51,2026-11-02 04:06:53,2026-11-02 07:53:59
1904,178,delivered,17998,EUR,2026-10-14 07:03:34,2026-11-05 10:26:39,2026-11-05 13:34:51
1905,3,delivered,37992,EUR,2026-10-14 16:09:59,2026-10-29 18:25:35,2026-10-30 00:09:22
1906,17,delivered,25495,GBP,2026-10-15 01:10:50,2026-10-31 15:04:00,2026-10-31 18:19:20
1907,103,delivered,11996,AUD,2026-10-15 13:01:06,2026-11-13 20:58:38,2026-11-14 00:32:35
1908,186,delivered,55990,EUR,2026-10-16 01:16:22,2026-10-18 16:58:49,2026-10-18 21:20:30
1909,7,pending,59985,EUR,2026-10-16 07:52:37,2026-11-02 13:25:13,2026-11-02 16:09:13
1910,61,cancelled,32994,AUD,2026-10-16 10:53:17,2026-11-10 05:07:24,2026-11-10 09:05:20
1911,89,paid,29994,EUR,2026-10-17 00:36:07,2026-10-22 04:00:57,2026-10-22 07:23:33
1912,116,paid,25993,EUR,2026-10-17 17:15:51,2026-11-02 01:49:30,2026-11-02 03:19:52
1913,25,refunded,31992,EUR,2026-10-17 19:19:55,2026-11-06 01:27:11,2026-11-06 03:29:57
1914,143,delivered,38994,USD,2026-10-18 11:10:06,2026-11-04 22:58:14,2026-11-05 01:01:45
1915,98,delivered,4998,EUR,2026-10-18 11:29:13,2026-11-10 02:27:04,2026-11-10 04:54:52
1916,61,shipped,8997,AUD,2026-10-18 15:22:56,2026-11-17 12:44:53,2026-11-17 17:24:38
1917,104,delivered,1999,EUR,2026-10-18 23:02:27,2026-11-07 03:28:27,2026-11-07 04:45:20
1918,113,shipped,54991,USD,2026-10-19 10:31:00,2026-11-11 02:21:18,2026-11-11 04:32:41
1919,37,delivered,33993,CAD,2026-10-19 17:31:54,2026-10-30 09:54:23,2026-10-30 12:55:29
1920,46,delivered,40992,EUR,2026-10-20 00:00:27,2026-10-31 00:24:45,2026-10-31 03:29:48
1921,174,paid,18995,EUR,2026-10-20 13:57:47,2026-11-02 06:55:18,2026-11-02 08:56:50
1922,169,paid,46490,EUR,2026-10-20 14:38:21,2026-11-02 12:43:33,2026-11-02 14:39:10
1923,82,delivered,18994,USD,2026-10-20 22:50:34,2026-11-19 12:31:40,2026-11-19 13:32:20
1924,7,shipped,15493,EUR,2026-10-21 21:10:46,2026-11-04 16:37:50,2026-11-04 22:22:03
1925,61,cancelled,5997,AUD,2026-10-21 21:56:59,2026-10-29 01:23:35,2026-10-29 02:50:22
1926,137,pending,5999,EUR,2026-10-22 06:00:17,2026-10-30 23:46:38,2026-10-31 03:25:25
1927,138,delivered,1999,EUR,2026-10-22 08:05:35,2026-10-26 02:30:57,2026-10-26 04:26:14
1928,40,refunded,8999,EUR,2026-10-23 10:01:41,2026-10-26 13:37:31,2026-10-26 19:12:01
1929,45,shipped,41994,EUR,2026-10-23 11:14:27,2026-11-11 22:40:39,2026-11-12 01:36:54
1930,61,cancelled,77483,AUD,2026-10-23 15:11:47,2026-10-25 09:21:18,2026-10-25 11:20:00
1931,148,cancelled,16994,EUR,2026-10-23 21:55:15,2026-10-30 12:55:50,2026-10-30 15:28:05
1932,51,cancelled,7997,EUR,2026-10-24 04:14:38,2026-10-26 17:32:46,2026-10-26 22:52:38
1933,124,refunded,36990,GBP,2026-10-24 05:34:47,2026-11-19 04:19:26,2026-11-19 09:50:41
1934,83,shipped,1999,AUD,2026-10-25 02:32:52,2026-10-25 02:56:06,2026-10-25 07:21:39
1935,133,delivered,2999,EUR,2026-10-25 11:27:49,2026-10-30 03:08:46,2026-10-30 05:22:00
1936,138,delivered,59991,EUR,2026-10-25 11:33:45,2026-10-30 14:16:06,2026-10-30 19:39:35
1937,178,refunded,11498,EUR,2026-10-25 14:23:11,2026-10-30 22:29:22,2026-10-31 00:41:16
1938,86,delivered,25990,EUR,2026-10-25 18:51:52,2026-11-04 00:45:45,2026-11-04 02:53:59
1939,90,delivered,2499,CAD,2026-10-26 06:59:29,2026-11-09 09:48:58,2026-11-09 12:25:53
1940,129,refunded,28996,EUR,2026-10-26 21:50:40,2026-10-27 11:26:28,2026-10-27 14:52:36
1941,8,delivered,25988,USD,2026-10-27 01:38:37,2026-11-11 22:41:51,2026-11-12 01:30:53
1942,175,shipped,63488,EUR,2026-10-27 20:40:28,2026-11-12 16:16:20,2026-11-12 17:28:12
1943,103,cancelled,1999,AUD,2026-10-28 07:39:36,2026-11-21 02:08:17,2026-11-21 07:01:48
1944,75,delivered,4998,EUR,2026-10-28 09:38:22,2026-11-26 09:46:16,2026-11-26 13:46:56
1945,33,delivered,26997,EUR,2026-10-28 18:37:50,2026-11-02 19:19:22,2026-11-02 21:06:38
1946,71,pending,4498,EUR,2026-10-28 18:46:24,2026-11-15 11:59:02,2026-11-15 14:40:36
1947,93,delivered,37486,AUD,2026-10-29 11:00:14,2026-11-08 13:53:08,2026-11-08 16:05:07
1948,128,refunded,18994,EUR,2026-10-29 11:36:18,2026-11-04 16:41:56,2026-11-04 20:28:09
1949,131,shipped,31986,CAD,2026-10-29 11:45:34,2026-11-14 20:37:13,2026-11-15 00:26:53
1950,86,shipped,33489,EUR,2026-10-29 16:19:44,2026-11-26 12:28:48,2026-11-26 15:31:00
1951,99,paid,10996,EUR,2026-10-30 03:23:24,2026-11-02 17:34:53,2026-11-02 21:47:35
1952,168,shipped,72487,EUR,2026-10-30 18:38:12,2026-11-15 04:44:27,2026-11-15 08:49:13
1953,45,pending,19997,EUR,2026-10-31 05:55:48,2026-11-20 23:37:48,2026-11-21 03:17:07
1954,116,shipped,3499,EUR,2026-10-31 14:28:02,2026-11-20 11:19:54,2026-11-20 14:33:10
1955,57,delivered,56989,EUR,2026-11-01 01:43:06,2026-11-28 16:13:22,2026-11-28 17:18:46
1956,133,shipped,9496,EUR,2026-11-01 10:08:20,2026-11-06 05:54:58,2026-11-06 10:15:02
1957,86,delivered,6997,EUR,2026-11-02 04:45:53,2026-11-03 22:25:45,2026-11-04 02:24:33
1958,80,delivered,20491,EUR,2026-11-02 09:31:46,2026-11-25 06:02:13,2026-11-25 07:56:52
1959,124,pending,60488,GBP,2026-11-02 15:32:05,2026-11-08 13:14:49,2026-11-08 18:54:50
1960,5,paid,20493,USD,2026-11-03 03:14:09,2026-11-24 19:11:41,2026-11-25 01:07:18
1961,128,delivered,38993,EUR,2026-11-03 12:30:26,2026-11-20 18:11:01,2026-11-20 22:45:21
1962,80,refunded,36490,EUR,2026-11-03 15:37:33,2026-11-22 18:29:36,2026-11-22 23:52:06
1963,56,delivered,40493,EUR,2026-11-03 22:40:09,2026-11-18 17:50:43,2026-11-18 22:39:47
1964,83,delivered,34493,AUD,2026-11-04 05:24:41,2026-11-09 04:41:30,2026-11-09 10:18:43
1965,57,delivered,19994,EUR,2026-11-04 15:20:32,2026-11-06 21:20:55,2026-11-07 01:40:19
1966,127,shipped,47489,EUR,2026-11-05 00:09:40,2026-11-29 07:54:41,2026-11-29 12:33:57
1967,192,delivered,41995,CAD,2026-11-05 04:55:39,2026-11-24 13:55:49,2026-11-24 16:01:10
1968,67,delivered,3499,EUR,2026-11-05 15:32:38,2026-11-14 19:48:19,2026-11-14 23:56:56
1969,131,shipped,7497,CAD,2026-11-05 21:26:33,2026-11-28 16:01:36,2026-11-28 17:54:51
1970,84,delivered,31992,EUR,2026-11-06 15:23:36,2026-11-06 18:37:23,2026-11-06 20:26:48
1971,37,delivered,18995,CAD,2026-11-06 16:50:22,2026-11-21 04:33:37,2026-11-21 08:12:23
1972,112,delivered,26997,AUD,2026-11-06 21:13:00,2026-11-19 19:58:40,2026-11-19 21:43:36
1973,169,shipped,13995,EUR,2026-11-07 00:54:20,2026-11-27 11:03:04,2026-11-27 16:32:58
1974,143,delivered,14997,USD,2026-11-07 15:05:33,2026-11-09 22:14:51,2026-11-10 02:27:05
1975,70,delivered,5998,EUR,2026-11-08 09:43:46,2026-11-12 08:17:11,2026-11-12 10:21:25
1976,70,delivered,21995,EUR,2026-11-08 21:55:00,2026-11-25 21:22:47,2026-11-26 01:27:43
1977,3,pending,3999,EUR,2026-11-09 00:09:18,2026-11-27 18:01:56,2026-11-27 22:43:16
1978,46,shipped,48989,EUR,2026-11-09 05:48:33,2026-11-21 22:42:58,2026-11-22 04:38:16
1979,24,paid,15997,EUR,2026-11-09 09:17:19,2026-11-20 20:40:05,2026-11-21 01:57:51
1980,3,pending,23994,EUR,2026-11-09 12:45:18,2026-12-06 16:51:52,2026-12-06 19:14:48
1981,171,cancelled,20495,EUR,2026-11-09 20:51:42,2026-11-18 18:29:33,2026-11-18 20:26:37
1982,13,shipped,35994,EUR,2026-11-10 04:44:52,2026-11-12 18:54:52,2026-11-12 22:09:28
1983,169,delivered,20995,EUR,2026-11-10 14:26:22,2026-11-11 23:38:57,2026-11-12 04:09:03
1984,37,refunded,43994,CAD,2026-11-10 20:56:14,2026-11-22 23:17:19,2026-11-23 03:21:44
1985,138,refunded,30990,EUR,2026-11-11 04:02:33,2026-11-14 09:38:41,2026-11-14 14:54:39
1986,13,shipped,6998,EUR,2026-11-11 06:28:37,2026-12-07 01:34:44,2026-12-07 03:45:58
1987,178,shipped,26493,EUR,2026-11-12 00:42:31,2026-11-21 09:06:13,2026-11-21 11:12:41
1988,38,refunded,16494,EUR,2026-11-12 01:13:14,2026-12-05 02:20:43,2026-12-05 06:04:16
1989,133,shipped,53994,EUR,2026-11-13 11:57:23,2026-11-20 08:51:41,2026-11-20 13:37:54
1990,71,delivered,28490,EUR,2026-11-13 21:26:09,2026-12-07 12:06:25,2026-12-07 15:21:18
1991,145,cancelled,58992,USD,2026-11-14 04:43:23,2026-11-25 17:34:53,2026-11-25 21:10:41
1992,117,paid,30494,EUR,2026-11-14 07:14:31,2026-11-20 20:21:59,2026-11-21 02:20:54
1993,168,paid,63491,EUR,2026-11-14 22:02:24,2026-12-06 14:16:58,2026-12-06 19:38:51
1994,172,paid,27990,AUD,2026-11-15 00:06:04,2026-12-05 01:35:25,2026-12-05 03:21:58
1995,175,cancelled,48487,EUR,2026-11-15 04:25:16,2026-11-16 10:48:45,2026-11-16 11:59:30
1996,9,delivered,2999,EUR,2026-11-15 05:46:11,2026-12-08 12:03:49,2026-12-08 15:29:06
1997,196,refunded,15995,AUD,2026-11-15 07:32:26,2026-11-30 01:15:32,2026-11-30 06:26:09
1998,14,paid,3998,EUR,2026-11-16 00:55:40,2026-11-26 15:49:49,2026-11-26 20:35:31
1999,30,paid,23992,EUR,2026-11-16 01:27:04,2026-12-05 17:00:58,2026-12-05 21:04:37
2000,113,shipped,24994,USD,2026-11-16 15:50:46,2026-11-18 15:22:14,2026-11-18 20:30:56
2001,172,pending,22990,AUD,2026-11-17 04:42:53,2026-11-30 19:45:47,2026-12-01 00:03:21
2002,93,paid,7996,AUD,2026-11-17 09:09:46,2026-11-25 17:03:11,2026-11-25 19:16:59
2003,30,delivered,35997,EUR,2026-11-17 10:20:34,2026-11-29 00:24:53,2026-11-29 05:16:56
2004,1,shipped,28989,AUD,2026-11-18 11:39:54,2026-12-11 17:20:33,2026-12-11 20:10:18
2005,149,pending,19994,EUR,2026-11-18 23:51:12,2026-11-23 17:02:10,2026-11-23 18:23:52
2006,22,shipped,25492,EUR,2026-11-19 14:26:02,2026-11-19 21:18:22,2026-11-20 00:41:50
2007,25,refunded,3998,EUR,2026-11-19 16:59:12,2026-11-29 03:34:32,2026-11-29 06:50:36
2008,37,delivered,35997,CAD,2026-11-19 18:03:49,2026-12-16 13:43:30,2026-12-16 16:55:12
2009,153,delivered,44994,USD,2026-11-20 06:57:32,2026-12-03 02:18:16,2026-12-03 07:50:55
2010,116,cancelled,63992,EUR,2026-11-20 16:29:06,2026-12-11 18:24:27,2026-12-11 22:47:26
2011,70,shipped,5997,EUR,2026-11-21 10:24:53,2026-12-08 20:36:14,2026-12-08 22:45:28
2012,44,shipped,15993,EUR,2026-11-21 14:31:36,2026-12-08 21:57:55,2026-12-09 03:28:20
2013,137,paid,28491,EUR,2026-11-21 23:03:03,2026-12-15 20:43:34,2026-12-15 23:57:40
2014,38,delivered,37994,EUR,2026-11-22 07:01:09,2026-11-24 20:32:11,2026-11-24 21:37:12
2015,131,shipped,61491,CAD,2026-11-22 20:45:50,2026-11-27 04:21:28,2026-11-27 05:28:36
2016,164,delivered,65979,EUR,2026-11-23 01:02:40,2026-11-24 18:32:46,2026-11-25 00:20:04
2017,158,shipped,11997,EUR,2026-11-23 09:07:51,2026-12-16 17:09:09,2026-12-16 22:14:07
2018,89,delivered,33989,EUR,2026-11-24 06:01:48,2026-12-20 02:10:55,2026-12-20 07:14:38
2019,10,delivered,13495,EUR,2026-11-24 11:20:56,2026-12-07 10:23:01,2026-12-07 16:10:39
2020,140,refunded,15994,EUR,2026-11-24 12:28:13,2026-12-19 07:28:59,2026-12-19 08:40:11
2021,99,pending,40993,EUR,2026-11-24 13:46:27,2026-12-09 19:28:24,2026-12-09 23:14:04
2022,77,delivered,13996,EUR,2026-11-25 00:34:30,2026-12-05 03:53:30,2026-12-05 05:43:40
2023,140,shipped,7996,EUR,2026-11-25 15:04:03,2026-11-30 15:50:13,2026-11-30 18:01:36
2024,38,paid,12995,EUR,2026-11-26 05:47:34,2026-12-22 19:58:02,2026-12-23 01:21:00
2025,44,paid,15993,EUR,2026-11-26 10:30:06,2026-12-19 14:11:17,2026-12-19 16:07:50
2026,137,refunded,69486,EUR,2026-11-26 16:25:02,2026-12-08 15:41:42,2026-12-08 19:02:22
2027,131,shipped,50991,CAD,2026-11-27 08:10:47,2026-12-25 16:18:41,2026-12-25 19:07:26
2028,7,paid,14495,EUR,2026-11-27 09:07:54,2026-12-07 10:33:50,2026-12-07 16:03:10
2029,37,shipped,8997,CAD,2026-11-28 02:26:09,2026-11-28 04:20:19,2026-11-28 09:33:16
2030,58,paid,54989,EUR,2026-11-28 06:27:49,2026-12-27 21:21:45,2026-12-27 23:30:59
2031,75,delivered,9496,EUR,2026-11-29 14:10:34,2026-12-18 18:45:52,2026-12-18 21:25:29
2032,116,cancelled,23998,EUR,2026-11-29 19:48:41,2026-12-14 16:38:27,2026-12-14 17:42:48
2033,98,paid,26997,EUR,2026-11-29 23:44:07,2026-12-18 16:08:44,2026-12-18 20:33:48
2034,71,shipped,84487,EUR,2026-11-30 01:08:49,2026-12-10 06:24:43,2026-12-10 10:21:58
2035,77,shipped,1999,EUR,2026-11-30 01:35:52,2026-12-09 01:35:34,2026-12-09 07:30:38
2036,49,shipped,2999,EUR,2026-11-30 11:13:20,2026-12-25 23:36:07,2026-12-26 05:30:23
2037,133,delivered,22495,EUR,2026-12-01 06:26:22,2026-12-02 16:57:43,2026-12-02 22:54:37
2038,25,refunded,18994,EUR,2026-12-01 06:48:10,2026-12-21 02:00:23,2026-12-21 05:29:57
2039,20,delivered,28994,CAD,2026-12-01 08:19:47,2026-12-05 23:35:33,2026-12-06 01:41:21
2040,82,delivered,19996,USD,2026-12-01 19:25:15,2026-12-02 13:27:44,2026-12-02 19:01:00
2041,65,paid,31993,AUD,2026-12-02 07:23:12,2026-12-15 03:09:07,2026-12-15 06:31:48
2042,143,delivered,23492,USD,2026-12-02 11:58:14,2026-12-16 12:55:49,2026-12-16 15:25:41
2043,13,shipped,17998,EUR,2026-12-02 20:20:58,2026-12-14 17:50:20,2026-12-14 19:47:48
2044,105,delivered,41995,EUR,2026-12-03 00:03:45,2026-12-13 05:22:47,2026-12-13 07:15:32
2045,178,paid,47992,EUR,2026-12-03 21:13:27,2026-12-07 21:44:35,2026-12-07 22:58:02
2046,14,delivered,21992,EUR,2026-12-04 00:26:51,2026-12-23 04:33:17,2026-12-23 05:36:07
2047,71,delivered,34989,EUR,2026-12-04 10:41:17,2026-12-16 20:19:21,2026-12-16 23:56:42
2048,103,shipped,51994,AUD,2026-12-04 12:12:36,2026-12-31 00:02:33,2026-12-31 01:09:26
2049,105,shipped,13994,EUR,2026-12-04 16:54:31,2026-12-05 11:21:22,2026-12-05 15:23:11
2050,137,delivered,96985,EUR,2026-12-05 00:58:22,2026-12-17 13:55:36,2026-12-17 19:19:25
2051,133,cancelled,35993,EUR,2026-12-05 13:28:21,2026-12-10 10:10:57,2026-12-10 13:29:23
2052,35,delivered,48490,GBP,2026-12-05 16:05:21,2026-12-15 07:23:01,2026-12-15 10:28:55
2053,30,delivered,48981,EUR,2026-12-05 17:28:39,2026-12-30 20:50:46,2026-12-31 00:04:35
2054,54,delivered,27993,EUR,2026-12-06 01:34:56,2026-12-29 10:19:06,2026-12-29 12:17:07
2055,20,delivered,41994,CAD,2026-12-06 03:20:00,2026-12-15 08:00:56,2026-12-15 09:01:28
2056,20,paid,33992,CAD,2026-12-06 06:21:18,2026-12-21 21:16:06,2026-12-22 02:13:11
2057,6,paid,36993,EUR,2026-12-06 09:29:25,2026-12-07 00:53:00,2026-12-07 01:57:01
2058,111,delivered,95988,EUR,2026-12-07 01:17:04,2026-12-09 22:57:19,2026-12-10 00:52:10
2059,58,delivered,4998,EUR,2026-12-07 20:32:28,2026-12-18 04:25:05,2026-12-18 08:03:28
2060,161,delivered,51982,EUR,2026-12-08 02:13:26,2026-12-28 22:53:32,2026-12-29 02:36:12
2061,47,delivered,12995,EUR,2026-12-08 19:48:35,2026-12-08 23:19:38,2026-12-09 03:26:31
2062,51,delivered,16495,EUR,2026-12-08 21:47:33,2026-12-22 01:35:06,2026-12-22 02:44:03
2063,175,delivered,8997,EUR,2026-12-09 02:16:08,2026-12-28 09:33:34,2026-12-28 11:45:05
2064,13,paid,54991,EUR,2026-12-09 03:34:43,2026-12-26 03:07:40,2026-12-26 05:54:19
2065,175,delivered,38994,EUR,2026-12-09 18:45:38,2026-12-13 10:55:07,2026-12-13 13:42:26
2066,192,refunded,13995,CAD,2026-12-10 11:48:39,2027-01-08 14:06:50,2027-01-08 19:12:44
2067,98,refunded,7497,EUR,2026-12-10 13:41:07,2026-12-16 16:04:40,2026-12-16 18:36:15
2068,51,pending,31992,EUR,2026-12-10 16:17:55,2027-01-03 12:48:44,2027-01-03 14:01:41
2069,13,refunded,8999,EUR,2026-12-10 18:59:11,2027-01-08 15:35:32,2027-01-08 18:30:23
2070,124,delivered,33991,GBP,2026-12-11 14:05:48,2027-01-08 14:17:36,2027-01-08 16:18:51
2071,49,shipped,11996,EUR,2026-12-11 17:33:59,2026-12-31 06:48:03,2026-12-31 09:22:15
2072,117,delivered,77987,EUR,2026-12-11 18:31:05,2027-01-05 13:23:48,2027-01-05 14:38:14
2073,192,shipped,24494,CAD,2026-12-11 23:17:32,2026-12-15 13:47:59,2026-12-15 15:21:49
2074,37,delivered,7998,CAD,2026-12-12 07:07:01,2027-01-07 22:59:51,2027-01-08 03:10:05
2075,85,shipped,19995,EUR,2026-12-12 07:40:25,2026-12-15 01:37:32,2026-12-15 05:31:00
2076,138,delivered,25992,EUR,2026-12-12 10:38:09,2027-01-04 19:30:04,2027-01-05 01:23:21
2077,45,shipped,11999,EUR,2026-12-13 05:24:56,2027-01-01 04:08:03,2027-01-01 06:57:32
2078,9,shipped,8999,EUR,2026-12-13 06:22:48,2026-12-24 06:22:40,2026-12-24 09:43:59
2079,174,delivered,33991,EUR,2026-12-13 16:58:05,2026-12-17 05:16:10,2026-12-17 07:27:26
2080,83,delivered,11496,AUD,2026-12-14 00:15:07,2027-01-05 15:05:55,2027-01-05 16:24:17
2081,196,delivered,37991,AUD,2026-12-14 17:12:34,2026-12-31 01:40:41,2026-12-31 04:28:52
2082,83,delivered,31993,AUD,2026-12-15 13:10:22,2026-12-17 12:16:10,2026-12-17 14:40:00
2083,86,pending,11998,EUR,2026-12-15 15:05:06,2027-01-06 19:44:09,2027-01-07 01:03:29
2084,104,delivered,7996,EUR,2026-12-15 16:17:07,2027-01-09 23:21:55,2027-01-10 00:44:45
2085,23,paid,12996,EUR,2026-12-16 07:15:15,2027-01-14 21:06:56,2027-01-15 01:12:50
2086,138,delivered,3999,EUR,2026-12-16 09:22:52,2027-01-14 08:10:59,2027-01-14 14:02:38
2087,62,delivered,22992,EUR,2026-12-16 09:51:14,2027-01-13 07:28:09,2027-01-13 10:42:30
2088,155,delivered,44992,USD,2026-12-17 10:48:34,2026-12-19 00:07:06,2026-12-19 04:19:32
2089,56,shipped,52492,EUR,2026-12-17 14:52:19,2027-01-15 07:22:25,2027-01-15 09:03:48
2090,48,delivered,1999,EUR,2026-12-18 07:14:31,2026-12-30 06:48:40,2026-12-30 11:36:26
2091,128,delivered,1999,EUR,2026-12-18 10:39:23,2026-12-30 17:31:23,2026-12-30 23:31:03
2092,143,shipped,28994,USD,2026-12-19 01:43:44,2026-12-24 09:53:46,2026-12-24 11:50:18
2093,137,delivered,52492,EUR,2026-12-19 06:16:34,2027-01-01 08:46:33,2027-01-01 13:51:21
2094,47,shipped,33492,EUR,2026-12-19 09:49:22,2026-12-26 02:03:36,2026-12-26 05:06:18
2095,192,shipped,8997,CAD,2026-12-19 12:51:04,2026-12-28 19:34:02,2026-12-29 01:16:31
2096,149,cancelled,14993,EUR,2026-12-19 17:18:09,2027-01-12 08:53:23,2027-01-12 13:56:04
2097,125,paid,5997,GBP,2026-12-20 04:31:07,2027-01-15 06:11:02,2027-01-15 08:18:33
2098,25,refunded,56991,EUR,2026-12-20 19:56:36,2027-01-06 13:35:44,2027-01-06 15:48:18
2099,150,shipped,8997,EUR,2026-12-21 17:32:01,2026-12-26 09:07:59,2026-12-26 12:01:51
2100,66,delivered,9996,EUR,2026-12-21 17:39:22,2026-12-30 20:19:16,2026-12-30 23:49:18
2101,35,shipped,57489,GBP,2026-12-22 02:49:39,2027-01-20 18:39:15,2027-01-21 00:33:16
2102,54,delivered,13495,EUR,2026-12-22 19:11:51,2026-12-31 04:09:33,2026-12-31 07:06:56
2103,137,refunded,31992,EUR,2026-12-22 20:02:59,2027-01-01 05:39:57,2027-01-01 09:22:53
2104,25,delivered,6998,EUR,2026-12-23 11:07:18,2027-01-02 10:52:27,2027-01-02 15:12:23
2105,38,paid,14997,EUR,2026-12-23 12:34:24,2027-01-21 15:13:49,2027-01-21 20:06:06
2106,9,paid,15495,EUR,2026-12-23 14:26:43,2027-01-16 13:45:00,2027-01-16 17:44:09
2107,161,delivered,65993,EUR,2026-12-24 18:55:53,2027-01-05 20:27:24,2027-01-05 21:46:34
2108,117,paid,40994,EUR,2026-12-24 20:22:41,2027-01-17 21:52:26,2027-01-18 00:21:05
2109,186,delivered,7497,EUR,2026-12-25 08:52:24,2027-01-21 14:14:01,2027-01-21 16:20:17
2110,98,delivered,69986,EUR,2026-12-25 14:00:11,2027-01-09 03:43:40,2027-01-09 04:59:04
2111,71,delivered,32992,EUR,2026-12-25 14:35:34,2026-12-30 23:49:15,2026-12-31 05:46:45
2112,111,shipped,11997,EUR,2026-12-26 01:02:56,2027-01-18 01:52:31,2027-01-18 06:55:11
2113,63,refunded,3999,GBP,2026-12-26 12:24:08,2027-01-11 22:35:39,2027-01-12 03:34:10
2114,24,refunded,17998,EUR,2026-12-26 19:54:19,2027-01-13 23:55:41,2027-01-14 04:51:10
2115,71,paid,7996,EUR,2026-12-26 22:54:50,2027-01-03 19:32:23,2027-01-03 20:57:59
2116,171,shipped,30493,EUR,2026-12-27 18:26:55,2027-01-05 09:53:03,2027-01-05 12:30:03
2117,89,refunded,20497,EUR,2026-12-27 21:11:41,2027-01-15 20:24:00,2027-01-15 23:08:09
2118,90,delivered,55992,CAD,2026-12-28 16:17:16,2027-01-25 22:44:16,2027-01-26 00:33:20
2119,62,delivered,29492,EUR,2026-12-28 17:03:12,2027-01-15 08:44:46,2027-01-15 09:55:22
2120,89,paid,10497,EUR,2026-12-28 20:11:13,2027-01-09 04:45:51,2027-01-09 06:41:17
2121,6,refunded,58992,EUR,2026-12-29 05:55:50,2027-01-20 04:01:37,2027-01-20 09:59:13
2122,7,refunded,7996,EUR,2026-12-29 12:31:21,2027-01-01 04:33:10,2027-01-01 06:06:25
2123,5,paid,21992,USD,2026-12-29 15:42:32,2027-01-20 21:52:55,2027-01-21 02:27:51
2124,36,delivered,39987,CAD,2026-12-30 09:29:44,2027-01-03 10:15:44,2027-01-03 11:58:49
2125,21,delivered,13996,EUR,2026-12-30 10:30:48,2027-01-13 23:47:33,2027-01-14 01:51:26
2126,25,paid,87985,EUR,2026-12-30 21:31:09,2027-01-26 18:13:04,2027-01-26 20:39:28
2127,7,refunded,7497,EUR,2026-12-31 09:04:20,2027-01-09 19:27:04,2027-01-09 21:19:27
2128,89,delivered,31993,EUR,2026-12-31 10:26:53,2027-01-22 09:22:02,2027-01-22 11:50:34
2129,180,shipped,44993,EUR,2027-01-01 09:18:10,2027-01-14 22:34:07,2027-01-14 23:46:01
2130,149,delivered,13994,EUR,2027-01-01 10:15:26,2027-01-31 06:45:41,2027-01-31 10:50:37
2131,160,paid,12994,EUR,2027-01-01 17:11:08,2027-01-03 14:58:04,2027-01-03 18:24:49
2132,114,paid,13995,USD,2027-01-01 23:53:11,2027-01-12 01:17:30,2027-01-12 06:50:22
2133,72,refunded,34989,EUR,2027-01-02 13:28:45,2027-01-11 03:18:08,2027-01-11 08:50:03
2134,72,paid,14997,EUR,2027-01-02 22:47:44,2027-01-11 22:12:12,2027-01-12 03:43:32
2135,86,delivered,35492,EUR,2027-01-03 18:12:43,2027-01-18 16:30:55,2027-01-18 20:03:34
2136,63,delivered,11999,GBP,2027-01-03 21:09:33,2027-01-09 07:22:40,2027-01-09 12:37:10
2137,71,delivered,27993,EUR,2027-01-03 21:54:25,2027-01-13 06:08:17,2027-01-13 10:12:33
2138,35,shipped,7998,GBP,2027-01-04 17:08:50,2027-01-08 13:23:05,2027-01-08 15:35:44
2139,67,shipped,4998,EUR,2027-01-04 23:44:08,2027-01-12 06:04:36,2027-01-12 11:25:30
2140,20,shipped,15495,CAD,2027-01-05 19:45:13,2027-01-20 21:19:49,2027-01-21 02:55:30
2141,30,refunded,35992,EUR,2027-01-05 23:30:11,2027-01-20 23:02:45,2027-01-21 04:16:43
2142,168,paid,21995,EUR,2027-01-06 02:22:40,2027-01-29 22:29:32,2027-01-30 00:47:40
2143,114,cancelled,19997,USD,2027-01-06 11:24:51,2027-01-17 14:42:58,2027-01-17 15:56:17
2144,51,paid,26997,EUR,2027-01-06 15:37:43,2027-01-08 02:37:02,2027-01-08 05:58:45
2145,168,delivered,19994,EUR,2027-01-06 15:50:48,2027-01-26 09:04:57,2027-01-26 14:55:42
2146,83,shipped,49493,AUD,2027-01-06 20:09:18,2027-01-09 05:04:32,2027-01-09 06:37:42
2147,46,paid,72989,EUR,2027-01-07 09:38:58,2027-01-15 20:00:11,2027-01-16 01:38:42
2148,186,shipped,61990,EUR,2027-01-07 11:18:21,2027-01-07 18:05:59,2027-01-07 21:25:29
2149,161,shipped,10995,EUR,2027-01-08 09:53:40,2027-01-23 15:30:57,2027-01-23 20:17:35
2150,149,shipped,3998,EUR,2027-01-08 14:19:50,2027-02-03 16:42:44,2027-02-03 22:28:33
2151,158,refunded,22993,EUR,2027-01-08 22:06:26,2027-01-22 14:21:20,2027-01-22 18:02:29
2152,44,shipped,23994,EUR,2027-01-09 06:40:02,2027-01-12 22:08:27,2027-01-12 23:15:47
2153,89,shipped,14996,EUR,2027-01-09 10:23:16,2027-01-10 12:37:54,2027-01-10 14:01:07
2154,35,shipped,31995,GBP,2027-01-10 01:55:44,2027-01-26 20:49:26,2027-01-26 22:51:03
2155,99,cancelled,15996,EUR,2027-01-10 10:09:41,2027-01-11 01:28:10,2027-01-11 05:44:24
2156,21,paid,9996,EUR,2027-01-11 00:18:20,2027-01-24 01:07:57,2027-01-24 04:54:18
2157,143,refunded,6497,USD,2027-01-11 06:55:44,2027-01-15 10:33:34,2027-01-15 12:47:00
2158,100,delivered,57486,EUR,2027-01-11 13:03:18,2027-01-12 13:19:28,2027-01-12 15:01:06
2159,55,delivered,23991,AUD,2027-01-11 16:58:47,2027-01-12 03:59:23,2027-01-12 06:54:52
2160,93,delivered,17998,AUD,2027-01-12 06:11:24,2027-01-26 03:10:10,2027-01-26 05:27:08
2161,140,delivered,35990,EUR,2027-01-12 09:59:37,2027-01-22 13:06:54,2027-01-22 15:52:48
2162,196,refunded,15996,AUD,2027-01-13 01:49:19,2027-01-14 20:11:51,2027-01-14 21:21:25
2163,105,refunded,58993,EUR,2027-01-13 06:03:16,2027-01-18 06:53:37,2027-01-18 10:00:02
2164,72,refunded,41487,EUR,2027-01-13 15:22:46,2027-01-22 20:07:37,2027-01-22 23:31:34
2165,124,shipped,2499,GBP,2027-01-13 15:43:41,2027-01-22 08:44:10,2027-01-22 11:42:08
2166,25,delivered,43489,EUR,2027-01-13 20:37:14,2027-01-14 13:48:12,2027-01-14 17:50:15
2167,132,shipped,7996,EUR,2027-01-14 02:58:56,2027-02-06 03:09:19,2027-02-06 07:04:35
2168,98,refunded,39990,EUR,2027-01-14 02:59:05,2027-02-02 08:46:40,2027-02-02 09:56:15
2169,73,shipped,14996,GBP,2027-01-14 03:22:27,2027-02-08 07:13:56,2027-02-08 11:46:42
2170,175,delivered,19992,EUR,2027-01-14 17:59:44,2027-02-05 13:14:28,2027-02-05 14:48:26
2171,9,delivered,23994,EUR,2027-01-15 03:33:26,2027-01-26 02:47:57,2027-01-26 06:25:48
2172,89,delivered,62993,EUR,2027-01-15 06:01:34,2027-01-29 12:35:19,2027-01-29 18:08:53
2173,80,paid,35996,EUR,2027-01-15 07:52:48,2027-01-17 11:28:30,2027-01-17 15:18:11
2174,38,shipped,35996,EUR,2027-01-15 19:32:56,2027-02-13 02:05:11,2027-02-13 05:13:56
2175,104,delivered,20492,EUR,2027-01-16 07:43:31,2027-01-27 13:31:56,2027-01-27 19:01:58
2176,47,delivered,55490,EUR,2027-01-16 09:05:15,2027-01-30 12:44:54,2027-01-30 18:23:42
2177,153,delivered,5997,USD,2027-01-16 09:25:10,2027-02-08 02:19:47,2027-02-08 07:50:05
2178,178,refunded,35992,EUR,2027-01-16 21:14:40,2027-02-04 08:12:14,2027-02-04 09:28:43
2179,196,paid,39991,AUD,2027-01-17 07:12:11,2027-01-17 14:00:55,2027-01-17 16:48:02
2180,160,delivered,44987,EUR,2027-01-17 11:51:13,2027-02-14 15:02:08,2027-02-14 19:58:30
2181,116,pending,36993,EUR,2027-01-17 13:08:31,2027-02-01 04:25:06,2027-02-01 09:21:09
2182,79,shipped,115486,EUR,2027-01-17 16:04:32,2027-01-18 08:08:00,2027-01-18 09:57:38
2183,120,delivered,36988,EUR,2027-01-17 23:10:24,2027-02-09 16:24:15,2027-02-09 18:01:48
2184,38,cancelled,31992,EUR,2027-01-18 04:27:11,2027-01-20 12:15:41,2027-01-20 13:19:16
2185,79,shipped,8999,EUR,2027-01-18 11:30:00,2027-02-08 21:34:29,2027-02-08 22:56:40
2186,133,paid,43988,EUR,2027-01-18 14:57:38,2027-02-12 16:27:36,2027-02-12 18:33:18
2187,47,delivered,51495,EUR,2027-01-19 07:57:36,2027-01-29 02:07:25,2027-01-29 05:35:22
2188,22,delivered,21495,EUR,2027-01-19 12:41:49,2027-02-11 16:14:44,2027-02-11 21:46:41
2189,149,shipped,65990,EUR,2027-01-20 01:44:24,2027-01-26 14:29:46,2027-01-26 20:13:56
2190,25,paid,11997,EUR,2027-01-20 02:13:11,2027-02-17 23:45:45,2027-02-18 01:09:56
2191,161,delivered,26997,EUR,2027-01-20 20:06:51,2027-02-02 20:50:43,2027-02-02 22:32:16
2192,6,delivered,25495,EUR,2027-01-20 20:11:38,2027-02-16 00:08:06,2027-02-16 05:02:58
2193,160,pending,7497,EUR,2027-01-20 21:21:05,2027-02-13 20:00:41,2027-02-14 01:44:06
2194,75,shipped,9996,EUR,2027-01-21 04:48:32,2027-02-16 09:22:09,2027-02-16 12:10:31
2195,62,paid,47493,EUR,2027-01-21 08:44:33,2027-02-04 15:07:19,2027-02-04 19:52:53
2196,13,delivered,60988,EUR,2027-01-21 08:54:22,2027-02-19 22:36:28,2027-02-20 03:11:09
2197,145,paid,48989,USD,2027-01-21 13:20:14,2027-02-03 02:36:20,2027-02-03 08:09:40
2198,84,refunded,65989,EUR,2027-01-22 02:17:21,2027-02-10 01:53:11,2027-02-10 07:08:22
2199,155,delivered,11998,USD,2027-01-22 17:09:13,2027-02-08 04:03:10,2027-02-08 05:04:46
2200,174,paid,37487,EUR,2027-01-22 17:52:12,2027-01-24 20:58:33,2027-01-25 02:00:13
2201,155,refunded,66487,USD,2027-01-23 04:02:18,2027-01-28 19:58:58,2027-01-28 21:00:28
2202,10,delivered,27494,EUR,2027-01-23 12:45:51,2027-02-05 18:08:18,2027-02-05 19:50:16
2203,80,paid,5998,EUR,2027-01-24 02:25:34,2027-02-12 11:15:53,2027-02-12 12:34:51
2204,131,refunded,48991,CAD,2027-01-24 04:20:03,2027-02-02 03:11:22,2027-02-02 07:43:34
2205,7,delivered,50993,EUR,2027-01-24 19:13:45,2027-02-02 13:56:00,2027-02-02 19:04:28
2206,77,delivered,34993,EUR,2027-01-25 00:12:01,2027-02-11 07:14:31,2027-02-11 09:23:14
2207,20,delivered,17996,CAD,2027-01-25 23:08:50,2027-01-31 18:02:21,2027-01-31 23:54:16
2208,23,delivered,32993,EUR,2027-01-26 00:32:08,2027-02-14 11:52:57,2027-02-14 14:10:22
2209,171,delivered,33996,EUR,2027-01-26 22:06:53,2027-02-16 23:46:49,2027-02-17 02:54:27
2210,101,delivered,1999,USD,2027-01-27 11:24:24,2027-02-07 01:52:04,2027-02-07 07:26:39
2211,18,shipped,33992,USD,2027-01-27 12:44:59,2027-01-30 22:45:13,2027-01-31 02:44:00
2212,21,delivered,11996,EUR,2027-01-27 16:50:36,2027-02-03 11:19:06,2027-02-03 16:37:56
2213,148,shipped,7996,EUR,2027-01-27 23:33:06,2027-02-23 21:54:41,2027-02-24 03:48:31
2214,93,shipped,27994,AUD,2027-01-28 01:33:48,2027-01-29 11:26:34,2027-01-29 13:39:30
2215,103,shipped,18495,AUD,2027-01-28 12:39:44,2027-02-02 22:28:28,2027-02-03 00:05:44
2216,14,paid,30994,EUR,2027-01-29 09:03:13,2027-02-12 14:49:31,2027-02-12 17:41:47
2217,145,refunded,19994,USD,2027-01-29 09:58:34,2027-02-04 15:50:57,2027-02-04 20:39:37
2218,164,refunded,6998,EUR,2027-01-29 10:07:59,2027-02-05 21:05:18,2027-02-06 02:28:10
2219,95,paid,35994,EUR,2027-01-30 00:23:51,2027-02-15 14:34:40,2027-02-15 20:22:30
2220,104,shipped,1999,EUR,2027-01-30 08:29:43,2027-02-13 22:52:28,2027-02-14 01:02:57
2221,117,pending,8996,EUR,2027-01-31 13:15:52,2027-02-24 23:09:38,2027-02-25 03:12:09
2222,7,delivered,79990,EUR,2027-01-31 14:12:49,2027-02-27 17:15:12,2027-02-27 21:13:53
2223,150,delivered,36991,EUR,2027-01-31 20:59:18,2027-02-27 21:44:09,2027-02-28 01:45:53
2224,153,shipped,6998,USD,2027-01-31 21:11:35,2027-03-01 12:25:17,2027-03-01 15:04:49
2225,45,paid,13994,EUR,2027-02-01 06:15:13,2027-02-24 15:14:12,2027-02-24 16:28:21
2226,7,delivered,22494,EUR,2027-02-01 11:45:53,2027-02-12 20:16:27,2027-02-13 00:16:26
2227,75,paid,19996,EUR,2027-02-01 18:25:45,2027-02-26 19:35:27,2027-02-27 00:06:40
2228,61,cancelled,38993,AUD,2027-02-02 04:21:40,2027-02-17 07:12:34,2027-02-17 12:11:02
2229,80,shipped,20494,EUR,2027-02-02 07:52:36,2027-03-03 17:21:07,2027-03-03 19:35:50
2230,152,shipped,11996,EUR,2027-02-02 16:30:46,2027-02-22 13:44:37,2027-02-22 16:27:19
2231,98,delivered,17998,EUR,2027-02-03 00:18:12,2027-02-09 16:50:43,2027-02-09 20:05:42
2232,47,shipped,25495,EUR,2027-02-03 08:10:26,2027-02-25 07:06:40,2027-02-25 11:58:04
2233,89,refunded,11999,EUR,2027-02-03 13:03:02,2027-02-19 05:56:45,2027-02-19 09:52:18
2234,166,shipped,34993,EUR,2027-02-04 03:59:19,2027-03-05 19:31:54,2027-03-06 00:22:16
2235,55,delivered,43992,AUD,2027-02-04 06:09:42,2027-02-26 15:35:23,2027-02-26 19:22:06
2236,158,paid,38995,EUR,2027-02-04 18:50:36,2027-02-21 09:37:19,2027-02-21 11:44:52
2237,186,cancelled,19997,EUR,2027-02-04 20:54:15,2027-02-10 08:14:48,2027-02-10 13:38:52
2238,47,delivered,33993,EUR,2027-02-04 23:41:22,2027-02-20 09:40:25,2027-02-20 15:13:06
2239,54,shipped,30995,EUR,2027-02-05 08:09:00,2027-02-18 11:31:34,2027-02-18 17:14:40
2240,125,paid,17991,GBP,2027-02-05 12:59:44,2027-03-01 06:16:11,2027-03-01 11:49:57
2241,54,pending,24996,EUR,2027-02-06 02:55:11,2027-02-06 07:04:14,2027-02-06 12:31:17
2242,36,shipped,31993,CAD,2027-02-06 07:51:33,2027-02-07 23:16:12,2027-02-08 01:01:18
2243,29,cancelled,31994,EUR,2027-02-06 23:39:35,2027-02-20 12:42:33,2027-02-20 14:50:22
2244,133,shipped,32993,EUR,2027-02-07 00:55:42,2027-03-03 21:21:47,2027-03-04 02:19:15
2245,84,shipped,1999,EUR,2027-02-07 23:43:39,2027-02-13 01:14:58,2027-02-13 05:51:53
2246,70,shipped,9995,EUR,2027-02-08 00:46:47,2027-02-10 09:51:42,2027-02-10 14:28:05
2247,128,shipped,71989,EUR,2027-02-08 04:02:38,2027-03-05 00:35:31,2027-03-05 05:05:51
2248,35,delivered,30494,GBP,2027-02-08 17:23:37,2027-02-22 01:07:00,2027-02-22 07:03:17
2249,21,shipped,19996,EUR,2027-02-08 22:21:01,2027-03-04 04:25:47,2027-03-04 08:12:49
2250,125,delivered,35996,GBP,2027-02-08 23:41:16,2027-02-11 07:03:39,2027-02-11 08:59:13
2251,98,delivered,28993,EUR,2027-02-09 17:31:27,2027-03-03 02:36:10,2027-03-03 07:23:48
2252,79,delivered,28993,EUR,2027-02-09 22:05:44,2027-03-11 00:57:54,2027-03-11 03:15:07
2253,152,shipped,69491,EUR,2027-02-10 07:05:10,2027-03-01 00:30:19,2027-03-01 03:53:37
2254,47,paid,30995,EUR,2027-02-10 20:53:52,2027-03-09 00:16:56,2027-03-09 02:48:25
2255,52,delivered,26997,EUR,2027-02-11 03:40:40,2027-02-18 03:41:10,2027-02-18 09:12:04
2256,113,delivered,29491,USD,2027-02-11 08:32:55,2027-02-18 13:58:27,2027-02-18 19:33:15
2257,168,delivered,18494,EUR,2027-02-11 09:21:20,2027-03-05 22:42:39,2027-03-06 00:47:42
2258,191,delivered,41995,EUR,2027-02-12 04:57:41,2027-02-20 23:40:19,2027-02-21 03:52:37
2259,55,delivered,17995,AUD,2027-02-12 12:18:08,2027-03-13 06:30:12,2027-03-13 12:24:29
2260,48,pending,3998,EUR,2027-02-12 21:05:56,2027-02-20 09:44:31,2027-02-20 10:52:21
2261,125,delivered,10995,GBP,2027-02-12 23:29:12,2027-03-01 23:46:09,2027-03-02 04:54:50
2262,153,paid,5498,USD,2027-02-13 09:35:58,2027-03-10 05:36:12,2027-03-10 06:48:15
2263,82,paid,23995,USD,2027-02-13 17:05:40,2027-03-02 23:27:48,2027-03-03 04:48:48
2264,152,delivered,37990,EUR,2027-02-13 19:21:50,2027-03-05 14:39:24,2027-03-05 17:29:05
2265,52,pending,11999,EUR,2027-02-13 23:30:56,2027-02-28 04:37:26,2027-02-28 08:32:56
2266,29,pending,34994,EUR,2027-02-14 01:13:33,2027-03-06 21:42:04,2027-03-06 23:36:40
2267,65,refunded,5998,AUD,2027-02-14 10:52:58,2027-02-20 03:46:17,2027-02-20 09:38:09
2268,18,refunded,65987,USD,2027-02-14 12:17:48,2027-02-22 07:35:13,2027-02-22 08:55:35
2269,131,paid,15996,CAD,2027-02-15 04:43:04,2027-03-04 21:47:29,2027-03-05 00:47:50
2270,20,delivered,48491,CAD,2027-02-15 06:42:41,2027-03-01 02:40:10,2027-03-01 07:34:29
2271,35,delivered,100988,GBP,2027-02-15 14:15:34,2027-03-03 17:14:20,2027-03-03 22:49:37
2272,120,delivered,1999,EUR,2027-02-15 18:42:21,2027-02-17 21:47:53,2027-02-18 03:41:50
2273,128,paid,34988,EUR,2027-02-15 20:45:44,2027-03-09 04:11:29,2027-03-09 05:13:37
2274,127,refunded,11998,EUR,2027-02-16 01:07:29,2027-03-10 02:08:21,2027-03-10 05:39:47
2275,55,delivered,10995,AUD,2027-02-16 04:28:48,2027-03-07 19:36:03,2027-03-07 22:35:50
2276,111,shipped,11999,EUR,2027-02-16 13:40:09,2027-02-24 05:50:27,2027-02-24 09:00:54
2277,49,paid,42492,EUR,2027-02-16 19:30:16,2027-02-23 03:00:21,2027-02-23 08:59:31
2278,14,shipped,16995,EUR,2027-02-17 03:08:15,2027-03-01 06:28:25,2027-03-01 07:43:36
2279,158,delivered,40991,EUR,2027-02-17 09:54:34,2027-03-10 07:35:00,2027-03-10 10:04:31
2280,83,pending,47992,AUD,2027-02-17 17:09:23,2027-03-09 12:44:34,2027-03-09 16:42:43
2281,153,paid,20994,USD,2027-02-18 11:05:31,2027-02-23 05:43:43,2027-02-23 09:39:31
2282,125,delivered,18994,GBP,2027-02-18 17:02:09,2027-03-13 07:17:27,2027-03-13 10:22:12
2283,128,refunded,38490,EUR,2027-02-19 06:22:50,2027-03-20 09:15:30,2027-03-20 13:22:12
2284,152,delivered,14994,EUR,2027-02-19 17:42:52,2027-03-13 02:21:35,2027-03-13 05:43:30
2285,137,pending,35989,EUR,2027-02-19 23:33:28,2027-03-09 09:52:52,2027-03-09 14:29:07
2286,65,shipped,15996,AUD,2027-02-20 12:43:40,2027-03-02 06:39:45,2027-03-02 12:18:30
2287,29,pending,11996,EUR,2027-02-20 23:44:07,2027-03-11 21:15:10,2027-03-12 01:00:01
2288,6,paid,34993,EUR,2027-02-21 17:22:27,2027-03-12 20:39:23,2027-03-13 02:12:45
2289,129,paid,5999,EUR,2027-02-21 19:51:18,2027-02-23 17:14:02,2027-02-23 22:07:56
2290,191,refunded,58994,EUR,2027-02-21 21:01:21,2027-03-19 12:30:06,2027-03-19 15:03:02
2291,112,shipped,23493,AUD,2027-02-22 05:21:24,2027-03-21 13:11:03,2027-03-21 14:33:39
2292,132,delivered,89986,EUR,2027-02-22 12:16:42,2027-02-24 12:42:36,2027-02-24 14:53:27
2293,73,delivered,9996,GBP,2027-02-22 17:33:26,2027-03-05 15:26:38,2027-03-05 19:53:34
2294,90,cancelled,6997,CAD,2027-02-23 09:20:00,2027-03-09 00:24:20,2027-03-09 04:27:38
2295,145,paid,7497,USD,2027-02-23 15:26:52,2027-02-27 08:50:46,2027-02-27 10:19:09
2296,120,shipped,26997,EUR,2027-02-23 19:38:48,2027-02-26 00:57:42,2027-02-26 06:14:39
2297,98,paid,48993,EUR,2027-02-23 22:10:37,2027-03-21 14:10:04,2027-03-21 17:51:55
2298,111,refunded,13996,EUR,2027-02-23 22:17:01,2027-03-14 18:26:41,2027-03-15 00:07:39
2299,67,delivered,77485,EUR,2027-02-24 00:06:45,2027-02-25 18:34:36,2027-02-25 23:36:49
2300,171,refunded,30990,EUR,2027-02-24 01:36:14,2027-03-09 11:08:50,2027-03-09 15:47:51
2301,103,delivered,6998,AUD,2027-02-24 02:18:18,2027-03-06 21:04:04,2027-03-07 01:48:00
2302,138,delivered,9498,EUR,2027-02-25 00:27:58,2027-03-03 05:59:45,2027-03-03 07:14:57
2303,56,cancelled,69486,EUR,2027-02-25 06:00:36,2027-03-25 14:18:13,2027-03-25 19:59:05
2304,128,delivered,5997,EUR,2027-02-25 08:46:04,2027-03-09 03:40:24,2027-03-09 08:25:48
2305,62,paid,35996,EUR,2027-02-25 12:51:12,2027-03-04 02:54:47,2027-03-04 04:08:19
2306,164,delivered,14496,EUR,2027-02-26 01:05:51,2027-03-11 21:18:00,2027-03-11 23:55:07
2307,112,shipped,74990,AUD,2027-02-26 08:08:48,2027-03-17 04:38:13,2027-03-17 09:29:26
2308,154,shipped,3999,CAD,2027-02-27 13:56:40,2027-03-19 11:06:37,2027-03-19 14:35:56
2309,35,delivered,76985,GBP,2027-02-27 17:27:54,2027-03-23 04:37:47,2027-03-23 06:11:39
2310,71,shipped,12496,EUR,2027-02-27 21:31:04,2027-03-23 14:31:12,2027-03-23 19:49:30
2311,178,paid,17998,EUR,2027-02-28 10:19:31,2027-03-01 05:21:51,2027-03-01 09:22:12
2312,57,shipped,56492,EUR,2027-02-28 11:37:53,2027-03-28 05:19:37,2027-03-28 08:04:00
2313,32,delivered,17995,EUR,2027-02-28 18:09:03,2027-03-23 17:12:37,2027-03-23 21:35:16
2314,174,shipped,47996,EUR,2027-03-01 02:37:15,2027-03-10 18:46:14,2027-03-10 23:46:32
2315,160,shipped,10997,EUR,2027-03-01 09:30:21,2027-03-15 15:34:48,2027-03-15 21:05:00
2316,89,paid,35995,EUR,2027-03-01 16:38:10,2027-03-16 13:54:44,2027-03-16 16:14:05
2317,144,shipped,73990,GBP,2027-03-01 22:44:30,2027-03-09 14:47:05,2027-03-09 18:46:45
2318,7,refunded,20992,EUR,2027-03-02 03:28:44,2027-03-30 21:16:03,2027-03-30 22:20:13
2319,180,shipped,23998,EUR,2027-03-02 14:49:08,2027-03-25 11:04:40,2027-03-25 13:56:50
2320,100,delivered,22493,EUR,2027-03-03 01:51:56,2027-03-30 01:18:50,2027-03-30 07:06:11
2321,102,delivered,17997,EUR,2027-03-03 13:57:36,2027-03-17 22:11:44,2027-03-18 02:14:40
2322,105,delivered,51487,EUR,2027-03-04 00:56:29,2027-03-15 03:54:32,2027-03-15 06:35:40
2323,169,cancelled,56989,EUR,2027-03-04 21:58:10,2027-03-06 00:07:00,2027-03-06 04:51:06
2324,44,delivered,31992,EUR,2027-03-05 14:32:34,2027-03-27 11:55:34,2027-03-27 13:58:55
2325,7,delivered,12496,EUR,2027-03-05 19:51:52,2027-04-02 03:34:53,2027-04-02 06:02:44
2326,146,refunded,28992,CAD,2027-03-06 04:04:54,2027-03-20 00:02:29,2027-03-20 03:07:51
2327,146,refunded,29995,CAD,2027-03-06 05:31:38,2027-03-12 05:10:06,2027-03-12 08:28:48
2328,140,shipped,8999,EUR,2027-03-07 01:53:49,2027-03-21 17:48:07,2027-03-21 19:15:48
2329,164,delivered,56482,EUR,2027-03-07 09:21:50,2027-03-16 11:52:14,2027-03-16 14:14:35
2330,157,delivered,38991,EUR,2027-03-07 15:46:58,2027-04-04 21:28:59,2027-04-05 00:07:34
2331,70,shipped,9997,EUR,2027-03-07 16:28:57,2027-03-30 07:51:04,2027-03-30 11:54:51
2332,32,paid,42991,EUR,2027-03-08 00:31:42,2027-03-27 21:59:07,2027-03-28 03:35:28
2333,148,delivered,7497,EUR,2027-03-08 07:22:30,2027-03-16 20:29:05,2027-03-16 22:10:14
2334,157,delivered,54993,EUR,2027-03-08 15:51:33,2027-03-10 06:48:47,2027-03-10 10:03:27
2335,144,paid,4998,GBP,2027-03-08 21:26:33,2027-03-10 03:33:04,2027-03-10 05:54:29
2336,1,paid,36488,AUD,2027-03-08 22:27:24,2027-03-27 06:07:44,2027-03-27 10:27:39
2337,120,refunded,1999,EUR,2027-03-09 06:32:34,2027-03-19 12:22:14,2027-03-19 13:34:58
2338,21,delivered,13996,EUR,2027-03-09 20:51:01,2027-03-19 14:25:40,2027-03-19 17:41:11
2339,22,shipped,28994,EUR,2027-03-10 19:29:05,2027-03-23 01:10:18,2027-03-23 05:51:36
2340,169,refunded,36993,EUR,2027-03-10 20:23:22,2027-04-02 16:52:30,2027-04-02 19:56:51
2341,70,delivered,14995,EUR,2027-03-11 00:27:31,2027-03-19 07:23:35,2027-03-19 12:07:23
2342,47,shipped,54993,EUR,2027-03-11 10:51:29,2027-04-07 14:20:49,2027-04-07 15:51:21
2343,127,delivered,13995,EUR,2027-03-11 11:37:16,2027-03-29 04:46:15,2027-03-29 05:48:46
2344,36,delivered,2499,CAD,2027-03-12 03:04:13,2027-03-14 00:01:34,2027-03-14 01:18:07
2345,172,paid,43990,AUD,2027-03-12 03:10:58,2027-03-25 14:08:09,2027-03-25 15:50:21
2346,24,paid,18995,EUR,2027-03-12 15:39:00,2027-03-18 04:15:56,2027-03-18 06:26:17
2347,13,delivered,26997,EUR,2027-03-12 16:28:20,2027-04-03 08:52:48,2027-04-03 14:46:30
2348,172,cancelled,59992,AUD,2027-03-13 15:52:58,2027-03-16 06:47:33,2027-03-16 08:27:28
2349,73,delivered,38994,GBP,2027-03-13 17:05:16,2027-03-18 04:24:17,2027-03-18 05:58:37
2350,29,shipped,28989,EUR,2027-03-14 04:39:02,2027-03-22 09:46:09,2027-03-22 15:15:12
2351,166,pending,7996,EUR,2027-03-14 07:03:19,2027-03-19 12:54:40,2027-03-19 18:09:11
2352,30,delivered,19993,EUR,2027-03-15 05:52:34,2027-04-08 03:53:34,2027-04-08 06:17:57
2353,111,refunded,1999,EUR,2027-03-15 11:11:05,2027-03-28 05:59:29,2027-03-28 08:20:10
2354,22,delivered,26994,EUR,2027-03-15 16:15:30,2027-03-16 00:52:21,2027-03-16 05:20:35
2355,82,shipped,5997,USD,2027-03-16 11:09:06,2027-04-07 08:19:55,2027-04-07 12:25:18
2356,6,delivered,21496,EUR,2027-03-16 14:43:23,2027-03-20 14:19:28,2027-03-20 15:22:29
2357,35,paid,22995,GBP,2027-03-16 22:13:41,2027-04-01 12:01:43,2027-04-01 13:09:36
2358,174,delivered,40993,EUR,2027-03-16 23:28:37,2027-04-11 10:44:00,2027-04-11 15:44:21
2359,200,delivered,9996,CAD,2027-03-17 15:56:42,2027-04-12 00:51:20,2027-04-12 04:59:29
2360,70,delivered,13994,EUR,2027-03-17 16:36:39,2027-04-12 10:58:57,2027-04-12 13:13:40
2361,152,shipped,3499,EUR,2027-03-18 12:18:45,2027-04-05 03:55:00,2027-04-05 05:30:47
2362,114,shipped,42989,USD,2027-03-18 12:33:47,2027-04-14 04:15:25,2027-04-14 09:12:34
2363,148,paid,33488,EUR,2027-03-19 17:21:16,2027-04-06 03:32:41,2027-04-06 05:17:29
2364,116,paid,13496,EUR,2027-03-19 20:49:12,2027-04-12 15:07:32,2027-04-12 19:34:09
2365,105,refunded,22494,EUR,2027-03-19 23:55:20,2027-04-13 22:15:29,2027-04-14 03:07:18
2366,47,delivered,29491,EUR,2027-03-20 13:29:38,2027-03-28 07:20:23,2027-03-28 11:22:15
2367,150,delivered,40991,EUR,2027-03-20 18:41:52,2027-04-07 04:09:34,2027-04-07 05:48:05
2368,79,delivered,36993,EUR,2027-03-21 11:59:29,2027-04-19 15:25:51,2027-04-19 17:19:53
2369,116,delivered,7497,EUR,2027-03-21 22:48:36,2027-04-20 12:30:53,2027-04-20 17:01:13
2370,192,refunded,7996,CAD,2027-03-22 17:30:15,2027-04-09 23:54:45,2027-04-10 02:29:18
2371,18,paid,9995,USD,2027-03-22 20:09:23,2027-04-16 12:02:31,2027-04-16 17:24:13
2372,113,shipped,17494,USD,2027-03-23 07:22:01,2027-04-02 23:37:02,2027-04-03 04:42:41
2373,37,paid,34493,CAD,2027-03-23 10:35:49,2027-04-07 16:54:29,2027-04-07 20:56:51
2374,29,delivered,7997,EUR,2027-03-23 12:55:16,2027-04-04 09:19:54,2027-04-04 12:02:41
2375,124,shipped,11497,GBP,2027-03-24 00:47:26,2027-04-15 11:13:30,2027-04-15 15:43:04
2376,166,paid,30994,EUR,2027-03-24 04:16:02,2027-03-24 14:25:56,2027-03-24 18:02:44
2377,48,shipped,28989,EUR,2027-03-24 14:57:59,2027-04-18 07:06:39,2027-04-18 10:53:09
2378,49,cancelled,49990,EUR,2027-03-25 04:56:25,2027-04-02 00:57:32,2027-04-02 04:32:38
2379,153,pending,38495,USD,2027-03-25 10:18:01,2027-04-08 21:21:10,2027-04-08 23:36:50
2380,8,delivered,55988,USD,2027-03-25 15:19:30,2027-04-21 21:18:29,2027-04-22 03:15:04
2381,102,refunded,7497,EUR,2027-03-26 07:34:41,2027-04-04 00:10:36,2027-04-04 03:09:27
2382,124,delivered,68989,GBP,2027-03-26 18:19:34,2027-04-18 17:32:36,2027-04-18 20:30:04
2383,168,paid,27491,EUR,2027-03-27 12:54:55,2027-04-06 15:03:46,2027-04-06 19:35:10
2384,89,delivered,14496,EUR,2027-03-27 15:00:44,2027-04-22 01:09:06,2027-04-22 03:52:57
2385,45,delivered,47491,EUR,2027-03-27 16:45:37,2027-04-20 15:02:09,2027-04-20 16:59:36
2386,140,pending,31992,EUR,2027-03-28 05:55:35,2027-04-09 00:29:43,2027-04-09 04:35:00
2387,17,refunded,34494,GBP,2027-03-28 13:55:34,2027-04-21 19:01:43,2027-04-21 21:29:33
2388,168,pending,61989,EUR,2027-03-28 13:56:25,2027-04-21 16:35:31,2027-04-21 20:15:32
2389,152,delivered,16495,EUR,2027-03-29 11:56:42,2027-03-30 20:35:14,2027-03-30 22:08:14
2390,172,paid,7497,AUD,2027-03-29 12:40:20,2027-04-18 17:48:41,2027-04-18 21:44:49
2391,10,delivered,2999,EUR,2027-03-29 15:25:11,2027-04-01 01:01:44,2027-04-01 05:51:10
2392,152,delivered,1999,EUR,2027-03-30 02:23:18,2027-04-15 02:47:23,2027-04-15 08:06:46
2393,198,delivered,11998,EUR,2027-03-30 13:16:46,2027-04-27 13:56:47,2027-04-27 18:23:44
2394,71,delivered,43992,EUR,2027-03-31 00:55:47,2027-04-27 16:27:30,2027-04-27 18:52:22
2395,127,paid,46987,EUR,2027-03-31 03:28:54,2027-04-27 23:04:17,2027-04-28 02:11:41
2396,6,shipped,32995,EUR,2027-03-31 17:50:29,2027-04-20 12:21:07,2027-04-20 14:50:06
2397,186,delivered,32493,EUR,2027-04-01 11:15:38,2027-04-30 01:19:22,2027-04-30 04:31:18
2398,90,delivered,4998,CAD,2027-04-01 15:31:37,2027-04-26 04:46:54,2027-04-26 10:07:08
2399,125,refunded,27994,GBP,2027-04-02 08:24:56,2027-04-15 10:24:14,2027-04-15 11:59:07
2400,85,delivered,55490,EUR,2027-04-02 18:19:31,2027-04-15 18:09:22,2027-04-15 21:48:56
2401,49,cancelled,1999,EUR,2027-04-02 19:41:15,2027-04-22 02:41:07,2027-04-22 05:08:49
2402,153,delivered,26997,USD,2027-04-02 23:25:08,2027-04-23 03:25:22,2027-04-23 09:07:07
2403,186,paid,5498,EUR,2027-04-03 04:48:58,2027-04-08 22:00:46,2027-04-08 23:12:24
2404,45,delivered,64992,EUR,2027-04-03 13:38:16,2027-04-23 09:14:17,2027-04-23 14:16:43
2405,161,delivered,16994,EUR,2027-04-03 22:45:12,2027-04-12 04:17:57,2027-04-12 08:26:54
2406,164,delivered,7998,EUR,2027-04-04 03:23:29,2027-04-10 22:59:11,2027-04-11 01:29:43
2407,25,shipped,59487,EUR,2027-04-04 11:48:55,2027-04-08 13:41:06,2027-04-08 16:37:27
2408,150,paid,73991,EUR,2027-04-04 18:40:45,2027-04-27 05:30:38,2027-04-27 06:43:03
2409,24,delivered,61992,EUR,2027-04-05 09:31:17,2027-04-24 15:00:07,2027-04-24 16:38:38
2410,180,delivered,35996,EUR,2027-04-05 16:21:11,2027-04-28 06:03:43,2027-04-28 08:43:46
2411,153,cancelled,14995,USD,2027-04-05 23:40:01,2027-05-02 01:44:01,2027-05-02 06:46:01
2412,154,delivered,15996,CAD,2027-04-06 17:01:08,2027-04-08 19:54:10,2027-04-09 00:28:23
2413,138,delivered,7996,EUR,2027-04-06 22:58:10,2027-05-05 06:51:47,2027-05-05 08:15:23
2414,132,paid,25991,EUR,2027-04-07 03:31:51,2027-04-15 17:23:41,2027-04-15 20:13:32
2415,93,pending,41985,AUD,2027-04-07 11:05:32,2027-04-10 06:51:27,2027-04-10 12:00:04
2416,191,delivered,9996,EUR,2027-04-07 15:41:35,2027-04-30 05:23:58,2027-04-30 08:21:17
2417,62,delivered,9995,EUR,2027-04-08 03:35:34,2027-04-16 06:54:07,2027-04-16 12:17:21
2418,120,paid,69991,EUR,2027-04-08 08:09:32,2027-04-14 10:07:57,2027-04-14 14:35:01
2419,140,delivered,6998,EUR,2027-04-08 12:41:44,2027-04-25 15:37:57,2027-04-25 17:46:44
2420,47,paid,15996,EUR,2027-04-08 23:08:35,2027-04-14 16:04:08,2027-04-14 18:36:33
2421,178,delivered,31994,EUR,2027-04-09 10:02:04,2027-04-26 02:03:26,2027-04-26 06:05:35
2422,200,shipped,46992,CAD,2027-04-09 14:48:03,2027-04-11 10:25:48,2027-04-11 12:19:49
2423,104,delivered,41993,EUR,2027-04-09 17:40:40,2027-05-02 18:32:44,2027-05-03 00:25:35
2424,22,cancelled,31993,EUR,2027-04-10 11:23:48,2027-04-24 21:14:50,2027-04-25 02:51:11
2425,124,delivered,53991,GBP,2027-04-10 11:25:56,2027-04-13 13:50:53,2027-04-13 19:34:04
2426,80,delivered,13996,EUR,2027-04-11 12:15:37,2027-04-28 07:16:25,2027-04-28 12:05:20
2427,58,delivered,21994,EUR,2027-04-11 21:26:30,2027-05-06 03:56:56,2027-05-06 05:02:23
2428,111,paid,8999,EUR,2027-04-12 14:20:12,2027-04-14 05:55:31,2027-04-14 09:17:25
2429,82,delivered,7998,USD,2027-04-12 16:53:23,2027-04-14 16:42:24,2027-04-14 22:21:05
2430,105,delivered,8997,EUR,2027-04-13 03:19:38,2027-04-27 08:14:08,2027-04-27 13:47:24
2431,153,delivered,33993,USD,2027-04-13 17:04:51,2027-04-18 14:28:05,2027-04-18 17:08:14
2432,40,delivered,59994,EUR,2027-04-14 01:45:36,2027-05-07 14:54:01,2027-05-07 18:04:59
2433,140,shipped,3998,EUR,2027-04-14 12:09:32,2027-04-22 15:53:22,2027-04-22 21:04:44
2434,101,paid,6997,USD,2027-04-14 20:30:29,2027-04-27 07:52:00,2027-04-27 13:11:58
2435,57,cancelled,26997,EUR,2027-04-15 04:20:10,2027-04-26 05:45:30,2027-04-26 10:00:32
2436,71,delivered,21995,EUR,2027-04-15 10:20:46,2027-04-19 13:09:30,2027-04-19 15:42:19
2437,120,delivered,78983,EUR,2027-04-15 20:41:13,2027-05-04 23:26:16,2027-05-05 02:41:55
2438,1,delivered,56995,AUD,2027-04-16 07:52:26,2027-04-25 02:48:47,2027-04-25 05:50:41
2439,175,paid,73988,EUR,2027-04-16 09:14:19,2027-05-04 11:17:38,2027-05-04 13:44:59
2440,104,delivered,38992,EUR,2027-04-16 09:55:39,2027-04-25 00:00:55,2027-04-25 03:48:01
2441,46,shipped,30993,EUR,2027-04-17 06:36:24,2027-04-20 04:56:56,2027-04-20 09:34:50
2442,160,refunded,8997,EUR,2027-04-17 16:13:37,2027-04-29 03:42:21,2027-04-29 08:03:37
2443,188,delivered,48987,USD,2027-04-18 03:24:00,2027-04-28 21:49:25,2027-04-29 01:24:34
2444,133,shipped,26993,EUR,2027-04-18 15:11:54,2027-05-01 16:53:57,2027-05-01 20:28:12
2445,79,delivered,23996,EUR,2027-04-19 12:54:16,2027-05-11 23:05:25,2027-05-12 03:54:06
2446,150,paid,19492,EUR,2027-04-19 15:25:37,2027-05-09 01:29:19,2027-05-09 06:17:41
2447,146,paid,2499,CAD,2027-04-19 22:40:54,2027-05-08 15:04:11,2027-05-08 19:43:41
2448,171,delivered,7497,EUR,2027-04-20 17:46:17,2027-05-15 02:00:10,2027-05-15 03:04:50
2449,54,paid,43993,EUR,2027-04-20 18:48:00,2027-04-26 06:53:58,2027-04-26 08:02:10
2450,98,paid,30992,EUR,2027-04-21 02:07:25,2027-04-24 06:40:51,2027-04-24 09:21:36
2451,10,delivered,19992,EUR,2027-04-21 14:54:06,2027-05-02 11:24:12,2027-05-02 14:45:29
2452,138,shipped,23992,EUR,2027-04-22 03:09:57,2027-05-06 14:15:10,2027-05-06 19:11:39
2453,86,shipped,9996,EUR,2027-04-22 16:57:01,2027-04-29 06:28:39,2027-04-29 08:54:15
2454,138,delivered,64490,EUR,2027-04-22 22:51:10,2027-04-29 10:54:12,2027-04-29 12:26:14
2455,114,delivered,51993,USD,2027-04-23 01:28:48,2027-05-18 23:46:43,2027-05-19 02:14:12
2456,175,delivered,32993,EUR,2027-04-23 01:30:45,2027-05-05 17:52:46,2027-05-05 22:16:08
2457,20,delivered,47996,CAD,2027-04-23 22:02:55,2027-05-15 04:57:47,2027-05-15 10:53:07
2458,101,paid,53990,USD,2027-04-24 15:43:54,2027-05-21 18:56:55,2027-05-21 21:32:59
2459,25,refunded,22993,EUR,2027-04-24 16:17:25,2027-05-02 02:56:21,2027-05-02 04:20:52
2460,158,delivered,55992,EUR,2027-04-25 06:46:07,2027-05-07 17:39:28,2027-05-07 23:26:34
2461,95,pending,14997,EUR,2027-04-25 08:04:37,2027-05-22 07:02:14,2027-05-22 09:58:28
2462,169,delivered,26993,EUR,2027-04-26 04:53:36,2027-05-21 14:10:03,2027-05-21 18:40:38
2463,150,delivered,6497,EUR,2027-04-26 12:53:02,2027-05-20 02:47:58,2027-05-20 04:08:42
2464,57,delivered,38995,EUR,2027-04-26 14:50:28,2027-05-18 12:01:26,2027-05-18 16:42:47
2465,125,delivered,5998,GBP,2027-04-27 01:08:42,2027-04-30 11:48:02,2027-04-30 13:02:08
2466,192,shipped,35990,CAD,2027-04-27 20:19:23,2027-05-06 03:07:50,2027-05-06 04:16:52
2467,144,pending,5997,GBP,2027-04-28 08:26:34,2027-05-28 05:03:48,2027-05-28 07:45:44
2468,148,delivered,7997,EUR,2027-04-28 15:42:27,2027-05-27 07:44:43,2027-05-27 09:54:55
2469,171,paid,39487,EUR,2027-04-29 15:57:08,2027-05-15 16:53:46,2027-05-15 21:42:43
2470,56,delivered,34995,EUR,2027-04-29 19:07:16,2027-05-05 12:34:23,2027-05-05 16:44:58
2471,117,delivered,67989,EUR,2027-04-30 08:49:59,2027-05-04 05:12:42,2027-05-04 10:49:02
2472,22,delivered,24995,EUR,2027-04-30 22:19:58,2027-05-14 22:55:20,2027-05-14 23:59:23
2473,86,shipped,34993,EUR,2027-05-01 05:37:37,2027-05-24 11:55:53,2027-05-24 16:45:36
2474,77,shipped,53986,EUR,2027-05-01 05:51:58,2027-05-12 02:53:25,2027-05-12 04:10:13
2475,56,shipped,26997,EUR,2027-05-01 10:36:23,2027-05-26 03:14:28,2027-05-26 08:38:08
2476,179,pending,29996,GBP,2027-05-01 22:37:18,2027-05-26 18:26:39,2027-05-26 21:48:23
2477,180,delivered,17997,EUR,2027-05-02 12:06:46,2027-05-18 10:42:10,2027-05-18 15:33:03
2478,13,delivered,35995,EUR,2027-05-02 16:41:50,2027-05-22 01:27:24,2027-05-22 05:51:02
2479,173,delivered,41993,EUR,2027-05-03 07:25:31,2027-05-26 03:21:29,2027-05-26 08:12:49
2480,179,delivered,44989,GBP,2027-05-03 16:26:49,2027-05-24 22:54:38,2027-05-25 00:26:33
2481,132,shipped,56992,EUR,2027-05-03 17:55:34,2027-05-08 08:32:46,2027-05-08 14:28:53
2482,133,paid,33990,EUR,2027-05-04 05:52:39,2027-05-11 00:11:01,2027-05-11 03:16:47
2483,178,paid,17998,EUR,2027-05-04 06:24:28,2027-05-29 08:10:14,2027-05-29 09:33:37
2484,79,paid,8997,EUR,2027-05-04 09:57:53,2027-05-29 05:48:32,2027-05-29 08:47:30
2485,5,shipped,35990,USD,2027-05-05 08:46:55,2027-05-10 01:14:36,2027-05-10 06:27:46
2486,75,pending,2499,EUR,2027-05-05 15:22:59,2027-05-06 03:49:42,2027-05-06 08:06:21
2487,102,delivered,36993,EUR,2027-05-05 17:29:35,2027-05-25 08:43:09,2027-05-25 14:07:36
2488,123,delivered,19994,AUD,2027-05-05 20:08:52,2027-05-18 05:27:09,2027-05-18 09:52:14
2489,3,delivered,25995,EUR,2027-05-06 06:09:41,2027-05-23 05:52:15,2027-05-23 10:33:23
2490,113,delivered,49988,USD,2027-05-06 09:08:08,2027-05-17 21:23:58,2027-05-18 00:09:37
2491,133,delivered,39994,EUR,2027-05-06 14:58:13,2027-05-10 12:55:36,2027-05-10 18:47:05
2492,180,pending,15996,EUR,2027-05-07 07:03:46,2027-05-15 22:43:17,2027-05-16 03:47:00
2493,14,delivered,15996,EUR,2027-05-07 08:49:16,2027-05-23 18:53:45,2027-05-23 23:53:12
2494,52,shipped,31990,EUR,2027-05-07 20:25:14,2027-05-12 10:31:00,2027-05-12 12:30:45
2495,120,delivered,53485,EUR,2027-05-08 10:27:17,2027-05-12 07:02:02,2027-05-12 09:02:22
2496,68,shipped,56995,AUD,2027-05-08 11:46:57,2027-05-16 06:38:20,2027-05-16 11:09:48
2497,105,paid,53991,EUR,2027-05-08 16:28:28,2027-05-12 06:31:19,2027-05-12 08:51:50
2498,196,refunded,39994,AUD,2027-05-09 01:27:01,2027-05-16 16:47:18,2027-05-16 17:52:45
2499,123,shipped,7998,AUD,2027-05-09 02:00:27,2027-05-31 22:54:45,2027-06-01 04:08:40
2500,191,shipped,21990,EUR,2027-05-09 04:22:42,2027-05-26 12:11:04,2027-05-26 13:35:02
2501,32,shipped,43491,EUR,2027-05-09 05:13:04,2027-05-14 11:16:11,2027-05-14 16:32:32
2502,45,delivered,12997,EUR,2027-05-09 19:45:54,2027-05-28 13:04:03,2027-05-28 14:47:51
2503,196,delivered,18496,AUD,2027-05-10 08:47:46,2027-05-30 07:43:39,2027-05-30 09:33:20
2504,123,delivered,55487,AUD,2027-05-10 17:17:54,2027-06-06 00:45:17,2027-06-06 04:20:25
2505,86,refunded,14497,EUR,2027-05-10 17:30:53,2027-05-25 17:26:27,2027-05-25 18:56:06
2506,72,delivered,23495,EUR,2027-05-11 06:22:00,2027-05-14 04:42:20,2027-05-14 07:31:35
2507,1,delivered,23998,AUD,2027-05-11 11:40:23,2027-05-18 00:11:37,2027-05-18 03:40:09
2508,45,delivered,21994,EUR,2027-05-11 16:02:36,2027-05-28 21:57:32,2027-05-29 00:07:48
2509,93,delivered,14996,AUD,2027-05-12 05:34:56,2027-06-10 23:26:49,2027-06-11 03:16:50
2510,8,paid,3499,USD,2027-05-12 11:52:08,2027-06-01 08:23:51,2027-06-01 12:28:55
2511,200,delivered,5997,CAD,2027-05-12 20:16:24,2027-06-07 18:15:02,2027-06-07 20:21:09
2512,24,cancelled,13994,EUR,2027-05-13 01:12:42,2027-06-09 22:31:08,2027-06-09 23:35:10
2513,172,shipped,27994,AUD,2027-05-13 02:05:38,2027-05-14 13:16:53,2027-05-14 16:38:11
2514,86,shipped,6998,EUR,2027-05-13 13:17:08,2027-06-12 09:28:40,2027-06-12 14:05:54
2515,80,refunded,47996,EUR,2027-05-14 05:12:31,2027-05-27 19:38:46,2027-05-27 23:40:05
2516,46,cancelled,31493,EUR,2027-05-14 09:25:43,2027-05-29 14:00:31,2027-05-29 17:55:42
2517,90,refunded,7996,CAD,2027-05-15 00:06:03,2027-06-13 23:37:27,2027-06-14 01:15:39
2518,71,paid,60489,EUR,2027-05-15 14:57:22,2027-05-29 05:37:15,2027-05-29 11:26:03
2519,41,refunded,92986,EUR,2027-05-15 18:40:39,2027-06-09 01:34:16,2027-06-09 04:20:55
2520,154,shipped,82490,CAD,2027-05-16 01:36:10,2027-06-13 04:03:26,2027-06-13 05:47:23
2521,131,delivered,30991,CAD,2027-05-16 12:02:49,2027-05-16 14:21:58,2027-05-16 19:39:09
2522,36,paid,66988,CAD,2027-05-17 01:45:47,2027-05-29 18:38:56,2027-05-29 22:15:44
2523,41,shipped,10998,EUR,2027-05-17 05:17:46,2027-06-13 22:27:34,2027-06-14 00:34:12
2524,188,delivered,37989,USD,2027-05-17 21:08:50,2027-05-30 01:32:14,2027-05-30 04:41:01
2525,174,cancelled,21494,EUR,2027-05-18 17:17:27,2027-05-30 05:39:21,2027-05-30 08:54:14
2526,112,refunded,9997,AUD,2027-05-18 17:53:33,2027-05-19 11:24:57,2027-05-19 12:36:38
2527,77,paid,12996,EUR,2027-05-18 19:37:14,2027-06-15 13:33:41,2027-06-15 19:25:28
2528,23,paid,73985,EUR,2027-05-18 21:18:40,2027-05-25 00:43:08,2027-05-25 02:27:52
2529,140,shipped,47996,EUR,2027-05-19 08:13:17,2027-06-01 20:39:58,2027-06-02 02:37:17
2530,21,delivered,30491,EUR,2027-05-19 09:01:16,2027-05-24 20:29:14,2027-05-25 02:06:13
2531,154,pending,31492,CAD,2027-05-19 09:44:45,2027-05-24 16:24:29,2027-05-24 17:35:49
2532,86,delivered,45987,EUR,2027-05-19 23:00:13,2027-05-27 10:52:53,2027-05-27 15:17:44
2533,140,delivered,27996,EUR,2027-05-20 00:49:13,2027-06-17 03:52:49,2027-06-17 09:42:42
2534,160,delivered,70989,EUR,2027-05-20 15:54:13,2027-05-22 19:02:00,2027-05-22 22:07:52
2535,62,refunded,10997,EUR,2027-05-20 17:37:24,2027-05-31 12:49:01,2027-05-31 17:59:18
2536,103,paid,54492,AUD,2027-05-21 12:11:04,2027-06-01 22:04:23,2027-06-02 00:07:00
2537,114,shipped,31489,USD,2027-05-21 20:41:52,2027-06-06 21:21:44,2027-06-07 03:00:40
2538,99,delivered,14993,EUR,2027-05-22 04:43:53,2027-06-18 20:05:02,2027-06-18 21:07:13
2539,58,delivered,28490,EUR,2027-05-22 07:41:01,2027-06-12 12:56:39,2027-06-12 16:24:30
2540,153,paid,53991,USD,2027-05-22 12:53:14,2027-05-30 00:59:40,2027-05-30 03:33:03
2541,85,delivered,28994,EUR,2027-05-23 00:47:21,2027-06-02 00:42:00,2027-06-02 02:49:55
2542,41,pending,5997,EUR,2027-05-23 01:41:54,2027-06-08 00:55:24,2027-06-08 02:32:35
2543,191,delivered,8497,EUR,2027-05-23 06:19:49,2027-06-15 08:00:30,2027-06-15 12:56:22
2544,47,paid,5998,EUR,2027-05-24 10:14:14,2027-06-04 20:54:16,2027-06-04 21:56:44
2545,79,pending,28991,EUR,2027-05-24 12:37:06,2027-06-04 18:01:11,2027-06-04 22:25:53
2546,25,delivered,15994,EUR,2027-05-24 21:05:00,2027-06-16 11:16:01,2027-06-16 14:50:19
2547,23,shipped,9996,EUR,2027-05-25 03:04:08,2027-05-25 23:08:41,2027-05-26 02:48:32
2548,154,delivered,25994,CAD,2027-05-25 18:37:51,2027-06-07 00:04:59,2027-06-07 04:11:44
2549,24,shipped,53986,EUR,2027-05-26 06:33:38,2027-06-22 15:18:52,2027-06-22 20:11:54
2550,32,refunded,29993,EUR,2027-05-26 07:33:15,2027-06-20 20:43:12,2027-06-20 23:55:09
2551,150,delivered,54989,EUR,2027-05-26 21:30:23,2027-06-04 06:51:41,2027-06-04 11:15:50
2552,58,paid,7996,EUR,2027-05-26 22:18:37,2027-06-15 04:23:41,2027-06-15 05:24:36
2553,145,paid,7497,USD,2027-05-27 02:44:15,2027-06-04 07:40:04,2027-06-04 12:37:55
2554,83,paid,7498,AUD,2027-05-27 03:00:07,2027-06-10 13:41:23,2027-06-10 17:58:37
2555,191,delivered,6997,EUR,2027-05-27 05:34:03,2027-06-13 03:31:07,2027-06-13 06:00:35
2556,29,paid,26997,EUR,2027-05-27 05:39:11,2027-06-18 00:49:07,2027-06-18 02:25:27
2557,104,pending,16997,EUR,2027-05-28 06:11:47,2027-06-02 11:16:00,2027-06-02 12:20:31
2558,200,paid,6497,CAD,2027-05-28 21:55:52,2027-06-01 09:02:23,2027-06-01 14:12:17
2559,10,refunded,62993,EUR,2027-05-29 00:44:33,2027-06-18 04:39:06,2027-06-18 05:41:01
2560,49,cancelled,9996,EUR,2027-05-29 06:42:12,2027-06-05 03:19:54,2027-06-05 08:53:22
2561,52,shipped,32992,EUR,2027-05-30 03:10:25,2027-06-14 12:14:04,2027-06-14 17:03:28
2562,105,refunded,23495,EUR,2027-05-30 04:35:24,2027-06-04 11:16:43,2027-06-04 15:15:11
2563,140,delivered,18494,EUR,2027-05-30 18:24:27,2027-06-20 23:00:44,2027-06-21 02:35:16
2564,148,shipped,9996,EUR,2027-05-31 02:20:05,2027-06-09 15:38:22,2027-06-09 18:11:01
2565,99,cancelled,6998,EUR,2027-05-31 11:32:40,2027-06-04 16:58:35,2027-06-04 19:48:05
2566,127,delivered,9997,EUR,2027-05-31 22:27:53,2027-06-30 03:04:59,2027-06-30 04:46:35
2567,10,delivered,26997,EUR,2027-06-01 09:46:19,2027-06-23 18:29:05,2027-06-23 23:42:42
2568,62,delivered,18996,EUR,2027-06-01 16:47:01,2027-06-02 04:45:32,2027-06-02 10:18:10
2569,186,paid,52988,EUR,2027-06-01 18:32:53,2027-06-02 22:19:21,2027-06-03 00:24:57
2570,148,delivered,49487,EUR,2027-06-01 21:58:10,2027-06-11 11:00:39,2027-06-11 13:39:39
2571,17,paid,17995,GBP,2027-06-02 00:17:12,2027-06-16 19:44:11,2027-06-16 23:34:53
2572,132,paid,45994,EUR,2027-06-02 08:33:44,2027-07-02 05:45:14,2027-07-02 08:40:21
2573,179,refunded,38991,GBP,2027-06-02 12:54:45,2027-07-01 21:17:16,2027-07-02 01:45:08
2574,95,paid,11496,EUR,2027-06-02 16:26:48,2027-06-25 20:45:15,2027-06-26 02:15:31
2575,200,cancelled,14495,CAD,2027-06-03 00:57:55,2027-06-20 21:06:23,2027-06-21 02:37:27
2576,24,delivered,57989,EUR,2027-06-03 10:10:56,2027-06-26 12:07:13,2027-06-26 13:48:05
2577,29,delivered,29990,EUR,2027-06-03 18:17:44,2027-06-27 23:31:46,2027-06-28 04:15:32
2578,171,paid,22495,EUR,2027-06-03 23:14:42,2027-06-23 17:14:33,2027-06-23 19:12:46
2579,98,paid,33991,EUR,2027-06-04 05:23:34,2027-06-24 12:46:35,2027-06-24 16:48:17
2580,117,delivered,7497,EUR,2027-06-04 13:00:25,2027-06-20 15:31:51,2027-06-20 19:52:05
2581,114,paid,17992,USD,2027-06-04 22:04:53,2027-06-20 16:28:46,2027-06-20 18:38:56
2582,9,delivered,41488,EUR,2027-06-05 00:03:10,2027-06-15 00:26:05,2027-06-15 05:50:21
2583,150,delivered,13996,EUR,2027-06-05 03:13:24,2027-06-09 15:11:46,2027-06-09 16:35:29
2584,171,delivered,2999,EUR,2027-06-06 02:39:41,2027-06-19 16:22:47,2027-06-19 20:06:55
2585,71,refunded,60488,EUR,2027-06-06 07:35:37,2027-06-26 22:11:29,2027-06-27 01:11:29
2586,82,delivered,86485,USD,2027-06-06 08:32:20,2027-06-30 04:12:21,2027-06-30 06:29:54
2587,138,delivered,5998,EUR,2027-06-06 20:43:05,2027-06-24 08:23:26,2027-06-24 11:54:38
2588,77,delivered,38994,EUR,2027-06-07 03:32:28,2027-07-05 15:34:54,2027-07-05 19:28:37
2589,49,delivered,7497,EUR,2027-06-07 08:37:10,2027-06-26 12:26:16,2027-06-26 16:12:42
2590,6,delivered,13995,EUR,2027-06-07 23:07:22,2027-06-15 00:59:30,2027-06-15 06:23:25
2591,93,pending,46994,AUD,2027-06-08 08:30:29,2027-06-24 03:11:57,2027-06-24 04:28:45
2592,145,delivered,21493,USD,2027-06-08 09:42:58,2027-06-09 15:09:08,2027-06-09 19:44:19
2593,25,shipped,35994,EUR,2027-06-08 21:50:51,2027-06-26 20:38:00,2027-06-26 22:48:01
2594,82,delivered,28993,USD,2027-06-09 08:33:52,2027-06-13 04:44:59,2027-06-13 08:32:52
2595,145,shipped,1999,USD,2027-06-09 15:38:37,2027-06-20 02:17:24,2027-06-20 07:32:41
2596,172,paid,54993,AUD,2027-06-10 13:06:30,2027-06-17 12:47:54,2027-06-17 18:41:34
2597,23,paid,8999,EUR,2027-06-10 22:26:03,2027-07-02 02:55:01,2027-07-02 08:26:35
2598,90,cancelled,13994,CAD,2027-06-11 01:34:39,2027-06-18 07:13:44,2027-06-18 12:56:18
2599,17,paid,4998,GBP,2027-06-11 08:18:25,2027-06-28 02:40:07,2027-06-28 04:30:02
2600,160,shipped,54986,EUR,2027-06-11 09:17:12,2027-06-11 22:21:05,2027-06-12 00:51:04
2601,3,paid,41994,EUR,2027-06-11 13:36:55,2027-07-10 18:50:54,2027-07-10 21:26:58
2602,20,refunded,71491,CAD,2027-06-12 01:18:58,2027-07-01 06:00:57,2027-07-01 10:32:32
2603,65,refunded,25992,AUD,2027-06-12 05:00:47,2027-06-12 17:12:53,2027-06-12 21:29:03
2604,60,paid,9996,EUR,2027-06-12 17:33:40,2027-07-06 11:40:40,2027-07-06 12:47:13
2605,49,delivered,24993,EUR,2027-06-12 21:14:32,2027-07-11 13:22:58,2027-07-11 19:01:24
2606,18,shipped,5998,USD,2027-06-13 11:48:56,2027-06-30 21:58:05,2027-07-01 01:42:21
2607,95,pending,33993,EUR,2027-06-13 12:22:40,2027-06-22 12:09:53,2027-06-22 17:37:54
2608,161,pending,45489,EUR,2027-06-13 22:42:26,2027-07-02 11:11:48,2027-07-02 16:04:50
2609,120,delivered,33991,EUR,2027-06-13 23:11:01,2027-07-11 12:37:08,2027-07-11 17:18:58
2610,45,shipped,23495,EUR,2027-06-14 07:00:02,2027-07-03 07:35:24,2027-07-03 13:30:28
2611,112,pending,10497,AUD,2027-06-14 14:28:38,2027-06-22 23:31:04,2027-06-23 02:33:16
2612,117,refunded,41988,EUR,2027-06-15 03:23:38,2027-07-02 04:15:33,2027-07-02 05:31:27
2613,152,shipped,2499,EUR,2027-06-15 06:25:42,2027-07-01 18:50:58,2027-07-01 22:05:29
2614,174,paid,11998,EUR,2027-06-15 21:19:28,2027-07-05 17:10:02,2027-07-05 20:41:44
2615,23,delivered,18992,EUR,2027-06-16 12:08:15,2027-07-06 22:38:08,2027-07-07 02:05:20
2616,100,delivered,10497,EUR,2027-06-16 12:52:07,2027-06-18 01:59:34,2027-06-18 04:01:13
2617,169,paid,39495,EUR,2027-06-16 17:48:00,2027-06-28 12:58:38,2027-06-28 16:55:51
2618,30,paid,30994,EUR,2027-06-16 22:40:17,2027-06-21 08:16:19,2027-06-21 10:59:24
2619,51,delivered,23993,EUR,2027-06-17 02:19:13,2027-07-09 15:18:07,2027-07-09 19:43:22
2620,63,delivered,36993,GBP,2027-06-17 07:14:59,2027-07-15 00:51:17,2027-07-15 04:52:03
2621,178,delivered,4998,EUR,2027-06-18 14:08:47,2027-07-11 17:52:07,2027-07-11 22:57:36
2622,169,refunded,20994,EUR,2027-06-18 15:35:36,2027-06-19 03:01:32,2027-06-19 06:58:32
2623,186,paid,22991,EUR,2027-06-18 18:52:15,2027-06-29 05:12:26,2027-06-29 10:54:23
2624,75,cancelled,21992,EUR,2027-06-18 19:16:11,2027-07-05 00:58:32,2027-07-05 04:00:26
2625,65,delivered,59986,AUD,2027-06-19 00:23:48,2027-07-02 20:21:31,2027-07-03 02:19:07
2626,107,paid,8999,AUD,2027-06-19 04:10:00,2027-07-04 03:33:11,2027-07-04 09:30:18
2627,200,shipped,69992,CAD,2027-06-19 05:13:41,2027-07-07 14:47:52,2027-07-07 16:39:08
2628,70,delivered,12996,EUR,2027-06-19 17:26:05,2027-06-26 17:19:38,2027-06-26 22:16:33
2629,10,delivered,22491,EUR,2027-06-20 00:41:19,2027-06-28 22:37:15,2027-06-29 02:38:24
2630,200,delivered,99987,CAD,2027-06-20 09:20:08,2027-06-29 00:34:25,2027-06-29 06:02:29
2631,3,delivered,37487,EUR,2027-06-21 11:10:43,2027-07-16 20:32:30,2027-07-17 00:01:25
2632,17,delivered,69991,GBP,2027-06-21 14:40:28,2027-07-14 01:31:43,2027-07-14 07:00:03
2633,175,delivered,57988,EUR,2027-06-21 15:21:19,2027-06-30 06:42:30,2027-06-30 08:22:20
2634,52,refunded,6998,EUR,2027-06-22 13:02:15,2027-07-19 04:30:28,2027-07-19 05:36:28
2635,82,delivered,27996,USD,2027-06-22 18:12:31,2027-07-13 09:21:49,2027-07-13 14:33:33
2636,102,paid,41989,EUR,2027-06-23 06:14:08,2027-07-15 18:50:01,2027-07-15 23:10:50
2637,62,refunded,7996,EUR,2027-06-23 06:30:52,2027-07-01 02:20:24,2027-07-01 04:00:49
2638,173,shipped,33993,EUR,2027-06-24 11:25:33,2027-07-02 15:11:46,2027-07-02 16:47:58
2639,153,paid,23998,USD,2027-06-24 15:53:27,2027-06-25 04:50:48,2027-06-25 06:15:21
2640,178,delivered,11498,EUR,2027-06-25 09:55:52,2027-07-16 20:31:01,2027-07-17 01:01:00
2641,75,delivered,12997,EUR,2027-06-25 16:29:37,2027-07-16 08:23:22,2027-07-16 13:20:31
2642,7,delivered,18993,EUR,2027-06-25 22:12:57,2027-07-15 17:04:43,2027-07-15 19:42:41
2643,93,delivered,2499,AUD,2027-06-25 22:30:04,2027-06-26 20:42:42,2027-06-27 02:31:50
2644,54,delivered,43994,EUR,2027-06-26 01:41:12,2027-07-25 13:24:21,2027-07-25 15:22:40
2645,29,delivered,43993,EUR,2027-06-26 05:38:29,2027-07-01 15:33:08,2027-07-01 17:05:08
2646,138,shipped,7996,EUR,2027-06-27 00:31:25,2027-07-19 08:57:00,2027-07-19 11:39:11
2647,40,paid,59992,EUR,2027-06-27 02:15:56,2027-07-16 01:14:04,2027-07-16 06:53:19
2648,150,delivered,33990,EUR,2027-06-27 04:25:48,2027-06-30 22:59:43,2027-07-01 04:18:10
2649,169,delivered,8999,EUR,2027-06-27 04:36:51,2027-07-11 04:25:05,2027-07-11 09:23:51
2650,60,delivered,33986,EUR,2027-06-28 08:14:15,2027-07-04 11:44:43,2027-07-04 15:16:27
2651,191,paid,41992,EUR,2027-06-28 20:51:58,2027-07-06 14:08:43,2027-07-06 19:12:36
2652,46,shipped,23996,EUR,2027-06-29 04:13:54,2027-07-03 00:20:49,2027-07-03 01:31:47
2653,20,paid,34994,CAD,2027-06-29 13:23:30,2027-07-16 13:26:18,2027-07-16 14:39:47
2654,80,delivered,48991,EUR,2027-06-29 16:41:22,2027-07-16 20:33:29,2027-07-17 00:08:58
2655,186,shipped,23996,EUR,2027-06-29 19:00:15,2027-07-01 21:27:45,2027-07-02 03:21:37
2656,40,shipped,11994,EUR,2027-06-29 21:34:13,2027-07-24 08:43:46,2027-07-24 12:18:30
2657,73,delivered,11996,GBP,2027-06-30 02:27:02,2027-07-04 13:21:49,2027-07-04 19:11:49
2658,38,delivered,10497,EUR,2027-06-30 10:09:26,2027-07-04 12:55:40,2027-07-04 16:37:12
2659,101,refunded,42993,USD,2027-06-30 12:44:53,2027-07-18 20:58:23,2027-07-19 00:26:10
2660,47,pending,3999,EUR,2027-06-30 14:22:36,2027-07-13 14:37:15,2027-07-13 20:11:54
2661,68,paid,54987,AUD,2027-06-30 17:17:50,2027-07-07 22:45:38,2027-07-08 01:28:56
2662,192,paid,37995,CAD,2027-06-30 23:14:27,2027-07-07 10:58:29,2027-07-07 12:29:21
2663,101,delivered,26997,USD,2027-07-01 05:29:24,2027-07-16 09:48:05,2027-07-16 14:28:14
2664,116,delivered,23995,EUR,2027-07-01 21:14:42,2027-07-02 13:43:50,2027-07-02 17:26:11
2665,72,shipped,21994,EUR,2027-07-02 03:05:24,2027-07-07 05:54:31,2027-07-07 08:18:58
2666,127,shipped,19995,EUR,2027-07-02 09:51:34,2027-07-14 10:45:13,2027-07-14 11:54:05
2667,114,delivered,11495,USD,2027-07-02 10:04:13,2027-07-23 00:43:11,2027-07-23 01:48:18
2668,5,delivered,35997,USD,2027-07-03 18:46:38,2027-07-29 14:06:27,2027-07-29 16:51:54
2669,93,refunded,47996,AUD,2027-07-03 19:43:07,2027-07-30 12:37:08,2027-07-30 15:32:26
2670,174,delivered,46493,EUR,2027-07-04 11:58:26,2027-07-11 06:07:38,2027-07-11 09:41:07
2671,162,delivered,56991,EUR,2027-07-04 13:41:01,2027-07-14 14:55:19,2027-07-14 17:22:06
2672,3,paid,8999,EUR,2027-07-04 21:55:01,2027-08-01 12:21:08,2027-08-01 15:29:22
2673,89,paid,11498,EUR,2027-07-05 09:38:22,2027-07-14 12:03:14,2027-07-14 15:10:06
2674,152,pending,35495,EUR,2027-07-05 11:46:53,2027-07-17 10:57:19,2027-07-17 16:23:18
2675,37,delivered,29995,CAD,2027-07-05 16:55:52,2027-07-26 22:55:54,2027-07-27 04:36:54
2676,41,pending,61994,EUR,2027-07-05 23:01:00,2027-07-19 22:58:23,2027-07-20 04:30:40
2677,150,paid,33488,EUR,2027-07-06 19:14:57,2027-07-12 02:02:39,2027-07-12 07:35:47
2678,95,refunded,21493,EUR,2027-07-06 21:34:08,2027-07-17 03:27:19,2027-07-17 09:20:38
2679,46,shipped,39995,EUR,2027-07-07 16:25:46,2027-08-02 19:40:16,2027-08-03 01:17:53
2680,1,delivered,35996,AUD,2027-07-07 17:36:59,2027-07-17 22:55:05,2027-07-18 01:13:07
2681,1,paid,5999,AUD,2027-07-07 20:29:05,2027-07-30 04:33:38,2027-07-30 09:55:41
2682,56,paid,10497,EUR,2027-07-08 00:20:51,2027-07-26 19:04:15,2027-07-26 22:31:13
2683,125,paid,38995,GBP,2027-07-08 18:12:31,2027-07-16 16:47:46,2027-07-16 20:14:24
2684,125,pending,47992,GBP,2027-07-09 05:34:15,2027-07-10 20:14:38,2027-07-11 01:39:42
2685,36,delivered,30988,CAD,2027-07-09 07:53:12,2027-07-10 17:28:38,2027-07-10 20:58:50
2686,101,delivered,58989,USD,2027-07-09 10:22:16,2027-07-12 09:53:22,2027-07-12 14:44:12
2687,132,pending,29997,EUR,2027-07-09 10:36:48,2027-07-23 06:18:35,2027-07-23 11:32:29
2688,101,delivered,31989,USD,2027-07-09 14:01:25,2027-07-14 08:29:57,2027-07-14 09:54:12
2689,60,refunded,22491,EUR,2027-07-10 09:07:00,2027-07-10 21:59:07,2027-07-10 23:58:20
2690,93,delivered,55989,AUD,2027-07-10 10:26:00,2027-08-08 10:12:07,2027-08-08 15:30:25
2691,14,delivered,86988,EUR,2027-07-11 09:57:51,2027-07-15 02:16:10,2027-07-15 06:06:03
2692,131,delivered,49993,CAD,2027-07-11 14:18:59,2027-08-07 09:24:04,2027-08-07 15:11:27
2693,153,paid,13996,USD,2027-07-12 02:09:11,2027-08-08 10:06:48,2027-08-08 13:29:47
2694,5,pending,11996,USD,2027-07-12 07:01:45,2027-07-19 19:20:40,2027-07-20 01:19:46
2695,73,delivered,14994,GBP,2027-07-12 22:53:30,2027-07-27 06:18:48,2027-07-27 07:44:35
2696,95,delivered,35994,EUR,2027-07-13 13:18:30,2027-08-08 05:05:59,2027-08-08 10:58:33
2697,14,delivered,53991,EUR,2027-07-13 13:56:00,2027-07-30 14:02:59,2027-07-30 18:01:21
2698,51,shipped,70982,EUR,2027-07-14 02:27:23,2027-07-21 04:24:29,2027-07-21 10:03:03
2699,93,paid,15996,AUD,2027-07-14 17:05:02,2027-07-15 20:17:02,2027-07-16 01:22:52
2700,95,paid,2999,EUR,2027-07-14 17:55:30,2027-08-10 16:26:31,2027-08-10 21:44:01
2701,35,delivered,57990,GBP,2027-07-14 20:37:47,2027-07-31 17:54:01,2027-07-31 21:27:01
2702,167,refunded,15993,EUR,2027-07-15 00:52:48,2027-07-16 12:05:46,2027-07-16 15:54:42
2703,135,cancelled,15997,EUR,2027-07-15 07:34:48,2027-07-15 16:08:10,2027-07-15 19:42:59
2704,138,delivered,14995,EUR,2027-07-15 20:32:03,2027-08-12 17:10:59,2027-08-12 21:43:11
2705,104,shipped,71992,EUR,2027-07-16 00:52:05,2027-07-18 04:00:15,2027-07-18 06:44:29
2706,178,refunded,41991,EUR,2027-07-16 11:43:35,2027-07-16 17:05:07,2027-07-16 18:52:08
2707,29,delivered,2499,EUR,2027-07-16 12:10:09,2027-08-03 11:04:55,2027-08-03 14:23:04
2708,117,delivered,17492,EUR,2027-07-16 19:01:24,2027-08-09 14:23:13,2027-08-09 16:13:16
2709,86,shipped,38991,EUR,2027-07-17 06:20:06,2027-08-03 08:18:44,2027-08-03 12:46:55
2710,82,delivered,10497,USD,2027-07-17 12:32:56,2027-07-30 00:35:34,2027-07-30 04:30:55
2711,23,cancelled,32994,EUR,2027-07-17 22:05:28,2027-08-10 19:11:43,2027-08-10 23:26:16
2712,104,paid,17492,EUR,2027-07-18 14:46:09,2027-08-16 18:31:56,2027-08-16 21:02:46
2713,48,delivered,8997,EUR,2027-07-18 19:22:23,2027-08-06 01:29:18,2027-08-06 05:40:17
2714,30,paid,15997,EUR,2027-07-19 13:57:18,2027-08-02 22:59:55,2027-08-03 00:32:01
2715,73,paid,14495,GBP,2027-07-19 15:21:10,2027-07-23 18:30:58,2027-07-23 23:31:13
2716,68,delivered,87981,AUD,2027-07-19 23:58:04,2027-07-30 20:32:56,2027-07-30 23:40:12
2717,67,refunded,8997,EUR,2027-07-20 04:15:01,2027-08-04 11:51:59,2027-08-04 15:52:01
2718,75,shipped,19993,EUR,2027-07-20 18:34:17,2027-08-13 01:30:19,2027-08-13 03:44:11
2719,85,paid,89989,EUR,2027-07-20 20:18:00,2027-07-29 17:14:27,2027-07-29 19:39:04
2720,67,delivered,37493,EUR,2027-07-20 21:51:01,2027-08-05 18:25:59,2027-08-05 21:33:24
2721,153,paid,9497,USD,2027-07-21 03:08:24,2027-08-07 08:40:20,2027-08-07 09:46:28
2722,179,shipped,13995,GBP,2027-07-21 10:24:43,2027-07-28 16:23:38,2027-07-28 17:42:13
2723,173,paid,4998,EUR,2027-07-21 14:05:52,2027-08-16 12:16:39,2027-08-16 16:21:32
2724,58,delivered,10497,EUR,2027-07-22 15:38:03,2027-08-16 00:30:28,2027-08-16 06:07:43
2725,35,paid,2999,GBP,2027-07-22 19:41:45,2027-07-24 00:21:47,2027-07-24 03:04:41
2726,3,delivered,29994,EUR,2027-07-23 06:05:20,2027-08-13 03:57:28,2027-08-13 09:01:21
2727,95,delivered,9995,EUR,2027-07-23 07:00:30,2027-08-05 04:17:06,2027-08-05 08:12:16
2728,166,refunded,38495,EUR,2027-07-24 01:20:09,2027-08-12 08:46:58,2027-08-12 11:58:39
2729,179,paid,62992,GBP,2027-07-24 01:45:18,2027-08-13 21:06:14,2027-08-14 02:39:52
2730,37,pending,47993,CAD,2027-07-24 04:47:48,2027-08-13 03:49:56,2027-08-13 07:07:14
2731,103,delivered,13995,AUD,2027-07-24 09:39:59,2027-07-30 02:02:57,2027-07-30 07:59:07
2732,112,delivered,15995,AUD,2027-07-25 03:05:35,2027-08-02 09:58:52,2027-08-02 12:36:20
2733,167,paid,17494,EUR,2027-07-25 18:51:20,2027-08-19 09:09:28,2027-08-19 11:00:51
2734,153,delivered,95476,USD,2027-07-26 03:49:52,2027-08-17 23:37:44,2027-08-18 03:32:14
2735,150,delivered,43983,EUR,2027-07-26 20:38:50,2027-08-09 18:31:39,2027-08-09 22:51:28
2736,160,shipped,44988,EUR,2027-07-26 22:33:26,2027-08-19 17:19:24,2027-08-19 21:00:05
2737,85,shipped,30988,EUR,2027-07-27 01:32:19,2027-08-05 01:19:44,2027-08-05 06:27:37
2738,18,delivered,1999,USD,2027-07-27 01:48:51,2027-08-20 17:08:02,2027-08-20 20:32:07
2739,28,cancelled,7998,USD,2027-07-27 13:32:41,2027-08-16 14:33:38,2027-08-16 19:25:12
2740,162,paid,81986,EUR,2027-07-27 14:16:05,2027-08-24 01:21:37,2027-08-24 05:16:25
2741,186,delivered,21993,EUR,2027-07-27 22:58:42,2027-08-01 07:13:45,2027-08-01 09:01:05
2742,114,delivered,21995,USD,2027-07-28 06:02:08,2027-08-07 03:19:45,2027-08-07 04:42:08
2743,45,delivered,9996,EUR,2027-07-28 12:15:19,2027-08-20 18:44:13,2027-08-21 00:31:07
2744,179,delivered,5997,GBP,2027-07-29 01:49:05,2027-08-14 14:08:01,2027-08-14 16:12:40
2745,186,paid,65987,EUR,2027-07-29 08:42:14,2027-08-02 17:41:47,2027-08-02 19:03:40
2746,46,refunded,28991,EUR,2027-07-29 09:26:29,2027-08-15 14:58:54,2027-08-15 16:29:45
2747,54,delivered,19493,EUR,2027-07-29 20:52:06,2027-08-19 10:49:08,2027-08-19 11:53:18
2748,85,delivered,17996,EUR,2027-07-30 00:24:39,2027-08-21 19:02:04,2027-08-21 20:13:56
2749,125,delivered,33994,GBP,2027-07-30 23:02:55,2027-08-11 22:54:21,2027-08-12 00:26:48
2750,33,delivered,59989,EUR,2027-07-31 01:05:06,2027-08-28 19:16:51,2027-08-28 23:17:11
2751,35,refunded,42985,GBP,2027-07-31 09:08:23,2027-08-28 01:59:20,2027-08-28 03:15:36
2752,36,paid,48991,CAD,2027-08-01 04:34:55,2027-08-30 13:29:20,2027-08-30 14:32:33
2753,54,delivered,57988,EUR,2027-08-01 11:49:40,2027-08-24 19:24:09,2027-08-24 21:08:29
2754,125,shipped,74487,GBP,2027-08-02 07:37:23,2027-08-12 14:34:11,2027-08-12 20:18:53
2755,48,delivered,21992,EUR,2027-08-02 10:13:38,2027-08-27 03:04:13,2027-08-27 05:36:03
2756,111,paid,23491,EUR,2027-08-03 01:43:42,2027-08-03 17:25:51,2027-08-03 18:36:45
2757,10,paid,24492,EUR,2027-08-03 10:13:59,2027-08-17 09:14:18,2027-08-17 12:03:29
2758,8,delivered,28996,USD,2027-08-03 15:07:18,2027-09-01 00:05:20,2027-09-01 04:47:42
2759,8,delivered,13994,USD,2027-08-04 01:50:07,2027-08-22 01:48:55,2027-08-22 03:11:12
2760,57,delivered,1999,EUR,2027-08-04 20:11:08,2027-08-05 04:17:32,2027-08-05 06:26:05
2761,52,paid,20995,EUR,2027-08-04 20:31:55,2027-08-26 05:52:51,2027-08-26 07:19:45
2762,174,paid,66988,EUR,2027-08-04 21:55:33,2027-08-05 19:17:27,2027-08-05 22:33:02
2763,117,paid,15993,EUR,2027-08-05 02:12:42,2027-08-18 07:15:29,2027-08-18 11:55:10
2764,90,shipped,1999,CAD,2027-08-05 10:05:04,2027-08-05 13:55:03,2027-08-05 17:27:32
2765,82,shipped,14997,USD,2027-08-05 14:56:21,2027-08-29 14:23:17,2027-08-29 17:55:42
2766,161,delivered,17992,EUR,2027-08-05 20:56:32,2027-08-19 15:24:51,2027-08-19 17:35:13
2767,35,delivered,29992,GBP,2027-08-06 00:12:40,2027-08-19 16:17:10,2027-08-19 19:08:08
2768,28,shipped,35997,USD,2027-08-06 05:01:32,2027-08-07 15:41:15,2027-08-07 20:27:08
2769,46,paid,24491,EUR,2027-08-06 17:40:16,2027-08-27 11:56:35,2027-08-27 16:43:16
2770,24,shipped,56993,EUR,2027-08-07 04:18:44,2027-08-30 00:34:30,2027-08-30 04:58:23
2771,178,shipped,10495,EUR,2027-08-07 08:10:21,2027-08-10 17:39:25,2027-08-10 22:33:03
2772,148,shipped,3999,EUR,2027-08-07 11:04:03,2027-08-17 16:28:13,2027-08-17 17:39:44
2773,25,cancelled,5997,EUR,2027-08-07 21:03:49,2027-08-15 05:01:32,2027-08-15 07:23:18
2774,112,delivered,7996,AUD,2027-08-08 02:02:08,2027-09-04 14:52:23,2027-09-04 17:49:26
2775,11,refunded,31489,EUR,2027-08-08 04:02:54,2027-08-27 01:28:12,2027-08-27 02:53:58
2776,20,delivered,3998,CAD,2027-08-08 12:21:42,2027-08-27 14:12:54,2027-08-27 17:00:57
2777,77,shipped,26997,EUR,2027-08-08 17:02:33,2027-08-25 00:02:29,2027-08-25 01:20:42
2778,150,refunded,54489,EUR,2027-08-09 04:14:35,2027-08-21 23:25:44,2027-08-22 05:14:53
2779,175,paid,1999,EUR,2027-08-09 04:19:25,2027-08-20 22:21:42,2027-08-20 23:50:48
2780,162,paid,49988,EUR,2027-08-09 13:53:26,2027-08-22 18:41:06,2027-08-22 20:09:52
2781,153,paid,7996,USD,2027-08-09 15:09:18,2027-08-09 18:23:20,2027-08-09 21:26:26
2782,175,delivered,48993,EUR,2027-08-10 16:00:40,2027-08-27 03:15:00,2027-08-27 08:38:08
2783,57,delivered,3998,EUR,2027-08-10 19:20:50,2027-08-11 19:18:10,2027-08-11 20:45:43
2784,104,delivered,4999,EUR,2027-08-11 15:25:21,2027-08-24 06:25:22,2027-08-24 09:15:59
2785,171,pending,43992,EUR,2027-08-11 20:05:15,2027-08-21 15:46:10,2027-08-21 18:22:09
2786,175,shipped,5997,EUR,2027-08-12 02:53:58,2027-08-31 21:31:48,2027-09-01 01:00:57
2787,191,delivered,27490,EUR,2027-08-12 03:01:13,2027-08-24 23:33:33,2027-08-25 00:51:57
2788,75,paid,38989,EUR,2027-08-12 12:07:54,2027-09-02 00:20:38,2027-09-02 04:22:54
2789,40,delivered,2999,EUR,2027-08-13 04:46:48,2027-09-02 14:19:41,2027-09-02 16:22:17
2790,25,delivered,58490,EUR,2027-08-13 08:37:51,2027-08-23 05:19:00,2027-08-23 09:41:31
2791,77,delivered,2999,EUR,2027-08-14 09:05:09,2027-08-16 00:42:47,2027-08-16 04:37:26
2792,28,shipped,8999,USD,2027-08-14 10:49:29,2027-08-31 23:59:00,2027-09-01 05:44:01
2793,30,paid,15495,EUR,2027-08-15 14:17:23,2027-08-18 10:37:06,2027-08-18 14:57:12
2794,29,shipped,17998,EUR,2027-08-15 14:54:14,2027-09-07 00:21:48,2027-09-07 05:03:37
2795,45,delivered,29994,EUR,2027-08-15 21:53:13,2027-09-03 20:13:35,2027-09-03 21:31:01
2796,111,refunded,14994,EUR,2027-08-16 02:25:57,2027-09-10 10:57:06,2027-09-10 16:07:50
2797,32,delivered,68991,EUR,2027-08-16 02:59:21,2027-09-04 21:58:33,2027-09-05 01:26:24
2798,24,paid,15994,EUR,2027-08-16 22:04:18,2027-09-03 20:12:55,2027-09-03 23:54:39
2799,174,refunded,22996,EUR,2027-08-17 12:02:53,2027-09-09 08:11:20,2027-09-09 14:09:59
2800,54,delivered,28495,EUR,2027-08-17 15:33:05,2027-09-03 12:34:41,2027-09-03 18:28:10
2801,173,delivered,34993,EUR,2027-08-17 20:42:57,2027-09-11 17:01:29,2027-09-11 22:49:58
2802,20,paid,2499,CAD,2027-08-17 21:01:47,2027-09-09 00:27:58,2027-09-09 05:55:05
2803,116,delivered,25992,EUR,2027-08-17 21:48:11,2027-09-06 00:19:52,2027-09-06 01:22:06
2804,73,delivered,35996,GBP,2027-08-18 11:00:07,2027-08-26 21:34:34,2027-08-26 23:46:43
2805,157,shipped,53992,EUR,2027-08-18 16:51:19,2027-09-14 21:21:05,2027-09-15 00:09:02
2806,123,paid,50493,AUD,2027-08-19 11:37:05,2027-08-29 08:23:23,2027-08-29 11:53:42
2807,77,shipped,25492,EUR,2027-08-19 13:47:34,2027-08-29 15:01:55,2027-08-29 17:38:13
2808,105,paid,55490,EUR,2027-08-19 19:15:06,2027-09-09 07:59:15,2027-09-09 11:52:05
2809,132,shipped,9995,EUR,2027-08-20 06:18:22,2027-08-25 10:42:51,2027-08-25 12:02:28
2810,62,refunded,28495,EUR,2027-08-20 09:45:48,2027-08-26 16:36:18,2027-08-26 18:09:53
2811,21,paid,14495,EUR,2027-08-21 07:04:16,2027-09-18 22:42:25,2027-09-19 01:48:04
2812,68,delivered,10496,AUD,2027-08-21 20:46:01,2027-08-25 06:19:24,2027-08-25 07:48:57
2813,17,paid,20995,GBP,2027-08-21 23:52:24,2027-08-25 07:39:02,2027-08-25 13:05:03
2814,192,paid,28991,CAD,2027-08-22 04:10:20,2027-08-23 12:11:02,2027-08-23 13:18:49
2815,138,paid,33993,EUR,2027-08-22 06:13:50,2027-09-06 18:55:36,2027-09-06 23:22:30
2816,138,refunded,64990,EUR,2027-08-22 19:07:56,2027-08-24 14:56:29,2027-08-24 19:41:34
2817,167,shipped,8997,EUR,2027-08-23 01:43:12,2027-09-05 21:15:26,2027-09-06 02:44:40
2818,200,delivered,31492,CAD,2027-08-23 08:57:52,2027-09-03 06:19:05,2027-09-03 07:59:59
2819,77,refunded,31988,EUR,2027-08-24 08:46:00,2027-08-24 17:17:02,2027-08-24 19:30:52
2820,58,delivered,32991,EUR,2027-08-24 12:15:53,2027-08-30 11:20:47,2027-08-30 16:31:45
2821,17,delivered,113485,GBP,2027-08-24 19:26:23,2027-09-03 00:09:11,2027-09-03 05:12:39
2822,135,delivered,35992,EUR,2027-08-25 01:10:35,2027-09-02 20:48:33,2027-09-02 23:40:57
2823,71,delivered,13996,EUR,2027-08-25 08:34:30,2027-09-06 08:39:34,2027-09-06 11:19:59
2824,70,shipped,34993,EUR,2027-08-26 05:13:30,2027-09-16 00:59:27,2027-09-16 05:38:07
2825,191,cancelled,30987,EUR,2027-08-26 09:38:37,2027-09-11 07:54:44,2027-09-11 13:21:03
2826,124,paid,11998,GBP,2027-08-26 18:18:35,2027-09-21 14:01:15,2027-09-21 18:13:47
2827,135,paid,26997,EUR,2027-08-26 18:29:41,2027-09-11 04:48:31,2027-09-11 09:16:32
2828,104,shipped,31988,EUR,2027-08-27 06:08:18,2027-09-14 22:11:45,2027-09-15 02:10:08
2829,101,paid,42993,USD,2027-08-27 20:48:57,2027-09-25 20:49:00,2027-09-26 00:32:24
2830,30,paid,10495,EUR,2027-08-28 01:53:01,2027-09-02 14:56:16,2027-09-02 16:47:54
2831,38,delivered,11997,EUR,2027-08-28 03:07:04,2027-08-29 00:54:57,2027-08-29 05:40:28
2832,121,delivered,8997,EUR,2027-08-28 13:37:37,2027-09-03 09:43:30,2027-09-03 12:55:49
2833,148,delivered,16995,EUR,2027-08-29 10:55:21,2027-08-30 12:05:26,2027-08-30 16:29:43
2834,89,paid,3998,EUR,2027-08-29 18:51:32,2027-09-25 23:20:19,2027-09-26 04:37:01
2835,173,shipped,2499,EUR,2027-08-30 01:06:17,2027-09-21 20:51:26,2027-09-22 00:41:51
2836,7,paid,11996,EUR,2027-08-30 13:33:52,2027-09-15 10:57:47,2027-09-15 13:06:50
2837,11,refunded,8999,EUR,2027-08-30 18:30:54,2027-09-22 14:53:46,2027-09-22 17:06:21
2838,63,paid,7996,GBP,2027-08-30 18:49:48,2027-09-22 18:56:52,2027-09-22 20:19:32
2839,196,refunded,10497,AUD,2027-08-31 05:36:15,2027-09-19 08:43:05,2027-09-19 09:58:58
2840,82,shipped,48993,USD,2027-08-31 12:57:13,2027-09-21 18:53:52,2027-09-21 21:39:38
2841,76,delivered,34490,GBP,2027-09-01 08:08:44,2027-09-30 10:31:34,2027-09-30 15:56:06
2842,98,paid,17997,EUR,2027-09-01 11:12:48,2027-09-15 12:34:47,2027-09-15 16:21:22
2843,14,delivered,58991,EUR,2027-09-01 11:41:13,2027-09-23 21:12:07,2027-09-24 00:14:22
2844,125,paid,7998,GBP,2027-09-01 19:51:57,2027-09-27 08:52:15,2027-09-27 11:08:24
2845,33,shipped,1999,EUR,2027-09-02 19:17:49,2027-09-16 08:48:55,2027-09-16 13:25:05
2846,13,cancelled,36994,EUR,2027-09-02 23:28:00,2027-09-05 18:47:40,2027-09-05 22:32:54
2847,89,paid,35992,EUR,2027-09-03 11:41:13,2027-09-16 11:25:53,2027-09-16 13:45:32
2848,8,delivered,20996,USD,2027-09-03 12:34:57,2027-09-27 12:08:27,2027-09-27 16:36:00
2849,164,shipped,43991,EUR,2027-09-03 15:28:32,2027-10-01 01:30:10,2027-10-01 03:33:42
2850,140,paid,11994,EUR,2027-09-03 15:44:42,2027-09-15 19:26:09,2027-09-16 01:22:42
2851,80,delivered,11999,EUR,2027-09-04 04:26:18,2027-10-03 20:37:18,2027-10-04 00:42:38
2852,172,delivered,5997,AUD,2027-09-04 12:12:32,2027-09-26 15:24:04,2027-09-26 17:17:21
2853,67,cancelled,44990,EUR,2027-09-04 17:03:12,2027-09-23 07:27:37,2027-09-23 09:51:37
2854,127,pending,7996,EUR,2027-09-04 21:38:24,2027-09-18 19:01:40,2027-09-18 21:58:04
2855,85,delivered,11998,EUR,2027-09-05 01:57:07,2027-10-02 08:15:40,2027-10-02 09:37:06
2856,191,shipped,34988,EUR,2027-09-05 05:33:02,2027-09-23 05:33:32,2027-09-23 07:00:00
2857,145,shipped,4998,USD,2027-09-05 18:52:01,2027-09-14 02:59:24,2027-09-14 08:55:20
2858,145,paid,5998,USD,2027-09-06 05:45:56,2027-09-27 05:44:54,2027-09-27 08:27:29
2859,21,delivered,34994,EUR,2027-09-06 12:18:26,2027-09-19 15:25:42,2027-09-19 20:05:29
2860,98,delivered,28491,EUR,2027-09-06 13:23:27,2027-09-21 12:28:58,2027-09-21 14:36:19
2861,67,paid,50987,EUR,2027-09-07 00:57:14,2027-10-04 14:05:45,2027-10-04 15:47:01
2862,125,paid,26997,GBP,2027-09-07 02:06:50,2027-09-11 10:34:56,2027-09-11 13:12:15
2863,3,shipped,30992,EUR,2027-09-07 04:06:05,2027-10-02 15:59:33,2027-10-02 19:51:05
2864,169,shipped,15994,EUR,2027-09-08 13:19:02,2027-10-07 09:31:04,2027-10-07 14:58:51
2865,75,shipped,32493,EUR,2027-09-08 14:23:08,2027-09-18 20:48:21,2027-09-18 23:23:38
2866,114,delivered,26997,USD,2027-09-09 01:39:12,2027-10-05 06:19:52,2027-10-05 11:37:55
2867,191,delivered,3998,EUR,2027-09-09 05:20:36,2027-10-04 14:29:24,2027-10-04 18:19:47
2868,58,delivered,52989,EUR,2027-09-09 20:02:03,2027-09-14 03:50:07,2027-09-14 07:08:52
2869,160,paid,2999,EUR,2027-09-10 06:40:09,2027-09-28 20:40:49,2027-09-29 01:21:36
2870,139,cancelled,47993,USD,2027-09-10 07:52:02,2027-10-07 02:11:14,2027-10-07 06:08:36
2871,41,paid,21992,EUR,2027-09-10 17:20:35,2027-09-12 09:31:35,2027-09-12 13:32:33
2872,38,shipped,5997,EUR,2027-09-11 17:33:09,2027-09-12 12:21:51,2027-09-12 15:32:00
2873,76,refunded,69987,GBP,2027-09-11 17:51:53,2027-09-30 16:18:23,2027-09-30 19:37:25
2874,30,cancelled,13495,EUR,2027-09-11 22:30:03,2027-10-05 16:36:16,2027-10-05 20:30:47
2875,36,paid,17997,CAD,2027-09-11 23:26:28,2027-10-03 00:17:04,2027-10-03 04:20:59
2876,152,delivered,24493,EUR,2027-09-12 09:02:13,2027-10-07 12:44:14,2027-10-07 16:45:59
2877,173,delivered,54481,EUR,2027-09-12 13:57:00,2027-09-14 12:13:38,2027-09-14 13:47:44
2878,146,delivered,1999,CAD,2027-09-13 16:56:10,2027-09-14 03:44:25,2027-09-14 09:24:27
2879,5,delivered,10997,USD,2027-09-13 21:21:03,2027-10-11 16:47:32,2027-10-11 21:06:27
2880,37,delivered,8999,CAD,2027-09-14 10:43:49,2027-09-27 10:37:13,2027-09-27 13:12:52
2881,54,pending,2499,EUR,2027-09-14 20:20:48,2027-09-23 16:24:58,2027-09-23 18:31:57
2882,75,delivered,18995,EUR,2027-09-14 22:24:22,2027-09-28 01:47:19,2027-09-28 03:10:40
2883,8,delivered,42989,USD,2027-09-15 12:15:52,2027-10-03 02:45:16,2027-10-03 07:43:41
2884,139,paid,61988,USD,2027-09-15 13:18:23,2027-10-02 15:37:46,2027-10-02 17:38:12
2885,30,pending,16492,EUR,2027-09-15 18:26:24,2027-10-15 03:40:53,2027-10-15 05:35:16
2886,175,delivered,43991,EUR,2027-09-16 00:51:20,2027-09-23 17:33:09,2027-09-23 21:56:53
2887,18,shipped,23998,USD,2027-09-16 13:44:49,2027-10-02 02:14:05,2027-10-02 06:19:33
2888,141,shipped,5998,EUR,2027-09-17 04:39:03,2027-09-19 01:57:44,2027-09-19 06:29:29
2889,58,refunded,9998,EUR,2027-09-17 14:40:32,2027-09-26 23:21:22,2027-09-27 05:10:51
2890,125,paid,73986,GBP,2027-09-17 17:39:08,2027-09-29 06:13:42,2027-09-29 10:16:07
2891,172,shipped,4998,AUD,2027-09-17 21:29:50,2027-10-01 22:16:53,2027-10-02 00:47:40
2892,152,refunded,39495,EUR,2027-09-18 00:33:08,2027-10-15 20:21:40,2027-10-15 23:44:07
2893,60,delivered,75491,EUR,2027-09-18 10:05:35,2027-10-18 07:38:09,2027-10-18 09:59:20
2894,49,paid,11996,EUR,2027-09-19 04:27:40,2027-10-14 10:14:10,2027-10-14 12:46:49
2895,62,refunded,41992,EUR,2027-09-19 17:47:23,2027-10-09 05:31:31,2027-10-09 08:15:39
2896,121,paid,10495,EUR,2027-09-20 06:16:55,2027-10-08 18:10:49,2027-10-08 21:30:38
2897,41,shipped,15496,EUR,2027-09-20 10:22:45,2027-09-28 08:41:49,2027-09-28 11:04:55
2898,30,delivered,60989,EUR,2027-09-20 11:56:06,2027-10-02 07:37:37,2027-10-02 09:51:33
2899,85,shipped,55988,EUR,2027-09-21 09:32:40,2027-09-22 20:32:21,2027-09-23 01:10:57
2900,78,delivered,16996,EUR,2027-09-21 21:14:30,2027-09-26 14:12:46,2027-09-26 17:10:20
2901,7,paid,47987,EUR,2027-09-22 07:56:45,2027-10-20 10:50:13,2027-10-20 13:25:08
2902,171,shipped,21994,EUR,2027-09-22 14:08:18,2027-10-16 14:53:13,2027-10-16 19:58:37
2903,125,shipped,51492,GBP,2027-09-23 00:31:33,2027-10-07 22:09:30,2027-10-08 00:26:51
2904,191,delivered,23998,EUR,2027-09-23 07:26:03,2027-10-17 17:52:04,2027-10-17 18:52:28
2905,140,pending,73987,EUR,2027-09-23 08:03:03,2027-09-27 21:07:07,2027-09-28 02:02:56
2906,108,refunded,33493,EUR,2027-09-23 10:27:49,2027-10-15 03:05:46,2027-10-15 07:50:48
2907,161,paid,66989,EUR,2027-09-24 08:34:51,2027-09-28 06:50:33,2027-09-28 12:28:12
2908,77,shipped,25495,EUR,2027-09-24 23:58:59,2027-10-12 17:50:58,2027-10-12 23:18:24
2909,54,delivered,98985,EUR,2027-09-25 11:01:44,2027-10-19 21:49:28,2027-10-19 23:29:11
2910,169,shipped,1999,EUR,2027-09-25 21:59:42,2027-10-08 16:51:43,2027-10-08 18:56:23
2911,82,pending,26994,USD,2027-09-26 03:35:57,2027-10-06 18:36:07,2027-10-06 23:37:24
2912,93,delivered,48494,AUD,2027-09-26 05:55:48,2027-10-17 19:11:01,2027-10-17 22:51:30
2913,9,paid,26997,EUR,2027-09-26 14:58:24,2027-09-29 07:34:16,2027-09-29 10:07:59
2914,101,shipped,11996,USD,2027-09-27 04:18:00,2027-10-19 06:56:21,2027-10-19 10:41:17
2915,23,shipped,40494,EUR,2027-09-27 06:39:11,2027-10-13 03:33:18,2027-10-13 07:04:01
2916,62,shipped,8497,EUR,2027-09-27 20:50:55,2027-10-14 14:25:42,2027-10-14 17:13:15
2917,65,delivered,31492,AUD,2027-09-28 01:00:44,2027-10-26 13:00:53,2027-10-26 15:42:45
2918,55,delivered,7497,AUD,2027-09-28 07:39:41,2027-10-17 22:56:23,2027-10-18 03:22:45
2919,13,delivered,27996,EUR,2027-09-29 05:59:29,2027-10-12 09:31:37,2027-10-12 12:57:16
2920,78,paid,11496,EUR,2027-09-29 12:20:55,2027-10-17 18:01:15,2027-10-17 19:47:03
2921,68,delivered,57990,AUD,2027-09-29 17:27:58,2027-10-26 05:54:24,2027-10-26 10:27:56
2922,6,delivered,35990,EUR,2027-09-30 07:23:21,2027-10-04 17:49:20,2027-10-04 21:05:12
2923,116,shipped,75991,EUR,2027-09-30 22:49:00,2027-10-10 08:47:57,2027-10-10 10:36:23
2924,63,delivered,24993,GBP,2027-09-30 23:05:31,2027-10-07 13:02:25,2027-10-07 17:11:28
2925,10,paid,9496,EUR,2027-10-01 08:39:14,2027-10-18 03:24:35,2027-10-18 05:01:21
2926,125,refunded,41994,GBP,2027-10-01 09:06:54,2027-10-31 01:33:02,2027-10-31 02:56:20
2927,178,pending,42491,EUR,2027-10-02 02:44:18,2027-10-23 18:33:32,2027-10-23 22:00:41
2928,48,paid,24991,EUR,2027-10-02 09:56:28,2027-10-23 16:00:16,2027-10-23 18:25:46
2929,171,shipped,1999,EUR,2027-10-02 14:10:27,2027-10-05 05:18:31,2027-10-05 11:15:36
2930,198,paid,43994,EUR,2027-10-02 15:14:36,2027-10-21 00:23:32,2027-10-21 06:18:41
2931,13,shipped,55489,EUR,2027-10-03 00:02:54,2027-10-23 20:31:36,2027-10-24 00:42:00
2932,160,shipped,65490,EUR,2027-10-03 07:55:56,2027-10-22 14:41:00,2027-10-22 20:04:52
2933,152,paid,23492,EUR,2027-10-04 02:48:45,2027-10-26 13:58:32,2027-10-26 15:16:03
2934,28,paid,37992,USD,2027-10-04 16:04:50,2027-10-26 09:15:16,2027-10-26 11:24:07
2935,53,delivered,35994,EUR,2027-10-04 18:40:18,2027-10-23 03:38:17,2027-10-23 05:37:41
2936,153,delivered,68491,USD,2027-10-05 08:20:53,2027-10-19 13:10:04,2027-10-19 18:34:10
2937,119,delivered,17998,EUR,2027-10-05 14:30:02,2027-10-29 20:39:33,2027-10-30 01:32:20
2938,192,shipped,3999,CAD,2027-10-06 05:51:15,2027-10-25 07:49:44,2027-10-25 13:03:32
2939,47,delivered,7997,EUR,2027-10-06 15:19:44,2027-10-07 21:43:56,2027-10-08 01:23:44
2940,17,delivered,9496,GBP,2027-10-06 17:11:14,2027-10-14 05:50:49,2027-10-14 08:32:52
2941,38,delivered,15495,EUR,2027-10-06 18:54:12,2027-10-26 21:09:06,2027-10-27 01:52:11
2942,138,delivered,44989,EUR,2027-10-07 02:50:54,2027-10-23 06:05:07,2027-10-23 10:23:27
2943,57,delivered,22495,EUR,2027-10-07 04:41:06,2027-10-28 12:13:14,2027-10-28 13:18:48
2944,157,delivered,11995,EUR,2027-10-07 08:42:13,2027-11-02 02:37:44,2027-11-02 06:46:21
2945,36,delivered,39491,CAD,2027-10-07 20:07:52,2027-10-15 14:07:28,2027-10-15 19:43:03
2946,162,refunded,8497,EUR,2027-10-08 11:28:07,2027-10-14 16:23:26,2027-10-14 21:23:41
2947,82,paid,61987,USD,2027-10-08 13:51:58,2027-11-07 06:12:02,2027-11-07 11:53:08
2948,107,delivered,72989,AUD,2027-10-09 07:45:21,2027-10-19 23:46:22,2027-10-20 04:04:51
2949,23,paid,58989,EUR,2027-10-09 13:12:43,2027-10-14 22:21:26,2027-10-15 04:08:56
2950,168,delivered,20993,EUR,2027-10-10 06:17:57,2027-10-30 17:06:43,2027-10-30 18:36:47
2951,121,pending,69992,EUR,2027-10-10 20:01:20,2027-10-20 23:51:01,2027-10-21 05:14:43
2952,174,shipped,31990,EUR,2027-10-11 09:12:58,2027-10-16 07:04:49,2027-10-16 09:36:08
2953,6,pending,27493,EUR,2027-10-11 20:57:26,2027-11-04 03:39:49,2027-11-04 05:42:51
2954,114,shipped,46993,USD,2027-10-12 04:38:41,2027-11-07 07:25:39,2027-11-07 10:24:57
2955,67,shipped,21493,EUR,2027-10-12 20:08:06,2027-10-17 19:14:57,2027-10-18 00:35:44
2956,68,delivered,2999,AUD,2027-10-13 00:28:53,2027-10-17 11:30:58,2027-10-17 15:04:52
2957,62,shipped,7996,EUR,2027-10-13 18:40:02,2027-11-05 21:30:30,2027-11-06 01:24:11
2958,105,delivered,39992,EUR,2027-10-13 19:52:09,2027-11-10 10:40:56,2027-11-10 16:36:10
2959,175,delivered,45492,EUR,2027-10-14 02:02:08,2027-10-29 12:41:36,2027-10-29 14:58:37
2960,9,pending,7497,EUR,2027-10-14 04:38:59,2027-11-01 08:02:28,2027-11-01 13:14:07
2961,18,delivered,50992,USD,2027-10-14 16:23:38,2027-11-10 08:29:46,2027-11-10 13:04:33
2962,70,paid,3998,EUR,2027-10-14 21:07:07,2027-11-01 14:45:28,2027-11-01 19:50:34
2963,56,pending,28495,EUR,2027-10-15 04:21:03,2027-10-16 23:48:54,2027-10-17 01:30:50
2964,7,paid,30991,EUR,2027-10-15 12:54:30,2027-10-24 22:36:28,2027-10-25 02:00:50
2965,36,delivered,38991,CAD,2027-10-15 23:13:24,2027-11-03 13:12:33,2027-11-03 16:57:24
2966,60,delivered,3999,EUR,2027-10-15 23:47:15,2027-10-29 07:16:03,2027-10-29 09:45:36
2967,93,delivered,17993,AUD,2027-10-16 02:49:54,2027-10-25 17:59:33,2027-10-25 20:44:01
2968,113,shipped,53986,USD,2027-10-16 05:30:11,2027-10-18 18:31:44,2027-10-18 20:40:15
2969,90,delivered,21994,CAD,2027-10-16 08:55:48,2027-10-29 22:54:54,2027-10-30 04:18:03
2970,83,paid,25994,AUD,2027-10-17 10:20:16,2027-11-12 15:54:28,2027-11-12 21:34:52
2971,184,shipped,11996,EUR,2027-10-17 13:18:16,2027-11-13 17:03:58,2027-11-13 20:00:01
2972,55,cancelled,125982,AUD,2027-10-17 23:06:51,2027-10-31 21:43:34,2027-11-01 01:29:04
2973,124,delivered,35996,GBP,2027-10-18 01:52:04,2027-10-26 23:39:45,2027-10-27 00:44:27
2974,62,delivered,65491,EUR,2027-10-18 13:51:12,2027-10-28 10:41:34,2027-10-28 11:58:53
2975,62,paid,9996,EUR,2027-10-18 16:42:05,2027-11-06 20:06:03,2027-11-06 23:00:06
2976,63,paid,59994,GBP,2027-10-19 02:09:00,2027-10-22 10:10:24,2027-10-22 15:05:37
2977,158,cancelled,35997,EUR,2027-10-19 16:29:11,2027-10-30 07:49:10,2027-10-30 09:00:56
2978,181,paid,13996,AUD,2027-10-20 01:46:08,2027-11-18 05:02:21,2027-11-18 11:02:18
2979,48,shipped,57489,EUR,2027-10-20 18:49:04,2027-11-17 13:47:19,2027-11-17 16:55:39
2980,156,pending,33996,USD,2027-10-21 04:08:09,2027-10-29 11:11:40,2027-10-29 16:29:42
2981,75,cancelled,38991,EUR,2027-10-21 05:50:47,2027-11-13 13:33:50,2027-11-13 18:37:24
2982,56,refunded,51989,EUR,2027-10-21 10:44:42,2027-11-01 23:25:00,2027-11-02 00:40:18
2983,24,pending,15996,EUR,2027-10-21 21:51:27,2027-11-14 05:27:01,2027-11-14 06:53:39
2984,127,paid,17998,EUR,2027-10-22 06:06:50,2027-11-05 12:43:22,2027-11-05 14:46:19
2985,133,shipped,35994,EUR,2027-10-22 14:25:13,2027-11-11 06:50:29,2027-11-11 09:09:17
2986,86,pending,47991,EUR,2027-10-22 15:50:57,2027-11-03 19:08:47,2027-11-03 20:34:28
2987,55,cancelled,7497,AUD,2027-10-23 03:14:50,2027-11-05 22:56:48,2027-11-06 01:58:04
2988,104,delivered,11997,EUR,2027-10-23 06:31:12,2027-11-06 09:38:53,2027-11-06 10:42:19
2989,150,delivered,2499,EUR,2027-10-24 10:13:21,2027-11-05 20:33:29,2027-11-06 00:34:06
2990,105,shipped,26995,EUR,2027-10-24 10:26:57,2027-11-08 12:08:39,2027-11-08 17:55:49
2991,20,paid,47993,CAD,2027-10-24 13:55:04,2027-11-11 09:28:00,2027-11-11 14:21:43
2992,144,paid,11997,GBP,2027-10-25 00:46:21,2027-11-01 11:11:40,2027-11-01 14:55:01
2993,175,delivered,7497,EUR,2027-10-25 07:42:59,2027-10-28 11:58:04,2027-10-28 13:47:36
2994,70,refunded,88986,EUR,2027-10-25 11:01:37,2027-10-25 18:54:53,2027-10-25 21:56:00
2995,8,shipped,34995,USD,2027-10-25 14:53:40,2027-10-31 20:54:51,2027-10-31 22:41:09
2996,68,shipped,31995,AUD,2027-10-26 12:53:02,2027-11-16 18:48:18,2027-11-16 21:09:58
2997,99,paid,22995,EUR,2027-10-26 12:56:39,2027-11-07 01:46:52,2027-11-07 06:23:37
2998,25,cancelled,63489,EUR,2027-10-26 23:01:25,2027-10-29 14:24:03,2027-10-29 18:06:17
2999,108,shipped,8997,EUR,2027-10-27 05:42:14,2027-10-31 19:44:18,2027-10-31 21:42:36
3000,78,paid,29493,EUR,2027-10-27 18:09:33,2027-11-13 04:53:53,2027-11-13 10:15:11
3001,36,delivered,25493,CAD,2027-10-27 22:38:41,2027-11-03 20:45:09,2027-11-04 01:29:39
3002,179,delivered,35491,GBP,2027-10-28 03:19:06,2027-11-16 22:50:00,2027-11-17 00:34:29
3003,56,paid,5997,EUR,2027-10-28 05:25:49,2027-11-14 00:03:51,2027-11-14 02:28:01
3004,75,paid,5498,EUR,2027-10-29 05:35:43,2027-11-02 05:36:48,2027-11-02 07:42:02
3005,58,delivered,16496,EUR,2027-10-29 08:24:33,2027-11-12 08:40:49,2027-11-12 11:27:19
3006,60,paid,29992,EUR,2027-10-29 22:15:42,2027-11-10 07:18:46,2027-11-10 10:46:46
3007,161,refunded,31992,EUR,2027-10-29 23:23:02,2027-11-04 10:53:49,2027-11-04 12:43:48
3008,70,delivered,39988,EUR,2027-10-30 07:37:16,2027-11-09 04:50:01,2027-11-09 08:41:09
3009,168,delivered,13996,EUR,2027-10-30 20:45:24,2027-11-07 18:22:52,2027-11-07 20:49:17
3010,107,shipped,17995,AUD,2027-10-31 05:02:09,2027-11-06 19:56:36,2027-11-06 20:58:56
3011,168,refunded,20997,EUR,2027-10-31 23:12:21,2027-11-17 00:41:31,2027-11-17 02:02:01
3012,52,delivered,41996,EUR,2027-11-01 04:42:20,2027-11-11 17:39:40,2027-11-11 23:19:15
3013,23,pending,108488,EUR,2027-11-01 23:42:06,2027-11-13 11:22:00,2027-11-13 12:45:04
3014,153,shipped,11996,USD,2027-11-02 04:17:32,2027-11-09 02:19:47,2027-11-09 08:14:28
3015,11,refunded,7996,EUR,2027-11-02 23:18:04,2027-11-30 04:07:41,2027-11-30 09:58:16
3016,52,paid,4998,EUR,2027-11-03 01:16:34,2027-11-22 22:49:20,2027-11-23 03:42:39
3017,154,delivered,42993,CAD,2027-11-03 10:51:33,2027-11-06 00:31:54,2027-11-06 02:42:36
3018,117,paid,25996,EUR,2027-11-03 12:19:22,2027-11-18 22:55:13,2027-11-19 03:06:29
3019,117,delivered,34994,EUR,2027-11-03 14:21:18,2027-11-06 11:01:59,2027-11-06 14:57:30
3020,48,shipped,2999,EUR,2027-11-04 17:03:16,2027-11-06 12:55:57,2027-11-06 18:44:43
3021,48,refunded,14997,EUR,2027-11-04 21:20:00,2027-11-21 23:04:11,2027-11-22 03:12:42
3022,170,shipped,12995,USD,2027-11-05 07:53:37,2027-11-22 12:12:57,2027-11-22 17:33:06
3023,71,refunded,2499,EUR,2027-11-05 23:18:19,2027-11-28 08:21:00,2027-11-28 12:32:03
3024,160,shipped,55486,EUR,2027-11-05 23:54:55,2027-11-10 16:06:40,2027-11-10 18:55:34
3025,173,cancelled,23996,EUR,2027-11-06 12:25:38,2027-11-17 00:07:02,2027-11-17 01:35:48
3026,37,delivered,31992,CAD,2027-11-06 15:31:16,2027-11-13 01:10:35,2027-11-13 04:05:34
3027,173,shipped,3998,EUR,2027-11-07 06:36:58,2027-11-17 12:05:18,2027-11-17 15:22:55
3028,8,paid,27992,USD,2027-11-07 09:39:09,2027-11-29 23:20:32,2027-11-30 02:34:55
3029,179,paid,5998,GBP,2027-11-07 12:58:52,2027-11-14 20:00:12,2027-11-15 01:54:16
3030,192,delivered,23493,CAD,2027-11-08 17:09:19,2027-11-16 10:02:24,2027-11-16 15:03:54
3031,3,cancelled,13997,EUR,2027-11-08 17:13:12,2027-11-12 20:15:03,2027-11-13 00:01:16
3032,3,cancelled,30993,EUR,2027-11-09 06:06:46,2027-11-29 02:22:17,2027-11-29 04:12:56
3033,131,refunded,23996,CAD,2027-11-09 12:32:34,2027-12-06 13:04:36,2027-12-06 15:13:41
3034,86,delivered,13996,EUR,2027-11-09 20:58:46,2027-12-02 05:23:38,2027-12-02 10:06:44
3035,65,refunded,4998,AUD,2027-11-10 03:21:02,2027-11-20 13:40:35,2027-11-20 14:52:23
3036,179,delivered,42996,GBP,2027-11-10 08:25:46,2027-11-27 00:08:55,2027-11-27 05:42:44
3037,174,refunded,37989,EUR,2027-11-10 10:19:50,2027-11-23 03:18:36,2027-11-23 05:59:12
3038,170,delivered,35996,USD,2027-11-10 18:56:41,2027-12-05 09:54:28,2027-12-05 13:23:07
3039,17,delivered,17998,GBP,2027-11-11 01:19:56,2027-12-10 16:45:10,2027-12-10 18:40:03
3040,13,paid,39495,EUR,2027-11-11 14:54:31,2027-11-24 21:37:01,2027-11-25 03:03:52
3041,3,delivered,7497,EUR,2027-11-11 22:11:08,2027-12-04 04:32:29,2027-12-04 06:20:09
3042,54,paid,13995,EUR,2027-11-12 02:56:25,2027-11-15 05:27:53,2027-11-15 07:31:24
3043,40,cancelled,80989,EUR,2027-11-12 04:09:56,2027-11-21 04:19:03,2027-11-21 09:57:51
3044,32,refunded,41492,EUR,2027-11-13 02:00:06,2027-11-25 13:42:59,2027-11-25 14:47:50
3045,60,delivered,9996,EUR,2027-11-13 09:41:06,2027-12-08 22:57:50,2027-12-09 00:34:48
3046,170,delivered,4998,USD,2027-11-14 01:42:28,2027-12-10 11:38:29,2027-12-10 16:03:41
3047,164,paid,20997,EUR,2027-11-14 07:48:14,2027-11-17 13:27:38,2027-11-17 15:15:27
3048,46,refunded,61992,EUR,2027-11-14 19:49:03,2027-11-17 04:44:20,2027-11-17 06:48:43
3049,152,delivered,1999,EUR,2027-11-15 03:17:08,2027-11-19 03:44:27,2027-11-19 07:35:32
3050,40,delivered,10495,EUR,2027-11-15 07:28:56,2027-11-16 19:06:58,2027-11-16 21:10:45
3051,9,refunded,47491,EUR,2027-11-15 16:29:49,2027-12-14 14:20:03,2027-12-14 19:45:13
3052,82,cancelled,45993,USD,2027-11-16 12:38:24,2027-12-15 04:46:40,2027-12-15 07:34:45
3053,141,pending,72981,EUR,2027-11-16 21:48:59,2027-12-15 03:59:10,2027-12-15 07:35:40
3054,98,refunded,27994,EUR,2027-11-17 01:17:53,2027-12-05 19:14:37,2027-12-05 23:08:06
3055,56,delivered,67491,EUR,2027-11-17 18:55:22,2027-11-25 05:43:30,2027-11-25 06:44:57
3056,170,refunded,32996,USD,2027-11-17 21:01:54,2027-11-19 05:02:39,2027-11-19 06:28:14
3057,82,delivered,24988,USD,2027-11-18 04:18:07,2027-12-09 09:37:43,2027-12-09 12:43:53
3058,23,shipped,32988,EUR,2027-11-18 22:10:34,2027-12-18 13:32:16,2027-12-18 15:38:33
3059,82,shipped,73987,USD,2027-11-19 02:27:21,2027-12-14 13:47:10,2027-12-14 16:14:00
3060,25,delivered,95486,EUR,2027-11-19 09:27:58,2027-11-25 06:21:32,2027-11-25 12:12:19
3061,93,delivered,15996,AUD,2027-11-20 07:48:10,2027-12-12 10:53:27,2027-12-12 16:00:18
3062,150,shipped,9996,EUR,2027-11-20 08:10:26,2027-12-02 21:25:35,2027-12-03 02:51:35
3063,119,shipped,28990,EUR,2027-11-20 18:05:17,2027-12-12 05:48:47,2027-12-12 07:08:23
3064,99,delivered,4998,EUR,2027-11-20 18:10:37,2027-12-20 04:26:44,2027-12-20 06:35:42
3065,95,paid,2499,EUR,2027-11-21 18:01:42,2027-12-08 08:24:18,2027-12-08 11:45:26
3066,53,shipped,9996,EUR,2027-11-21 18:25:16,2027-11-26 11:04:53,2027-11-26 15:57:07
3067,98,delivered,22995,EUR,2027-11-22 12:30:26,2027-11-30 06:46:19,2027-11-30 10:43:23
3068,127,refunded,43492,EUR,2027-11-22 17:52:52,2027-11-27 23:29:49,2027-11-28 03:53:56
3069,46,delivered,54989,EUR,2027-11-23 06:18:35,2027-12-04 04:28:06,2027-12-04 07:42:14
3070,117,delivered,19993,EUR,2027-11-23 20:52:39,2027-12-10 02:55:46,2027-12-10 04:48:13
3071,56,shipped,53995,EUR,2027-11-23 21:50:28,2027-11-24 22:20:38,2027-11-25 00:09:33
3072,125,delivered,11996,GBP,2027-11-24 01:11:34,2027-12-14 05:11:30,2027-12-14 10:35:23
3073,179,delivered,19493,GBP,2027-11-24 02:17:15,2027-11-29 14:27:05,2027-11-29 19:30:30
3074,154,delivered,21992,CAD,2027-11-24 10:15:56,2027-12-22 03:41:23,2027-12-22 09:38:41
3075,146,refunded,13996,CAD,2027-11-24 17:38:10,2027-11-30 22:15:04,2027-12-01 00:17:26
3076,138,paid,25997,EUR,2027-11-25 06:06:56,2027-12-15 09:47:24,2027-12-15 14:37:31
3077,198,delivered,15996,EUR,2027-11-25 06:18:49,2027-12-15 22:04:59,2027-12-16 02:34:39
3078,162,shipped,7996,EUR,2027-11-25 08:55:16,2027-12-15 09:58:24,2027-12-15 13:37:38
3079,178,refunded,41495,EUR,2027-11-25 10:00:02,2027-12-10 17:15:40,2027-12-10 21:18:11
3080,121,delivered,34493,EUR,2027-11-26 03:47:29,2027-12-08 19:36:00,2027-12-08 21:28:18
3081,124,delivered,24994,GBP,2027-11-26 11:02:48,2027-12-01 18:50:24,2027-12-01 21:42:08
3082,131,paid,22993,CAD,2027-11-26 12:48:07,2027-12-05 06:22:56,2027-12-05 07:42:34
3083,83,paid,23998,AUD,2027-11-27 18:02:01,2027-12-07 16:47:34,2027-12-07 19:25:54
3084,7,paid,18993,EUR,2027-11-27 19:08:32,2027-11-29 00:46:42,2027-11-29 04:57:41
3085,113,delivered,7497,USD,2027-11-28 00:29:51,2027-11-29 01:49:06,2027-11-29 05:09:21
3086,178,pending,46989,EUR,2027-11-28 10:53:06,2027-11-30 21:35:39,2027-12-01 02:06:00
3087,131,shipped,19996,CAD,2027-11-29 07:49:10,2027-12-09 01:09:03,2027-12-09 06:57:59
3088,76,delivered,17994,GBP,2027-11-29 13:28:31,2027-12-09 15:28:20,2027-12-09 21:11:05
3089,82,pending,55485,USD,2027-11-29 19:59:52,2027-12-22 10:37:47,2027-12-22 13:01:28
3090,83,paid,22490,AUD,2027-11-30 02:26:10,2027-12-05 07:03:42,2027-12-05 09:52:53
3091,106,delivered,17998,GBP,2027-11-30 05:01:08,2027-12-24 16:21:47,2027-12-24 19:14:03
3092,55,delivered,32494,AUD,2027-11-30 11:41:48,2027-12-10 02:23:16,2027-12-10 05:54:37
3093,75,pending,31993,EUR,2027-11-30 18:46:48,2027-12-28 01:37:39,2027-12-28 06:24:28
3094,70,paid,41990,EUR,2027-11-30 22:56:37,2027-12-17 04:40:45,2027-12-17 05:45:31
3095,85,pending,23992,EUR,2027-12-01 06:08:58,2027-12-22 12:43:21,2027-12-22 16:37:33
3096,111,delivered,10495,EUR,2027-12-01 08:03:22,2027-12-18 14:18:26,2027-12-18 20:13:24
3097,137,delivered,131486,EUR,2027-12-01 16:36:33,2027-12-11 14:17:36,2027-12-11 17:25:47
3098,141,shipped,63989,EUR,2027-12-02 03:21:55,2027-12-24 03:23:31,2027-12-24 07:13:40
3099,33,shipped,35996,EUR,2027-12-02 05:05:46,2027-12-13 21:18:17,2027-12-14 00:46:42
3100,186,shipped,13995,EUR,2027-12-02 05:38:01,2027-12-16 04:00:23,2027-12-16 09:26:41
3101,164,paid,35491,EUR,2027-12-02 22:11:13,2027-12-26 10:10:57,2027-12-26 12:09:47
3102,20,pending,43990,CAD,2027-12-03 17:09:19,2027-12-14 13:31:38,2027-12-14 18:47:31
3103,93,pending,54490,AUD,2027-12-03 17:49:49,2027-12-27 23:43:21,2027-12-28 04:58:57
3104,105,delivered,22994,EUR,2027-12-04 11:16:39,2027-12-16 03:53:50,2027-12-16 05:07:55
3105,145,paid,20994,USD,2027-12-04 13:49:39,2027-12-28 09:45:19,2027-12-28 11:49:12
3106,98,pending,26995,EUR,2027-12-04 15:40:43,2027-12-21 22:42:03,2027-12-21 23:53:47
3107,1,delivered,19992,AUD,2027-12-05 02:59:53,2028-01-02 00:02:07,2028-01-02 02:47:15
3108,158,delivered,2499,EUR,2027-12-05 14:48:52,2027-12-29 04:14:28,2027-12-29 08:18:58
3109,112,pending,9996,AUD,2027-12-05 16:15:23,2027-12-16 10:11:17,2027-12-16 15:43:57
3110,43,delivered,7996,CAD,2027-12-05 21:29:38,2027-12-15 16:12:10,2027-12-15 21:36:21
3111,132,delivered,9996,EUR,2027-12-06 01:27:19,2027-12-31 06:00:14,2027-12-31 08:08:04
3112,32,delivered,7497,EUR,2027-12-06 23:59:34,2027-12-29 00:58:06,2027-12-29 05:31:47
3113,14,refunded,68490,EUR,2027-12-07 05:47:51,2027-12-21 07:36:51,2027-12-21 12:00:24
3114,121,shipped,9996,EUR,2027-12-07 08:53:03,2027-12-11 14:48:50,2027-12-11 17:29:57
3115,7,pending,19994,EUR,2027-12-07 13:05:04,2028-01-06 01:41:52,2028-01-06 02:59:10
3116,200,pending,19495,CAD,2027-12-07 23:57:15,2027-12-27 08:37:18,2027-12-27 12:27:18
3117,170,paid,16993,USD,2027-12-08 06:02:37,2027-12-09 17:50:46,2027-12-09 19:53:08
3118,52,paid,26997,EUR,2027-12-08 06:31:16,2027-12-11 20:06:58,2027-12-12 01:10:07
3119,21,shipped,39490,EUR,2027-12-08 08:25:25,2027-12-22 23:10:18,2027-12-23 03:20:28
3120,161,shipped,44991,EUR,2027-12-08 11:46:24,2027-12-23 15:19:58,2027-12-23 20:40:56
3121,106,paid,20996,GBP,2027-12-08 15:59:39,2027-12-13 09:43:37,2027-12-13 14:39:50
3122,76,paid,43993,GBP,2027-12-09 05:15:32,2027-12-28 07:42:06,2027-12-28 10:27:36
3123,80,delivered,26995,EUR,2027-12-09 12:37:22,2027-12-18 21:11:00,2027-12-18 22:50:42
3124,117,paid,24994,EUR,2027-12-09 13:29:26,2028-01-06 00:03:13,2028-01-06 05:20:45
3125,123,paid,3998,AUD,2027-12-09 14:08:08,2027-12-11 03:04:57,2027-12-11 06:01:04
3126,144,delivered,81986,GBP,2027-12-09 16:34:03,2027-12-28 21:51:49,2027-12-29 00:35:57
3127,178,shipped,13996,EUR,2027-12-09 16:45:15,2028-01-08 08:02:33,2028-01-08 09:26:58
3128,167,delivered,4498,EUR,2027-12-09 22:32:00,2027-12-12 09:05:42,2027-12-12 11:34:00
3129,10,shipped,69984,EUR,2027-12-10 07:59:09,2027-12-23 07:47:27,2027-12-23 09:00:39
3130,106,paid,3998,GBP,2027-12-10 10:10:35,2027-12-22 16:28:32,2027-12-22 18:10:14
3131,170,shipped,14496,USD,2027-12-10 20:47:34,2028-01-05 18:13:34,2028-01-05 19:59:30
3132,132,delivered,25991,EUR,2027-12-11 12:11:35,2028-01-09 08:58:21,2028-01-09 12:04:04
3133,1,refunded,9498,AUD,2027-12-11 19:07:18,2027-12-12 05:01:39,2027-12-12 08:54:51
3134,73,delivered,35997,GBP,2027-12-11 23:38:26,2027-12-25 05:39:10,2027-12-25 07:21:00
3135,53,delivered,17994,EUR,2027-12-12 00:10:26,2027-12-31 21:29:52,2028-01-01 03:24:27
3136,67,shipped,35989,EUR,2027-12-12 15:06:08,2028-01-11 14:12:17,2028-01-11 17:23:01
3137,62,delivered,35996,EUR,2027-12-13 00:13:37,2027-12-16 14:08:12,2027-12-16 16:59:29
3138,82,delivered,37993,USD,2027-12-13 02:55:38,2027-12-29 07:22:15,2027-12-29 09:40:06
3139,168,delivered,2499,EUR,2027-12-13 08:21:07,2028-01-03 23:11:18,2028-01-04 03:42:04
3140,58,refunded,35990,EUR,2027-12-13 09:31:14,2028-01-04 07:16:06,2028-01-04 09:29:47
3141,58,delivered,23492,EUR,2027-12-14 01:22:35,2028-01-05 05:23:44,2028-01-05 10:20:08
3142,161,shipped,65488,EUR,2027-12-14 13:03:11,2028-01-11 22:05:52,2028-01-12 03:25:55
3143,144,shipped,10997,GBP,2027-12-15 01:56:44,2027-12-26 22:23:59,2027-12-27 00:44:28
3144,8,delivered,24991,USD,2027-12-15 14:55:56,2027-12-26 13:15:19,2027-12-26 17:04:03
3145,47,paid,76988,EUR,2027-12-15 19:51:18,2028-01-06 02:09:01,2028-01-06 04:49:21
3146,140,pending,11995,EUR,2027-12-16 00:37:11,2027-12-29 10:11:58,2027-12-29 13:26:10
3147,93,refunded,27995,AUD,2027-12-16 22:46:38,2027-12-25 08:41:28,2027-12-25 10:02:57
3148,133,refunded,45990,EUR,2027-12-17 15:59:57,2028-01-04 10:30:27,2028-01-04 12:54:50
3149,152,pending,5998,EUR,2027-12-17 21:44:06,2028-01-02 10:26:33,2028-01-02 11:56:25
3150,114,delivered,21994,USD,2027-12-17 23:55:06,2027-12-23 01:48:31,2027-12-23 05:31:13
3151,36,paid,51493,CAD,2027-12-18 04:34:34,2027-12-22 04:15:24,2027-12-22 09:54:21
3152,127,shipped,24995,EUR,2027-12-18 08:28:50,2028-01-06 03:35:26,2028-01-06 05:08:49
3153,43,refunded,14997,CAD,2027-12-18 17:00:49,2028-01-02 13:43:21,2028-01-02 17:29:26
3154,138,shipped,2999,EUR,2027-12-18 23:05:15,2028-01-03 18:23:32,2028-01-04 00:13:23
3155,72,delivered,17993,EUR,2027-12-19 05:13:21,2028-01-12 09:41:45,2028-01-12 13:02:14
3156,198,delivered,44992,EUR,2027-12-19 16:05:35,2028-01-15 18:11:12,2028-01-15 21:15:05
3157,186,refunded,5998,EUR,2027-12-20 08:33:22,2028-01-01 01:42:00,2028-01-01 05:02:17
3158,145,delivered,61992,USD,2027-12-20 11:30:23,2028-01-08 06:55:56,2028-01-08 09:42:05
3159,35,paid,11996,GBP,2027-12-20 18:35:01,2028-01-18 14:39:32,2028-01-18 16:25:50
3160,174,shipped,39486,EUR,2027-12-20 20:09:36,2027-12-29 21:30:10,2027-12-30 02:13:14
3161,10,shipped,62994,EUR,2027-12-21 09:04:13,2028-01-07 03:14:44,2028-01-07 05:16:20
3162,51,delivered,20995,EUR,2027-12-21 23:07:18,2028-01-02 10:44:38,2028-01-02 15:03:41
3163,75,shipped,8999,EUR,2027-12-22 20:31:39,2028-01-14 11:36:27,2028-01-14 12:56:38
3164,65,paid,24993,AUD,2027-12-22 21:30:44,2027-12-24 22:16:59,2027-12-25 03:15:50
3165,127,paid,6497,EUR,2027-12-23 16:06:40,2028-01-20 08:14:28,2028-01-20 14:12:13
3166,125,paid,69489,GBP,2027-12-23 19:24:01,2027-12-29 22:12:58,2027-12-30 03:12:01
3167,112,refunded,66983,AUD,2027-12-23 20:45:00,2027-12-24 05:41:39,2027-12-24 08:06:23
3168,54,delivered,28491,EUR,2027-12-24 13:08:48,2028-01-07 13:33:02,2028-01-07 14:45:11
3169,52,paid,12996,EUR,2027-12-24 15:41:47,2028-01-06 15:18:46,2028-01-06 17:12:21
3170,17,delivered,47995,GBP,2027-12-25 09:16:22,2028-01-20 13:45:29,2028-01-20 17:07:27
3171,158,delivered,19992,EUR,2027-12-25 23:12:45,2028-01-20 11:24:57,2028-01-20 15:13:23
3172,146,delivered,33495,CAD,2027-12-25 23:37:38,2027-12-31 16:23:53,2027-12-31 21:16:27
3173,53,delivered,29491,EUR,2027-12-26 09:38:19,2028-01-09 09:57:48,2028-01-09 12:46:43
3174,140,delivered,13996,EUR,2027-12-26 17:42:44,2027-12-30 17:49:13,2027-12-30 22:41:36
3175,175,shipped,18495,EUR,2027-12-27 01:48:31,2028-01-20 17:39:10,2028-01-20 23:29:34
3176,48,shipped,43490,EUR,2027-12-27 13:10:11,2028-01-01 15:41:05,2028-01-01 17:10:26
3177,154,delivered,35991,CAD,2027-12-27 15:33:14,2028-01-21 18:47:40,2028-01-21 19:49:23
3178,46,shipped,3999,EUR,2027-12-28 11:13:52,2028-01-17 06:08:46,2028-01-17 09:52:16
3179,181,shipped,43993,AUD,2027-12-28 13:10:31,2028-01-04 12:48:09,2028-01-04 18:44:15
3180,117,delivered,9996,EUR,2027-12-28 22:36:57,2028-01-13 10:27:29,2028-01-13 14:43:42
3181,60,delivered,15994,EUR,2027-12-29 00:56:07,2028-01-20 13:04:50,2028-01-20 17:14:49
3182,150,paid,19993,EUR,2027-12-29 10:37:02,2028-01-05 12:03:51,2028-01-05 17:37:31
3183,8,shipped,82988,USD,2027-12-29 21:27:51,2028-01-07 19:05:22,2028-01-07 21:38:49
3184,166,pending,35992,EUR,2027-12-30 02:04:41,2028-01-12 12:31:18,2028-01-12 15:38:53
3185,131,delivered,11996,CAD,2027-12-30 15:24:03,2028-01-06 21:52:55,2028-01-06 23:25:11
3186,166,delivered,2999,EUR,2027-12-30 15:48:55,2028-01-09 22:42:45,2028-01-10 02:46:08
3187,35,delivered,80987,GBP,2027-12-31 03:08:08,2028-01-18 13:42:21,2028-01-18 16:15:14
3188,48,delivered,8997,EUR,2027-12-31 05:12:59,2028-01-09 17:55:54,2028-01-09 20:24:53
3189,184,delivered,41989,EUR,2027-12-31 06:49:55,2028-01-13 06:07:15,2028-01-13 08:34:07
3190,83,paid,5998,AUD,2027-12-31 20:47:08,2028-01-02 15:02:51,2028-01-02 20:25:21
3191,48,cancelled,56992,EUR,2028-01-01 05:08:36,2028-01-10 05:51:46,2028-01-10 10:37:14
3192,145,paid,55482,USD,2028-01-01 15:08:53,2028-01-28 08:39:59,2028-01-28 13:09:47
3193,161,paid,5998,EUR,2028-01-01 17:48:44,2028-01-21 23:58:53,2028-01-22 02:00:15
3194,55,pending,28991,AUD,2028-01-01 21:02:42,2028-01-15 18:20:35,2028-01-15 21:43:57
3195,111,delivered,14995,EUR,2028-01-02 10:21:26,2028-01-26 16:35:27,2028-01-26 18:13:04
3196,200,pending,3499,CAD,2028-01-02 23:55:22,2028-01-03 17:36:43,2028-01-03 20:40:52
3197,90,refunded,19994,CAD,2028-01-03 01:00:31,2028-01-22 03:23:41,2028-01-22 06:43:46
3198,6,delivered,39991,EUR,2028-01-03 09:52:04,2028-01-26 06:06:55,2028-01-26 09:44:11
3199,106,delivered,29493,GBP,2028-01-04 12:06:56,2028-01-20 07:26:51,2028-01-20 13:13:05
3200,86,shipped,30496,EUR,2028-01-04 19:21:11,2028-01-16 12:26:26,2028-01-16 18:07:21
3201,24,shipped,10998,EUR,2028-01-05 04:31:03,2028-01-21 11:58:53,2028-01-21 17:26:11
3202,52,refunded,17997,EUR,2028-01-05 18:18:44,2028-01-22 13:19:17,2028-01-22 16:43:35
3203,125,shipped,30990,GBP,2028-01-06 01:23:29,2028-01-19 10:47:42,2028-01-19 13:26:52
3204,121,paid,10997,EUR,2028-01-06 10:13:32,2028-02-02 06:55:41,2028-02-02 11:39:50
3205,77,delivered,42990,EUR,2028-01-06 13:45:42,2028-01-13 19:40:11,2028-01-13 20:45:25
3206,35,delivered,17994,GBP,2028-01-06 15:13:02,2028-01-19 09:10:07,2028-01-19 13:18:07
3207,17,delivered,2499,GBP,2028-01-07 20:09:09,2028-01-27 05:52:01,2028-01-27 07:15:50
3208,166,refunded,24991,EUR,2028-01-07 21:00:43,2028-01-17 03:36:42,2028-01-17 05:19:19
3209,137,paid,40492,EUR,2028-01-08 04:15:34,2028-01-20 05:49:19,2028-01-20 06:59:49
3210,181,delivered,35997,AUD,2028-01-08 21:53:28,2028-01-18 20:59:59,2028-01-18 23:19:25
3211,33,refunded,7997,EUR,2028-01-09 11:59:47,2028-01-22 03:27:03,2028-01-22 06:50:52
3212,146,delivered,80990,CAD,2028-01-09 22:02:48,2028-01-18 01:18:12,2028-01-18 03:16:03
3213,99,cancelled,53992,EUR,2028-01-10 18:56:07,2028-01-22 16:01:08,2028-01-22 17:03:23
3214,90,paid,17996,CAD,2028-01-10 22:13:12,2028-01-18 10:05:25,2028-01-18 13:00:35
3215,153,shipped,33992,USD,2028-01-11 08:31:29,2028-02-02 06:02:15,2028-02-02 11:18:33
3216,72,refunded,44992,EUR,2028-01-11 11:42:28,2028-01-27 15:08:49,2028-01-27 21:06:19
3217,137,shipped,14997,EUR,2028-01-11 18:39:02,2028-01-27 08:11:40,2028-01-27 10:42:27
3218,124,shipped,30487,GBP,2028-01-12 09:34:00,2028-01-12 18:37:51,2028-01-12 20:55:20
3219,109,delivered,7497,CAD,2028-01-12 17:29:07,2028-01-15 13:37:06,2028-01-15 16:57:02
3220,191,pending,30494,EUR,2028-01-12 19:12:56,2028-01-17 02:28:00,2028-01-17 04:01:06
3221,83,delivered,29996,AUD,2028-01-12 19:26:07,2028-02-04 15:47:11,2028-02-04 19:41:10
3222,121,pending,19995,EUR,2028-01-13 00:12:23,2028-02-08 08:39:04,2028-02-08 11:00:32
3223,5,paid,17993,USD,2028-01-13 02:57:09,2028-01-26 00:13:43,2028-01-26 06:03:49
3224,112,delivered,76991,AUD,2028-01-13 07:48:29,2028-01-20 12:42:18,2028-01-20 18:03:03
3225,119,delivered,22993,EUR,2028-01-13 09:48:11,2028-01-26 03:11:01,2028-01-26 08:28:06
3226,124,shipped,21492,GBP,2028-01-13 09:54:18,2028-01-22 08:20:07,2028-01-22 11:32:05
3227,109,paid,31992,CAD,2028-01-14 18:12:03,2028-01-20 06:44:29,2028-01-20 10:39:39
3228,167,delivered,44994,EUR,2028-01-14 18:38:18,2028-01-26 14:06:54,2028-01-26 18:55:38
3229,106,delivered,12498,GBP,2028-01-15 21:12:45,2028-01-21 00:34:57,2028-01-21 05:43:44
3230,3,cancelled,46989,EUR,2028-01-15 22:26:59,2028-02-08 17:59:21,2028-02-08 23:56:31
3231,80,pending,11996,EUR,2028-01-16 08:02:12,2028-01-20 13:00:40,2028-01-20 16:29:55
3232,139,shipped,20992,USD,2028-01-16 14:33:38,2028-01-22 23:38:28,2028-01-23 04:41:35
3233,103,cancelled,60991,AUD,2028-01-17 06:26:36,2028-01-30 19:04:29,2028-01-30 21:25:19
3234,37,delivered,2999,CAD,2028-01-17 08:28:14,2028-02-08 23:42:37,2028-02-09 02:04:50
3235,104,delivered,21996,EUR,2028-01-18 01:16:56,2028-02-04 04:36:15,2028-02-04 08:11:49
3236,77,pending,16493,EUR,2028-01-18 06:49:40,2028-01-21 23:30:35,2028-01-22 01:57:23
3237,170,cancelled,11996,USD,2028-01-18 16:33:37,2028-01-30 11:58:15,2028-01-30 16:37:42
3238,132,shipped,2499,EUR,2028-01-19 01:06:38,2028-02-09 02:18:50,2028-02-09 05:19:09
3239,106,refunded,44494,GBP,2028-01-19 01:24:03,2028-02-15 02:46:41,2028-02-15 08:25:17
3240,117,delivered,38492,EUR,2028-01-20 04:55:23,2028-01-28 02:17:59,2028-01-28 06:08:58
3241,179,delivered,7497,GBP,2028-01-20 09:45:05,2028-02-01 08:33:06,2028-02-01 10:35:40
3242,55,refunded,25993,AUD,2028-01-20 11:44:08,2028-02-13 17:33:42,2028-02-13 23:03:42
3243,10,delivered,48489,EUR,2028-01-21 06:57:08,2028-02-10 17:31:59,2028-02-10 19:35:45
3244,170,shipped,5997,USD,2028-01-21 10:15:51,2028-02-12 09:20:47,2028-02-12 10:29:59
3245,77,delivered,31992,EUR,2028-01-21 11:27:11,2028-02-08 03:38:57,2028-02-08 06:01:05
3246,40,paid,122979,EUR,2028-01-22 09:01:05,2028-02-06 02:20:02,2028-02-06 06:03:50
3247,198,shipped,2499,EUR,2028-01-22 12:14:27,2028-01-27 15:26:09,2028-01-27 18:48:59
3248,54,paid,3998,EUR,2028-01-22 12:18:30,2028-02-12 12:30:45,2028-02-12 15:06:56
3249,101,delivered,26995,USD,2028-01-22 12:26:11,2028-02-08 12:41:01,2028-02-08 17:59:36
3250,82,paid,17998,USD,2028-01-22 14:33:47,2028-02-14 17:17:16,2028-02-14 18:53:36
3251,121,paid,14995,EUR,2028-01-23 16:12:01,2028-02-20 23:40:20,2028-02-21 01:52:30
3252,54,delivered,56989,EUR,2028-01-23 18:21:50,2028-02-21 13:16:25,2028-02-21 17:59:52
3253,75,delivered,35996,EUR,2028-01-24 00:56:27,2028-02-08 03:26:31,2028-02-08 09:08:54
3254,24,delivered,11997,EUR,2028-01-24 03:41:10,2028-02-01 11:15:33,2028-02-01 15:12:12
3255,178,delivered,22490,EUR,2028-01-24 06:01:20,2028-02-09 21:40:49,2028-02-10 02:00:29
3256,48,delivered,8497,EUR,2028-01-24 17:33:43,2028-02-20 05:25:15,2028-02-20 08:46:52
3257,133,delivered,22493,EUR,2028-01-25 11:42:09,2028-01-26 23:59:04,2028-01-27 04:13:42
3258,102,delivered,24993,EUR,2028-01-25 15:29:26,2028-02-04 23:56:16,2028-02-05 01:39:41
3259,144,delivered,2999,GBP,2028-01-25 21:09:01,2028-02-22 01:44:12,2028-02-22 04:22:01
3260,8,paid,16995,USD,2028-01-26 06:46:36,2028-02-15 03:44:59,2028-02-15 08:10:16
3261,144,paid,19996,GBP,2028-01-26 14:20:59,2028-02-11 04:50:09,2028-02-11 10:45:06
3262,13,paid,26997,EUR,2028-01-27 00:11:54,2028-01-27 21:09:21,2028-01-27 23:15:53
3263,108,delivered,30989,EUR,2028-01-27 00:35:41,2028-02-01 01:41:13,2028-02-01 03:56:04
3264,141,shipped,51991,EUR,2028-01-27 17:24:47,2028-02-12 04:37:52,2028-02-12 08:12:53
3265,198,pending,22991,EUR,2028-01-27 21:07:42,2028-01-29 02:42:20,2028-01-29 07:56:48
3266,80,delivered,40994,EUR,2028-01-27 23:12:00,2028-02-18 06:33:07,2028-02-18 11:20:21
3267,89,shipped,17995,EUR,2028-01-28 01:11:07,2028-02-25 21:27:47,2028-02-25 23:15:52
3268,46,cancelled,11496,EUR,2028-01-28 03:05:11,2028-02-05 07:49:00,2028-02-05 13:49:00
3269,36,delivered,26997,CAD,2028-01-28 09:46:07,2028-02-15 19:22:19,2028-02-15 22:44:05
3270,98,paid,29995,EUR,2028-01-29 02:38:27,2028-02-19 15:55:09,2028-02-19 21:34:21
3271,161,delivered,7497,EUR,2028-01-29 02:56:48,2028-02-25 13:22:27,2028-02-25 14:51:02
3272,95,paid,41492,EUR,2028-01-29 13:56:45,2028-02-10 16:52:33,2028-02-10 17:59:20
3273,150,delivered,51489,EUR,2028-01-30 05:02:51,2028-02-01 11:56:43,2028-02-01 17:53:16
3274,186,delivered,34989,EUR,2028-01-30 08:23:20,2028-02-06 11:28:46,2028-02-06 12:59:36
3275,98,delivered,28993,EUR,2028-01-30 12:33:55,2028-01-31 12:35:38,2028-01-31 14:04:21
3276,139,refunded,5997,USD,2028-01-31 13:28:23,2028-02-06 17:52:04,2028-02-06 22:44:45
3277,172,paid,5998,AUD,2028-01-31 23:27:08,2028-03-01 14:48:55,2028-03-01 20:45:09
3278,152,cancelled,4998,EUR,2028-02-01 00:33:01,2028-02-06 05:00:23,2028-02-06 07:25:11
3279,186,shipped,11996,EUR,2028-02-01 09:35:53,2028-02-04 11:06:33,2028-02-04 15:54:35
3280,115,delivered,40988,EUR,2028-02-01 22:52:16,2028-02-12 18:41:58,2028-02-12 20:42:05
3281,99,delivered,39990,EUR,2028-02-02 10:56:45,2028-02-15 02:07:00,2028-02-15 03:26:08
3282,197,refunded,7497,EUR,2028-02-02 13:02:50,2028-02-14 18:12:20,2028-02-14 23:40:39
3283,39,paid,33991,USD,2028-02-02 15:09:24,2028-02-11 03:02:45,2028-02-11 07:14:26
3284,93,shipped,34991,AUD,2028-02-03 00:11:35,2028-02-06 01:07:11,2028-02-06 05:03:41
3285,20,delivered,35996,CAD,2028-02-03 16:35:01,2028-02-25 14:58:56,2028-02-25 19:28:11
3286,60,delivered,28493,EUR,2028-02-04 03:37:22,2028-02-07 04:50:46,2028-02-07 09:25:54
3287,72,refunded,15994,EUR,2028-02-04 10:49:10,2028-02-08 16:16:01,2028-02-08 21:07:42
3288,108,shipped,43995,EUR,2028-02-04 14:49:18,2028-02-11 16:44:13,2028-02-11 20:38:06
3289,45,pending,71992,EUR,2028-02-04 17:18:11,2028-02-16 08:58:23,2028-02-16 12:10:03
3290,148,shipped,65987,EUR,2028-02-04 19:45:05,2028-03-01 23:20:30,2028-03-02 05:04:15
3291,127,refunded,51488,EUR,2028-02-05 02:24:16,2028-02-21 04:48:53,2028-02-21 09:28:32
3292,35,pending,7497,GBP,2028-02-05 06:20:02,2028-02-16 08:01:18,2028-02-16 13:52:01
3293,175,refunded,2499,EUR,2028-02-06 13:23:37,2028-02-13 17:12:52,2028-02-13 19:44:20
3294,167,shipped,19494,EUR,2028-02-06 23:34:55,2028-03-05 06:33:59,2028-03-05 11:44:09
3295,70,delivered,17995,EUR,2028-02-07 02:23:38,2028-03-05 23:30:05,2028-03-06 03:03:10
3296,197,refunded,29992,EUR,2028-02-07 02:31:33,2028-02-27 06:32:47,2028-02-27 12:28:53
3297,119,paid,14994,EUR,2028-02-07 13:50:43,2028-02-21 21:27:25,2028-02-22 03:20:11
3298,133,paid,13996,EUR,2028-02-08 08:39:30,2028-02-17 13:11:52,2028-02-17 17:44:13
3299,73,paid,88484,GBP,2028-02-08 12:44:46,2028-02-19 14:01:47,2028-02-19 18:14:17
3300,133,delivered,21493,EUR,2028-02-08 13:00:12,2028-02-09 09:57:22,2028-02-09 13:53:28
3301,95,delivered,35996,EUR,2028-02-08 15:50:24,2028-03-02 20:29:42,2028-03-03 01:24:40
3302,166,delivered,8997,EUR,2028-02-09 16:48:11,2028-02-28 04:27:23,2028-02-28 07:44:37
3303,10,delivered,20995,EUR,2028-02-09 18:47:16,2028-02-21 15:46:45,2028-02-21 19:20:56
3304,6,pending,5999,EUR,2028-02-10 12:27:09,2028-02-29 03:51:26,2028-02-29 08:02:46
3305,106,refunded,11998,GBP,2028-02-10 19:43:12,2028-02-14 15:07:57,2028-02-14 18:55:57
3306,48,paid,58993,EUR,2028-02-10 20:24:24,2028-02-27 08:09:17,2028-02-27 13:25:10
3307,107,paid,48990,AUD,2028-02-11 00:44:18,2028-03-01 07:52:25,2028-03-01 11:55:51
3308,157,cancelled,4998,EUR,2028-02-11 01:30:35,2028-02-17 16:52:22,2028-02-17 18:45:48
3309,10,pending,31994,EUR,2028-02-11 03:03:39,2028-03-02 04:30:46,2028-03-02 07:45:04
3310,5,delivered,17992,USD,2028-02-12 00:15:36,2028-02-16 07:37:03,2028-02-16 08:50:36
3311,27,cancelled,5999,EUR,2028-02-12 07:06:11,2028-03-06 14:49:31,2028-03-06 18:21:42
3312,73,refunded,39986,GBP,2028-02-12 16:35:13,2028-03-04 14:16:34,2028-03-04 15:19:26
3313,154,paid,24990,CAD,2028-02-13 04:00:46,2028-03-10 23:10:20,2028-03-11 00:19:22
3314,9,delivered,15995,EUR,2028-02-13 06:16:48,2028-03-13 03:02:29,2028-03-13 04:37:55
3315,197,paid,43993,EUR,2028-02-14 08:39:32,2028-02-17 23:35:39,2028-02-18 05:05:40
3316,76,paid,71993,GBP,2028-02-14 13:24:44,2028-03-10 01:13:02,2028-03-10 02:53:30
3317,41,refunded,17995,EUR,2028-02-14 17:10:23,2028-02-18 00:03:31,2028-02-18 06:00:50
3318,124,delivered,11996,GBP,2028-02-14 20:49:48,2028-02-17 04:55:01,2028-02-17 10:06:09
3319,164,delivered,32993,EUR,2028-02-15 05:28:48,2028-02-27 23:47:02,2028-02-28 02:16:06
3320,170,shipped,16996,USD,2028-02-15 08:11:38,2028-03-03 18:43:35,2028-03-03 22:19:18
3321,62,shipped,33992,EUR,2028-02-15 16:10:14,2028-02-16 12:26:01,2028-02-16 17:15:53
3322,60,shipped,32494,EUR,2028-02-15 21:33:07,2028-03-16 04:07:52,2028-03-16 05:36:45
3323,111,paid,16997,EUR,2028-02-16 11:29:21,2028-02-20 20:28:44,2028-02-21 01:35:47
3324,62,refunded,17996,EUR,2028-02-16 14:02:24,2028-03-06 04:05:20,2028-03-06 06:24:16
3325,51,delivered,2499,EUR,2028-02-17 00:48:56,2028-03-13 07:18:18,2028-03-13 10:43:17
3326,42,paid,30990,EUR,2028-02-17 02:24:10,2028-02-20 09:39:48,2028-02-20 14:10:35
3327,113,paid,50495,USD,2028-02-17 08:04:00,2028-03-13 22:23:18,2028-03-14 04:19:04
3328,13,paid,23991,EUR,2028-02-18 07:13:44,2028-02-22 16:47:57,2028-02-22 22:27:29
3329,54,delivered,38989,EUR,2028-02-18 19:52:03,2028-03-12 08:36:02,2028-03-12 14:27:19
3330,89,delivered,17495,EUR,2028-02-19 07:31:41,2028-03-05 19:56:45,2028-03-05 23:35:51
3331,23,refunded,9995,EUR,2028-02-19 14:02:43,2028-03-17 13:02:03,2028-03-17 16:40:40
3332,138,delivered,44986,EUR,2028-02-19 18:35:46,2028-02-23 10:47:14,2028-02-23 12:28:35
3333,114,delivered,10497,USD,2028-02-20 00:00:50,2028-03-15 06:51:34,2028-03-15 12:42:33
3334,57,paid,17994,EUR,2028-02-20 02:08:21,2028-03-20 18:21:27,2028-03-20 20:33:50
3335,68,cancelled,40492,AUD,2028-02-20 07:28:19,2028-03-08 21:40:24,2028-03-08 23:05:56
3336,89,paid,25993,EUR,2028-02-21 02:55:56,2028-03-08 17:49:14,2028-03-08 21:18:07
3337,148,paid,19997,EUR,2028-02-21 05:58:35,2028-03-21 20:56:25,2028-03-22 01:12:37
3338,98,shipped,22494,EUR,2028-02-22 00:49:08,2028-03-22 22:35:04,2028-03-23 03:51:52
3339,41,paid,58989,EUR,2028-02-22 06:34:23,2028-02-22 12:07:26,2028-02-22 14:43:14
3340,97,paid,20996,EUR,2028-02-22 07:48:59,2028-02-26 11:07:24,2028-02-26 12:37:08
3341,119,cancelled,32994,EUR,2028-02-22 22:04:32,2028-03-02 20:13:43,2028-03-02 22:00:50
3342,3,delivered,43990,EUR,2028-02-23 00:23:46,2028-03-15 11:50:18,2028-03-15 14:42:30
3343,36,refunded,13994,CAD,2028-02-23 02:25:40,2028-03-13 07:32:15,2028-03-13 11:39:23
3344,68,shipped,21491,AUD,2028-02-23 08:31:06,2028-03-14 00:41:48,2028-03-14 05:00:43
3345,138,cancelled,55989,EUR,2028-02-24 07:55:20,2028-02-26 23:44:10,2028-02-27 01:12:05
3346,191,refunded,11995,EUR,2028-02-24 21:18:27,2028-03-22 23:15:26,2028-03-23 01:42:57
3347,6,shipped,10996,EUR,2028-02-25 00:32:56,2028-03-11 15:14:39,2028-03-11 19:31:41
3348,35,delivered,25992,GBP,2028-02-25 07:28:00,2028-03-16 10:54:23,2028-03-16 13:39:38
3349,105,shipped,68989,EUR,2028-02-25 16:27:24,2028-03-07 18:44:12,2028-03-07 22:41:08
3350,113,delivered,63992,USD,2028-02-25 20:21:56,2028-03-09 16:20:53,2028-03-09 21:23:16
3351,115,delivered,22496,EUR,2028-02-25 21:12:03,2028-03-17 21:17:03,2028-03-18 02:36:55
3352,150,delivered,8997,EUR,2028-02-26 06:04:47,2028-03-07 12:52:26,2028-03-07 15:25:57
3353,138,delivered,22995,EUR,2028-02-26 12:09:07,2028-03-12 00:57:34,2028-03-12 05:07:52
3354,103,refunded,40988,AUD,2028-02-26 19:33:37,2028-03-05 22:12:45,2028-03-06 04:03:22
3355,17,paid,20992,GBP,2028-02-27 03:27:04,2028-03-10 04:29:47,2028-03-10 06:38:33
3356,104,delivered,14994,EUR,2028-02-27 19:07:29,2028-03-26 05:28:00,2028-03-26 09:13:27
3357,161,delivered,10996,EUR,2028-02-28 02:32:19,2028-03-07 03:33:22,2028-03-07 09:25:45
3358,27,delivered,2999,EUR,2028-02-28 03:20:03,2028-03-22 23:24:17,2028-03-23 04:25:19
3359,172,paid,44995,AUD,2028-02-28 05:53:11,2028-03-06 12:15:34,2028-03-06 18:05:46
3360,35,delivered,23993,GBP,2028-02-29 11:02:28,2028-03-03 11:34:28,2028-03-03 12:34:45
3361,117,delivered,3999,EUR,2028-02-29 16:10:54,2028-03-02 13:19:14,2028-03-02 16:05:07
3362,184,cancelled,7998,EUR,2028-02-29 22:04:19,2028-03-17 16:44:18,2028-03-17 17:49:00
3363,93,delivered,9996,AUD,2028-03-01 01:59:50,2028-03-26 13:38:06,2028-03-26 15:17:53
3364,168,shipped,13997,EUR,2028-03-01 15:32:16,2028-03-09 23:15:38,2028-03-10 02:56:18
3365,51,paid,73989,EUR,2028-03-02 00:34:14,2028-03-31 17:19:48,2028-03-31 21:18:36
3366,99,delivered,26992,EUR,2028-03-02 05:34:33,2028-04-01 04:41:59,2028-04-01 08:37:20
3367,132,delivered,51484,EUR,2028-03-03 04:13:25,2028-03-12 18:24:12,2028-03-12 20:04:37
3368,102,delivered,44991,EUR,2028-03-03 11:18:50,2028-03-18 05:16:59,2028-03-18 10:53:50
3369,30,delivered,8997,EUR,2028-03-03 19:41:52,2028-03-11 23:53:57,2028-03-12 01:15:14
3370,76,paid,19491,GBP,2028-03-04 04:54:38,2028-04-02 00:39:32,2028-04-02 02:20:27
3371,93,paid,9995,AUD,2028-03-04 13:58:09,2028-03-31 19:13:54,2028-03-31 22:16:11
3372,35,shipped,30491,GBP,2028-03-05 07:19:44,2028-03-06 00:50:38,2028-03-06 06:42:47
3373,46,shipped,13996,EUR,2028-03-05 11:26:59,2028-03-19 04:06:54,2028-03-19 07:43:36
3374,179,delivered,26995,GBP,2028-03-05 12:03:26,2028-03-08 06:43:37,2028-03-08 12:04:06
3375,166,shipped,5998,EUR,2028-03-05 15:24:26,2028-03-21 11:02:37,2028-03-21 16:45:26
3376,21,delivered,77976,EUR,2028-03-05 20:32:40,2028-03-20 12:21:37,2028-03-20 15:10:39
3377,56,shipped,40493,EUR,2028-03-06 00:33:17,2028-03-22 17:46:34,2028-03-22 21:34:02
3378,21,delivered,11994,EUR,2028-03-06 17:47:05,2028-03-06 21:59:47,2028-03-06 23:56:43
3379,30,pending,9995,EUR,2028-03-07 08:19:46,2028-03-26 08:46:27,2028-03-26 12:18:28
3380,115,delivered,51993,EUR,2028-03-07 20:23:49,2028-04-02 14:35:44,2028-04-02 19:05:25
3381,192,delivered,3999,CAD,2028-03-08 08:48:46,2028-04-01 21:14:09,2028-04-02 00:25:31
3382,157,paid,14493,EUR,2028-03-08 11:21:56,2028-03-19 00:15:07,2028-03-19 02:47:40
3383,71,delivered,22992,EUR,2028-03-08 13:20:15,2028-04-03 02:30:32,2028-04-03 08:15:24
3384,9,refunded,39495,EUR,2028-03-08 15:49:18,2028-03-29 02:42:03,2028-03-29 06:25:32
3385,95,shipped,27488,EUR,2028-03-08 22:15:03,2028-03-16 21:56:42,2028-03-17 03:20:55
3386,90,shipped,26991,CAD,2028-03-09 12:17:17,2028-04-02 15:12:32,2028-04-02 18:41:44
3387,24,paid,26997,EUR,2028-03-09 22:02:32,2028-03-15 22:03:09,2028-03-15 23:12:16
3388,172,shipped,33492,AUD,2028-03-10 03:13:01,2028-03-14 10:05:37,2028-03-14 12:23:50
3389,101,refunded,58489,USD,2028-03-10 08:00:38,2028-03-24 21:54:34,2028-03-25 02:43:41
3390,125,delivered,31990,GBP,2028-03-10 14:21:17,2028-04-05 18:34:56,2028-04-06 00:26:48
3391,35,delivered,7998,GBP,2028-03-11 18:15:39,2028-04-02 06:31:37,2028-04-02 10:14:06
3392,177,shipped,76989,EUR,2028-03-11 23:14:20,2028-04-09 20:21:38,2028-04-09 22:16:02
3393,137,delivered,27993,EUR,2028-03-12 05:11:34,2028-03-24 00:19:11,2028-03-24 04:07:22
3394,174,delivered,25994,EUR,2028-03-12 13:44:34,2028-04-10 07:44:15,2028-04-10 09:48:04
3395,191,delivered,84487,EUR,2028-03-12 15:40:50,2028-04-11 11:41:49,2028-04-11 17:06:08
3396,193,refunded,13996,EUR,2028-03-12 19:09:13,2028-03-31 04:00:00,2028-03-31 06:33:41
3397,55,delivered,34995,AUD,2028-03-13 01:33:49,2028-03-26 22:00:47,2028-03-27 02:36:16
3398,172,delivered,73985,AUD,2028-03-13 07:08:19,2028-03-19 21:30:22,2028-03-20 01:42:12
3399,150,cancelled,128984,EUR,2028-03-13 07:31:11,2028-03-20 07:07:20,2028-03-20 08:38:37
3400,77,delivered,8497,EUR,2028-03-13 17:21:10,2028-03-17 19:24:43,2028-03-18 01:05:11
3401,31,refunded,13496,EUR,2028-03-13 22:19:40,2028-03-31 07:28:03,2028-03-31 12:03:02
3402,109,paid,3998,CAD,2028-03-14 15:29:37,2028-04-10 17:21:25,2028-04-10 23:17:19
3403,38,paid,35992,EUR,2028-03-14 21:36:18,2028-03-17 03:54:43,2028-03-17 09:12:25
3404,185,delivered,102984,EUR,2028-03-15 17:57:32,2028-03-27 07:12:59,2028-03-27 10:03:10
3405,46,shipped,44994,EUR,2028-03-15 23:14:56,2028-04-09 05:38:44,2028-04-09 07:02:44
3406,140,shipped,40991,EUR,2028-03-16 01:52:20,2028-03-16 22:45:24,2028-03-17 03:03:26
3407,197,cancelled,23996,EUR,2028-03-16 23:48:19,2028-03-22 19:24:48,2028-03-23 01:05:06
3408,133,paid,23995,EUR,2028-03-17 04:22:54,2028-03-30 05:19:39,2028-03-30 08:42:50
3409,76,delivered,50991,GBP,2028-03-17 15:31:57,2028-03-31 13:06:59,2028-03-31 17:24:06
3410,145,paid,16496,USD,2028-03-18 05:01:26,2028-04-02 09:44:52,2028-04-02 15:25:07
3411,54,delivered,47996,EUR,2028-03-18 06:17:56,2028-04-01 05:43:55,2028-04-01 11:16:20
3412,167,shipped,29994,EUR,2028-03-18 09:10:36,2028-03-23 20:50:54,2028-03-24 00:50:31
3413,76,shipped,73987,GBP,2028-03-18 19:40:46,2028-04-14 09:09:47,2028-04-14 13:43:13
3414,113,delivered,30489,USD,2028-03-18 19:58:53,2028-04-15 22:31:55,2028-04-16 00:48:55
3415,177,shipped,11997,EUR,2028-03-19 00:53:26,2028-03-20 02:02:02,2028-03-20 03:07:50
3416,166,shipped,2999,EUR,2028-03-19 06:03:40,2028-03-27 09:45:18,2028-03-27 12:16:11
3417,117,shipped,5998,EUR,2028-03-19 21:28:41,2028-04-04 22:15:27,2028-04-05 00:14:47
3418,170,paid,18495,USD,2028-03-20 04:29:16,2028-04-05 14:54:25,2028-04-05 18:24:06
3419,99,delivered,54994,EUR,2028-03-20 12:01:53,2028-03-31 04:17:21,2028-03-31 06:05:33
3420,43,pending,15494,CAD,2028-03-20 17:54:04,2028-03-30 23:38:11,2028-03-31 02:01:33
3421,9,shipped,9996,EUR,2028-03-21 09:49:28,2028-04-11 23:56:29,2028-04-12 01:03:13
3422,178,paid,28492,EUR,2028-03-21 13:41:53,2028-03-30 11:52:24,2028-03-30 14:29:12
3423,198,paid,20996,EUR,2028-03-22 09:15:09,2028-04-05 17:52:22,2028-04-05 20:18:34
3424,30,shipped,24995,EUR,2028-03-22 11:17:28,2028-04-07 08:34:24,2028-04-07 11:19:58
3425,157,shipped,18996,EUR,2028-03-22 19:32:15,2028-04-03 09:34:41,2028-04-03 14:07:39
3426,39,delivered,21493,USD,2028-03-22 22:52:50,2028-04-16 22:53:48,2028-04-17 01:09:46
3427,67,shipped,79990,EUR,2028-03-22 23:14:04,2028-04-11 00:47:54,2028-04-11 06:18:22
3428,169,shipped,2999,EUR,2028-03-23 01:38:07,2028-04-21 03:12:06,2028-04-21 04:15:53
3429,185,shipped,26996,EUR,2028-03-23 12:51:16,2028-03-28 09:06:23,2028-03-28 14:07:37
3430,56,cancelled,2999,EUR,2028-03-23 16:46:57,2028-03-31 15:01:19,2028-03-31 16:07:12
3431,127,paid,4498,EUR,2028-03-23 19:36:58,2028-04-10 09:37:22,2028-04-10 12:33:50
3432,146,shipped,4999,CAD,2028-03-24 00:16:12,2028-04-05 01:14:41,2028-04-05 03:50:33
3433,75,delivered,44995,EUR,2028-03-24 01:39:30,2028-04-17 00:00:38,2028-04-17 04:34:05
3434,71,delivered,8997,EUR,2028-03-24 02:56:14,2028-03-31 00:55:34,2028-03-31 03:16:49
3435,186,shipped,13996,EUR,2028-03-24 20:42:09,2028-04-12 18:23:51,2028-04-12 23:07:56
3436,82,shipped,20493,USD,2028-03-25 00:22:11,2028-04-17 03:28:37,2028-04-17 04:44:37
3437,139,shipped,83992,USD,2028-03-25 06:35:25,2028-03-28 08:07:33,2028-03-28 12:07:13
3438,11,pending,11998,EUR,2028-03-26 04:00:12,2028-04-15 00:13:51,2028-04-15 03:12:08
3439,67,paid,3998,EUR,2028-03-26 15:15:18,2028-03-31 11:10:50,2028-03-31 16:05:53
3440,170,paid,64986,USD,2028-03-26 20:46:19,2028-04-04 09:20:12,2028-04-04 12:18:28
3441,154,refunded,25990,CAD,2028-03-27 01:53:00,2028-04-22 14:57:59,2028-04-22 17:15:06
3442,37,delivered,24492,CAD,2028-03-27 20:39:54,2028-04-22 21:58:11,2028-04-23 01:50:52
3443,73,delivered,2499,GBP,2028-03-27 21:38:11,2028-04-04 17:05:36,2028-04-04 19:20:24
3444,75,pending,19996,EUR,2028-03-28 08:50:47,2028-04-01 18:13:12,2028-04-01 20:18:01
3445,152,pending,7497,EUR,2028-03-28 16:36:13,2028-04-08 07:03:54,2028-04-08 09:50:36
3446,107,shipped,19997,AUD,2028-03-29 00:04:39,2028-04-03 02:00:40,2028-04-03 07:53:40
3447,31,delivered,59993,EUR,2028-03-29 07:14:10,2028-04-11 21:30:13,2028-04-11 23:06:40
3448,39,paid,78989,USD,2028-03-29 12:27:53,2028-04-18 06:56:24,2028-04-18 10:41:18
3449,116,paid,29995,EUR,2028-03-30 20:59:23,2028-04-02 15:52:31,2028-04-02 20:32:10
3450,90,delivered,57990,CAD,2028-03-30 23:46:05,2028-04-14 07:58:46,2028-04-14 10:56:41
3451,86,shipped,26997,EUR,2028-03-31 03:46:44,2028-04-11 20:12:37,2028-04-12 01:55:37
3452,138,delivered,13996,EUR,2028-03-31 05:33:55,2028-04-29 18:58:43,2028-04-29 23:41:13
3453,53,delivered,23993,EUR,2028-03-31 07:57:49,2028-04-22 04:58:52,2028-04-22 10:56:18
3454,25,delivered,34994,EUR,2028-04-01 01:30:33,2028-04-20 07:40:02,2028-04-20 11:51:23
3455,68,shipped,18994,AUD,2028-04-01 05:11:13,2028-04-24 16:23:14,2028-04-24 20:53:35
3456,57,delivered,19992,EUR,2028-04-01 10:14:15,2028-04-27 09:18:14,2028-04-27 14:36:17
3457,33,delivered,77492,EUR,2028-04-01 18:18:12,2028-04-02 16:20:14,2028-04-02 17:37:52
3458,41,paid,41985,EUR,2028-04-02 08:02:18,2028-04-19 22:16:45,2028-04-20 00:19:10
3459,1,paid,28491,AUD,2028-04-02 10:32:30,2028-04-28 12:47:56,2028-04-28 18:12:47
3460,125,pending,6997,GBP,2028-04-03 08:25:17,2028-04-06 01:25:51,2028-04-06 04:58:51
3461,145,paid,22493,USD,2028-04-03 16:09:49,2028-04-29 10:42:27,2028-04-29 13:07:51
3462,150,paid,7996,EUR,2028-04-04 04:34:40,2028-04-26 15:36:22,2028-04-26 20:37:43
3463,133,shipped,21990,EUR,2028-04-04 06:44:59,2028-04-11 00:34:56,2028-04-11 03:51:49
3464,89,shipped,69989,EUR,2028-04-04 13:42:27,2028-04-15 07:11:57,2028-04-15 11:18:28
3465,160,shipped,3998,EUR,2028-04-04 14:52:45,2028-04-27 16:17:17,2028-04-27 21:47:34
3466,139,delivered,38992,USD,2028-04-04 23:02:20,2028-04-13 20:46:25,2028-04-13 23:17:40
3467,36,delivered,51986,CAD,2028-04-05 10:44:28,2028-04-12 10:10:49,2028-04-12 11:31:31
3468,178,pending,23998,EUR,2028-04-05 14:30:58,2028-04-18 02:13:56,2028-04-18 06:28:31
3469,53,paid,46992,EUR,2028-04-06 00:52:00,2028-05-01 01:37:09,2028-05-01 03:06:55
3470,90,delivered,29490,CAD,2028-04-06 13:41:50,2028-05-04 03:28:12,2028-05-04 06:20:50
3471,7,delivered,65991,EUR,2028-04-06 21:54:33,2028-04-13 09:17:16,2028-04-13 11:48:26
3472,37,delivered,20994,CAD,2028-04-07 05:08:41,2028-05-07 03:41:13,2028-05-07 05:11:45
3473,101,paid,49991,USD,2028-04-07 07:22:17,2028-04-17 02:17:36,2028-04-17 03:24:25
3474,36,paid,24994,CAD,2028-04-07 07:59:24,2028-04-22 05:27:39,2028-04-22 11:17:08
3475,191,shipped,63984,EUR,2028-04-08 06:01:06,2028-04-21 11:58:44,2028-04-21 13:26:34
3476,137,delivered,49989,EUR,2028-04-08 15:47:10,2028-05-04 11:00:44,2028-05-04 14:08:07
3477,112,delivered,26997,AUD,2028-04-09 03:12:54,2028-05-05 00:31:34,2028-05-05 01:34:38
3478,117,shipped,32994,EUR,2028-04-09 13:46:50,2028-04-09 20:30:52,2028-04-09 23:31:00
3479,154,refunded,9996,CAD,2028-04-09 22:59:03,2028-05-09 21:54:33,2028-05-09 23:50:56
3480,9,pending,35997,EUR,2028-04-10 21:38:13,2028-05-08 23:37:52,2028-05-09 04:35:22
3481,97,delivered,31990,EUR,2028-04-10 22:08:48,2028-05-02 02:58:37,2028-05-02 07:19:17
3482,175,paid,21994,EUR,2028-04-11 07:21:20,2028-04-23 18:54:04,2028-04-23 20:51:17
3483,112,refunded,42993,AUD,2028-04-11 18:53:08,2028-04-27 03:34:59,2028-04-27 08:03:28
3484,123,delivered,54989,AUD,2028-04-12 01:10:06,2028-05-02 06:37:40,2028-05-02 08:10:17
3485,10,shipped,7497,EUR,2028-04-12 08:41:19,2028-04-30 08:35:22,2028-04-30 11:12:35
3486,148,delivered,23996,EUR,2028-04-12 17:30:13,2028-05-03 07:05:24,2028-05-03 10:00:56
3487,131,shipped,35996,CAD,2028-04-12 17:56:11,2028-04-24 12:01:22,2028-04-24 13:58:05
3488,24,refunded,41993,EUR,2028-04-13 02:18:49,2028-04-24 05:24:35,2028-04-24 09:23:54
3489,174,delivered,103984,EUR,2028-04-13 04:17:49,2028-05-06 08:45:57,2028-05-06 14:37:30
3490,17,paid,7497,GBP,2028-04-13 22:16:54,2028-05-03 06:51:44,2028-05-03 11:08:14
3491,127,cancelled,16496,EUR,2028-04-14 00:25:41,2028-04-28 22:46:43,2028-04-29 02:47:02
3492,43,refunded,18493,CAD,2028-04-14 06:40:12,2028-05-10 14:31:33,2028-05-10 15:57:09
3493,35,paid,5998,GBP,2028-04-14 09:03:48,2028-05-02 16:22:39,2028-05-02 18:29:37
3494,42,delivered,34995,EUR,2028-04-14 19:18:08,2028-05-01 00:48:06,2028-05-01 04:20:50
3495,55,pending,11994,AUD,2028-04-15 01:15:43,2028-04-28 03:10:16,2028-04-28 08:48:21
3496,98,delivered,9996,EUR,2028-04-15 06:57:42,2028-04-18 21:11:17,2028-04-18 23:52:47
3497,112,paid,49989,AUD,2028-04-15 07:11:22,2028-05-05 15:53:01,2028-05-05 20:25:41
3498,8,paid,4998,USD,2028-04-15 18:43:58,2028-04-19 09:21:26,2028-04-19 14:59:55
3499,197,delivered,29993,EUR,2028-04-16 16:04:55,2028-04-19 04:45:37,2028-04-19 07:50:54
3500,36,delivered,36993,CAD,2028-04-16 21:02:15,2028-05-01 07:48:48,2028-05-01 10:31:09
3501,20,delivered,86989,CAD,2028-04-17 04:33:02,2028-05-06 11:48:10,2028-05-06 16:55:35
3502,111,delivered,85988,EUR,2028-04-17 21:53:31,2028-05-17 02:55:12,2028-05-17 05:48:47
3503,45,delivered,25990,EUR,2028-04-18 04:18:04,2028-05-15 16:19:38,2028-05-15 20:13:11
3504,170,delivered,3499,USD,2028-04-18 08:16:44,2028-05-10 06:08:54,2028-05-10 07:54:49
3505,31,shipped,62993,EUR,2028-04-18 14:10:12,2028-05-16 02:30:25,2028-05-16 04:37:07
3506,114,paid,23996,USD,2028-04-19 00:41:50,2028-05-03 00:03:51,2028-05-03 05:09:44
3507,140,delivered,48991,EUR,2028-04-19 01:05:13,2028-04-23 03:40:55,2028-04-23 05:12:37
3508,158,shipped,54987,EUR,2028-04-19 17:11:02,2028-05-09 23:32:31,2028-05-10 03:44:35
3509,60,paid,38996,EUR,2028-04-19 17:23:58,2028-05-07 14:20:32,2028-05-07 15:27:03
3510,39,delivered,15495,USD,2028-04-20 04:14:38,2028-04-26 07:16:18,2028-04-26 12:27:13
3511,191,shipped,47994,EUR,2028-04-20 15:49:51,2028-05-03 23:12:03,2028-05-04 01:06:21
3512,65,delivered,1999,AUD,2028-04-20 21:14:00,2028-05-07 13:44:11,2028-05-07 19:33:43
3513,15,delivered,34993,GBP,2028-04-21 16:15:13,2028-05-05 01:51:45,2028-05-05 05:02:30
3514,158,cancelled,2999,EUR,2028-04-21 22:32:48,2028-05-12 22:40:57,2028-05-13 03:27:21
3515,39,refunded,8999,USD,2028-04-22 04:07:59,2028-05-10 16:59:48,2028-05-10 22:25:50
3516,97,pending,22994,EUR,2028-04-22 07:27:01,2028-05-17 14:37:20,2028-05-17 20:27:02
3517,104,paid,66986,EUR,2028-04-23 02:06:00,2028-05-20 12:00:51,2028-05-20 14:49:02
3518,90,shipped,33993,CAD,2028-04-23 07:38:22,2028-05-06 07:48:36,2028-05-06 12:01:54
3519,178,shipped,19994,EUR,2028-04-23 14:48:48,2028-05-13 11:24:18,2028-05-13 17:21:57
3520,6,delivered,9996,EUR,2028-04-23 17:23:20,2028-05-21 03:22:58,2028-05-21 08:03:05
3521,47,pending,92482,EUR,2028-04-24 07:10:26,2028-04-24 08:37:19,2028-04-24 14:30:13
3522,6,shipped,20991,EUR,2028-04-24 22:00:38,2028-05-20 10:09:59,2028-05-20 15:50:05
3523,175,delivered,15996,EUR,2028-04-24 23:39:05,2028-05-17 04:12:40,2028-05-17 09:24:43
3524,112,cancelled,44493,AUD,2028-04-25 02:03:33,2028-04-25 05:13:34,2028-04-25 08:00:21
3525,56,cancelled,14997,EUR,2028-04-25 09:54:03,2028-05-08 19:10:18,2028-05-08 22:15:07
3526,6,refunded,5998,EUR,2028-04-25 18:35:56,2028-04-26 00:01:44,2028-04-26 04:41:50
3527,112,delivered,22992,AUD,2028-04-25 21:50:46,2028-05-21 09:21:36,2028-05-21 14:23:23
3528,111,shipped,40486,EUR,2028-04-26 01:10:01,2028-05-02 03:32:05,2028-05-02 08:26:01
3529,132,delivered,11997,EUR,2028-04-26 04:47:53,2028-05-12 12:07:18,2028-05-12 16:52:55
3530,1,delivered,32988,AUD,2028-04-26 20:24:52,2028-05-04 06:03:33,2028-05-04 09:13:48
3531,153,delivered,5998,USD,2028-04-27 02:58:20,2028-05-03 00:35:47,2028-05-03 03:43:18
3532,132,paid,79988,EUR,2028-04-27 07:42:20,2028-05-21 03:07:32,2028-05-21 07:25:24
3533,133,paid,97988,EUR,2028-04-27 14:53:21,2028-04-28 06:41:47,2028-04-28 08:52:45
3534,197,cancelled,13995,EUR,2028-04-27 14:56:31,2028-05-14 08:01:55,2028-05-14 13:48:06
3535,117,delivered,19994,EUR,2028-04-28 03:29:34,2028-05-22 06:19:08,2028-05-22 10:35:19
3536,46,shipped,27990,EUR,2028-04-28 10:00:50,2028-05-23 18:13:06,2028-05-23 21:49:50
3537,106,shipped,27493,GBP,2028-04-28 15:34:31,2028-05-19 02:31:00,2028-05-19 04:27:06
3538,145,delivered,32490,USD,2028-04-29 03:04:39,2028-05-24 19:45:43,2028-05-25 00:54:43
3539,83,delivered,27994,AUD,2028-04-29 03:22:13,2028-05-23 05:45:33,2028-05-23 08:26:36
3540,30,shipped,53989,EUR,2028-04-29 21:34:32,2028-05-11 11:06:41,2028-05-11 16:01:35
3541,133,delivered,10497,EUR,2028-04-30 10:38:03,2028-05-02 00:42:24,2028-05-02 02:31:47
3542,21,delivered,28993,EUR,2028-04-30 21:41:57,2028-05-19 01:22:09,2028-05-19 07:09:03
3543,124,paid,100484,GBP,2028-05-01 02:07:21,2028-05-09 02:46:23,2028-05-09 06:43:31
3544,197,delivered,3998,EUR,2028-05-01 06:09:18,2028-05-11 09:03:48,2028-05-11 14:34:47
3545,14,delivered,18995,EUR,2028-05-01 20:34:12,2028-05-07 23:10:56,2028-05-08 02:56:08
3546,114,refunded,1999,USD,2028-05-01 23:18:36,2028-05-21 16:55:54,2028-05-21 21:31:41
3547,168,paid,47996,EUR,2028-05-02 18:00:28,2028-05-21 07:29:26,2028-05-21 12:37:47
3548,90,shipped,28490,CAD,2028-05-02 21:25:07,2028-05-03 07:21:16,2028-05-03 12:08:01
3549,177,delivered,37991,EUR,2028-05-03 01:24:11,2028-05-10 12:15:06,2028-05-10 17:11:23
3550,17,delivered,26997,GBP,2028-05-03 02:36:12,2028-05-07 00:18:25,2028-05-07 02:12:39
3551,178,pending,59992,EUR,2028-05-03 13:13:36,2028-05-25 08:02:27,2028-05-25 12:59:56
3552,95,cancelled,65490,EUR,2028-05-04 16:45:19,2028-05-31 07:54:41,2028-05-31 13:41:49
3553,48,refunded,10498,EUR,2028-05-04 17:01:55,2028-05-06 16:04:16,2028-05-06 20:44:15
3554,157,paid,32995,EUR,2028-05-04 21:23:23,2028-06-01 02:57:18,2028-06-01 07:21:25
3555,116,delivered,32994,EUR,2028-05-05 00:54:14,2028-05-19 20:43:17,2028-05-20 02:34:24
3556,158,pending,3499,EUR,2028-05-05 01:50:19,2028-05-21 15:59:36,2028-05-21 20:55:00
3557,104,paid,48991,EUR,2028-05-05 07:32:08,2028-05-18 15:15:55,2028-05-18 17:47:45
3558,6,delivered,9997,EUR,2028-05-06 10:48:26,2028-05-08 04:02:16,2028-05-08 05:17:09
3559,113,pending,8999,USD,2028-05-06 15:22:47,2028-05-24 10:29:50,2028-05-24 16:13:57
3560,48,shipped,35991,EUR,2028-05-06 22:53:35,2028-06-03 22:00:47,2028-06-04 03:01:11
3561,31,shipped,42491,EUR,2028-05-07 02:56:58,2028-06-03 01:57:22,2028-06-03 03:55:58
3562,146,pending,9996,CAD,2028-05-07 10:28:29,2028-05-29 21:08:25,2028-05-30 00:40:27
3563,9,shipped,30994,EUR,2028-05-07 19:34:31,2028-05-23 20:54:56,2028-05-24 01:50:30
3564,65,delivered,7996,AUD,2028-05-08 00:31:16,2028-05-28 17:36:58,2028-05-28 21:05:55
3565,148,paid,19994,EUR,2028-05-08 05:42:59,2028-05-30 23:15:19,2028-05-31 02:11:35
3566,83,delivered,27995,AUD,2028-05-08 15:51:12,2028-05-30 16:58:02,2028-05-30 17:59:24
3567,109,delivered,33989,CAD,2028-05-08 19:08:45,2028-05-30 20:51:27,2028-05-31 02:33:29
3568,175,refunded,3499,EUR,2028-05-09 12:38:40,2028-05-17 03:23:31,2028-05-17 08:56:50
3569,15,delivered,15995,GBP,2028-05-09 18:36:17,2028-06-06 10:08:12,2028-06-06 13:35:23
3570,148,pending,26997,EUR,2028-05-10 04:35:56,2028-05-27 05:21:38,2028-05-27 11:01:19
3571,97,shipped,7497,EUR,2028-05-10 08:11:26,2028-05-22 11:58:28,2028-05-22 14:38:29
3572,157,refunded,42490,EUR,2028-05-10 17:15:10,2028-05-19 01:00:29,2028-05-19 04:49:43
3573,78,delivered,24992,EUR,2028-05-11 02:52:20,2028-05-17 21:46:30,2028-05-18 02:28:06
3574,49,delivered,35991,EUR,2028-05-11 05:01:12,2028-06-07 09:55:41,2028-06-07 11:11:45
3575,31,cancelled,57988,EUR,2028-05-12 09:45:10,2028-05-31 07:30:57,2028-05-31 10:13:11
3576,138,refunded,68992,EUR,2028-05-12 15:56:55,2028-05-29 10:22:33,2028-05-29 15:49:35
3577,113,cancelled,80988,USD,2028-05-12 16:21:42,2028-05-17 15:19:35,2028-05-17 19:53:31
3578,82,delivered,19996,USD,2028-05-13 12:15:11,2028-05-25 00:18:36,2028-05-25 02:08:01
3579,27,shipped,11498,EUR,2028-05-13 13:24:12,2028-05-15 05:56:35,2028-05-15 09:29:36
3580,48,cancelled,3998,EUR,2028-05-13 15:00:22,2028-05-21 19:07:35,2028-05-21 21:36:22
3581,138,shipped,10496,EUR,2028-05-14 00:41:16,2028-05-16 18:56:51,2028-05-16 22:08:57
3582,52,paid,13996,EUR,2028-05-14 13:39:05,2028-06-02 04:53:02,2028-06-02 09:55:06
3583,186,delivered,40989,EUR,2028-05-14 17:41:46,2028-06-02 07:42:17,2028-06-02 13:33:48
3584,160,delivered,4498,EUR,2028-05-15 01:57:52,2028-05-23 03:27:58,2028-05-23 08:39:51
3585,111,paid,45988,EUR,2028-05-15 07:55:43,2028-05-17 12:37:43,2028-05-17 14:20:30
3586,77,paid,23992,EUR,2028-05-15 08:22:52,2028-05-17 08:33:59,2028-05-17 10:11:28
3587,27,delivered,30991,EUR,2028-05-15 14:20:23,2028-06-05 00:43:20,2028-06-05 02:43:39
3588,70,paid,13998,EUR,2028-05-16 03:03:35,2028-05-17 22:34:48,2028-05-18 03:29:03
3589,193,delivered,14996,EUR,2028-05-16 18:36:27,2028-05-17 03:43:53,2028-05-17 08:10:32
3590,45,shipped,25994,EUR,2028-05-17 02:00:05,2028-05-18 22:36:55,2028-05-19 02:31:03
3591,89,delivered,33993,EUR,2028-05-17 13:46:45,2028-06-03 12:58:08,2028-06-03 15:19:28
3592,86,cancelled,51992,EUR,2028-05-18 09:28:27,2028-06-07 06:03:07,2028-06-07 08:49:44
3593,98,delivered,17996,EUR,2028-05-18 19:03:18,2028-06-04 23:51:41,2028-06-05 03:37:08
3594,25,paid,20995,EUR,2028-05-18 20:28:13,2028-06-14 15:32:55,2028-06-14 18:58:49
3595,7,refunded,9996,EUR,2028-05-18 23:17:37,2028-05-25 17:39:10,2028-05-25 20:16:37
3596,103,paid,39994,AUD,2028-05-19 04:14:48,2028-06-05 15:32:27,2028-06-05 17:34:00
3597,8,paid,9996,USD,2028-05-19 06:51:00,2028-06-03 10:42:39,2028-06-03 15:52:19
3598,109,delivered,8999,CAD,2028-05-19 12:22:18,2028-05-21 08:42:06,2028-05-21 11:40:40
3599,55,delivered,15996,AUD,2028-05-19 21:06:56,2028-06-04 16:03:26,2028-06-04 18:28:48
3600,162,delivered,14498,EUR,2028-05-19 21:35:09,2028-05-26 17:04:02,2028-05-26 22:03:31
3601,95,refunded,63492,EUR,2028-05-20 00:51:01,2028-06-05 05:14:44,2028-06-05 06:20:19
3602,93,paid,23998,AUD,2028-05-20 07:25:45,2028-06-10 09:09:20,2028-06-10 11:27:51
3603,133,shipped,39990,EUR,2028-05-20 20:16:46,2028-06-06 14:35:47,2028-06-06 16:08:12
3604,5,delivered,8997,USD,2028-05-21 02:05:51,2028-05-28 01:27:40,2028-05-28 04:20:03
3605,170,paid,37490,USD,2028-05-21 07:01:59,2028-06-09 16:01:56,2028-06-09 20:18:42
3606,196,paid,57989,AUD,2028-05-21 10:43:42,2028-06-11 02:24:00,2028-06-11 06:04:31
3607,46,delivered,41983,EUR,2028-05-21 13:39:31,2028-05-25 14:29:01,2028-05-25 17:34:57
3608,1,paid,11996,AUD,2028-05-22 08:13:26,2028-05-22 16:52:02,2028-05-22 22:37:04
3609,30,delivered,35996,EUR,2028-05-22 10:36:20,2028-06-09 21:30:26,2028-06-10 01:10:16
3610,198,shipped,18493,EUR,2028-05-23 02:41:18,2028-05-31 09:54:19,2028-05-31 13:11:55
3611,13,shipped,35996,EUR,2028-05-23 08:31:49,2028-06-14 15:35:25,2028-06-14 19:53:12
3612,52,shipped,7998,EUR,2028-05-23 20:02:43,2028-06-05 06:45:07,2028-06-05 09:04:00
3613,109,shipped,77487,CAD,2028-05-24 02:47:40,2028-05-30 04:51:11,2028-05-30 07:07:27
3614,161,delivered,1999,EUR,2028-05-24 05:34:57,2028-06-01 10:06:08,2028-06-01 11:53:30
3615,102,paid,31991,EUR,2028-05-24 12:23:43,2028-06-01 21:14:51,2028-06-02 00:13:47
3616,72,delivered,15996,EUR,2028-05-25 07:28:07,2028-06-16 22:50:23,2028-06-17 02:54:43
3617,11,paid,7497,EUR,2028-05-25 14:23:52,2028-05-29 18:04:57,2028-05-29 19:13:06
3618,32,delivered,75486,EUR,2028-05-25 17:47:23,2028-06-10 00:11:57,2028-06-10 04:30:53
3619,178,delivered,48494,EUR,2028-05-26 01:17:45,2028-05-30 08:00:06,2028-05-30 11:12:39
3620,93,delivered,51988,AUD,2028-05-26 01:37:21,2028-06-15 21:32:32,2028-06-15 23:58:40
3621,41,shipped,15995,EUR,2028-05-26 17:06:42,2028-06-13 02:47:31,2028-06-13 07:11:39
3622,169,refunded,40495,EUR,2028-05-27 13:46:34,2028-06-10 10:39:50,2028-06-10 15:59:08
3623,114,refunded,14493,USD,2028-05-27 17:42:16,2028-06-14 06:40:41,2028-06-14 09:22:34
3624,20,delivered,33992,CAD,2028-05-27 20:57:27,2028-06-12 04:06:45,2028-06-12 09:57:48
3625,127,cancelled,1999,EUR,2028-05-28 00:07:04,2028-05-28 19:56:51,2028-05-28 21:48:32
3626,132,paid,29994,EUR,2028-05-28 01:11:26,2028-06-04 17:14:00,2028-06-04 22:55:08
3627,117,delivered,20994,EUR,2028-05-28 04:41:15,2028-05-29 00:57:32,2028-05-29 05:32:54
3628,125,paid,17998,GBP,2028-05-28 07:13:00,2028-06-26 03:28:18,2028-06-26 05:48:47
3629,152,paid,44493,EUR,2028-05-28 07:15:10,2028-06-04 08:31:26,2028-06-04 13:05:02
3630,114,delivered,44994,USD,2028-05-28 10:21:26,2028-06-05 07:55:23,2028-06-05 11:47:39
3631,168,delivered,15494,EUR,2028-05-28 22:40:21,2028-05-30 23:51:42,2028-05-31 04:37:58
3632,185,refunded,16494,EUR,2028-05-29 12:07:40,2028-06-18 09:39:20,2028-06-18 13:12:56
3633,168,shipped,48987,EUR,2028-05-29 12:44:46,2028-06-06 16:26:07,2028-06-06 18:28:20
3634,166,shipped,12996,EUR,2028-05-29 18:14:08,2028-06-20 06:58:50,2028-06-20 10:25:55
3635,56,shipped,18996,EUR,2028-05-30 02:38:44,2028-06-21 13:17:17,2028-06-21 14:45:05
3636,7,delivered,23494,EUR,2028-05-30 10:32:52,2028-06-23 06:36:17,2028-06-23 12:35:20
3637,150,paid,39493,EUR,2028-05-30 12:01:43,2028-06-08 15:36:11,2028-06-08 17:26:11
3638,170,paid,4998,USD,2028-05-31 01:55:49,2028-06-13 13:27:10,2028-06-13 19:22:59
3639,112,delivered,38996,AUD,2028-05-31 03:25:25,2028-06-08 04:01:00,2028-06-08 05:41:40
3640,42,paid,47489,EUR,2028-05-31 14:31:25,2028-06-13 20:55:19,2028-06-13 22:38:05
3641,17,shipped,7497,GBP,2028-06-01 13:33:08,2028-06-03 06:59:02,2028-06-03 12:49:31
3642,71,delivered,60491,EUR,2028-06-01 22:38:59,2028-06-06 05:13:17,2028-06-06 07:21:40
3643,55,paid,35996,AUD,2028-06-01 22:55:21,2028-06-11 05:32:57,2028-06-11 06:50:18
3644,196,refunded,54989,AUD,2028-06-02 02:50:14,2028-07-01 03:12:37,2028-07-01 08:34:52
3645,173,delivered,3998,EUR,2028-06-02 12:26:51,2028-06-11 14:22:59,2028-06-11 17:31:37
3646,52,delivered,37492,EUR,2028-06-03 10:38:09,2028-06-27 11:09:27,2028-06-27 15:41:51
3647,17,shipped,33986,GBP,2028-06-03 22:51:54,2028-06-14 18:23:23,2028-06-14 21:47:23
3648,191,delivered,73485,EUR,2028-06-04 16:51:36,2028-06-13 17:29:46,2028-06-13 21:40:46
3649,35,delivered,22993,GBP,2028-06-04 17:56:37,2028-06-09 15:48:42,2028-06-09 18:38:50
3650,139,shipped,10497,USD,2028-06-05 00:21:03,2028-06-15 16:27:20,2028-06-15 21:32:40
3651,115,pending,15996,EUR,2028-06-05 05:33:58,2028-06-28 00:12:57,2028-06-28 02:36:41
3652,89,shipped,117987,EUR,2028-06-05 15:03:45,2028-06-19 12:20:16,2028-06-19 13:53:47
3653,77,refunded,25996,EUR,2028-06-06 15:30:33,2028-06-21 15:08:36,2028-06-21 16:11:56
3654,73,paid,23996,GBP,2028-06-06 22:35:11,2028-06-17 17:49:22,2028-06-17 22:26:21
3655,90,shipped,24994,CAD,2028-06-07 05:09:30,2028-06-21 13:17:35,2028-06-21 14:51:36
3656,31,shipped,60992,EUR,2028-06-07 13:11:38,2028-06-16 05:21:47,2028-06-16 08:52:21
3657,125,delivered,11999,GBP,2028-06-08 05:06:25,2028-06-21 19:58:52,2028-06-21 22:59:07
3658,124,delivered,39991,GBP,2028-06-08 16:10:19,2028-07-01 15:26:38,2028-07-01 19:34:36
3659,198,paid,25492,EUR,2028-06-08 21:12:45,2028-06-09 09:11:53,2028-06-09 13:26:30
3660,140,paid,12996,EUR,2028-06-09 09:01:00,2028-07-07 15:49:41,2028-07-07 18:28:59
3661,178,delivered,60986,EUR,2028-06-09 18:00:08,2028-06-27 18:22:45,2028-06-27 23:13:35
3662,68,shipped,47991,AUD,2028-06-09 19:45:26,2028-06-29 03:26:45,2028-06-29 06:53:19
3663,111,shipped,45490,EUR,2028-06-10 05:50:56,2028-06-29 06:35:18,2028-06-29 10:22:38
3664,43,delivered,36993,CAD,2028-06-10 12:07:57,2028-07-03 12:26:54,2028-07-03 18:23:08
3665,20,refunded,9996,CAD,2028-06-10 13:46:06,2028-07-03 20:24:58,2028-07-04 00:46:08
3666,191,delivered,68993,EUR,2028-06-10 22:28:46,2028-07-03 09:22:20,2028-07-03 13:51:46
3667,127,delivered,13996,EUR,2028-06-11 02:59:09,2028-06-20 01:48:16,2028-06-20 05:13:29
3668,3,delivered,49993,EUR,2028-06-11 04:32:02,2028-06-20 20:49:42,2028-06-21 01:56:14
3669,178,delivered,3999,EUR,2028-06-11 07:57:17,2028-07-07 15:46:58,2028-07-07 21:23:30
3670,67,shipped,28995,EUR,2028-06-11 08:29:58,2028-07-01 02:00:50,2028-07-01 06:03:34
3671,40,cancelled,27992,EUR,2028-06-11 13:54:17,2028-06-24 06:40:11,2028-06-24 07:54:46
3672,5,shipped,38996,USD,2028-06-11 17:03:37,2028-07-04 16:21:51,2028-07-04 19:12:10
3673,23,shipped,13995,EUR,2028-06-12 07:50:31,2028-06-26 05:16:50,2028-06-26 07:24:10
3674,20,shipped,52990,CAD,2028-06-12 08:01:34,2028-06-30 02:19:45,2028-06-30 06:21:57
3675,90,delivered,45492,CAD,2028-06-12 19:52:13,2028-07-01 12:48:23,2028-07-01 16:20:06
3676,112,paid,13998,AUD,2028-06-13 05:37:26,2028-06-22 15:33:52,2028-06-22 17:21:15
3677,76,paid,61990,GBP,2028-06-13 07:31:39,2028-06-21 20:55:19,2028-06-22 00:36:36
3678,179,refunded,22492,GBP,2028-06-13 13:38:22,2028-06-17 13:47:16,2028-06-17 18:51:43
3679,75,delivered,65485,EUR,2028-06-13 21:17:42,2028-06-19 23:00:27,2028-06-20 04:50:46
3680,102,delivered,65985,EUR,2028-06-14 00:07:58,2028-07-10 22:40:09,2028-07-11 02:42:09
3681,166,cancelled,43489,EUR,2028-06-14 18:15:39,2028-06-20 17:49:20,2028-06-20 18:56:08
3682,89,pending,24992,EUR,2028-06-15 01:03:58,2028-07-13 06:10:26,2028-07-13 10:17:54
3683,40,delivered,98483,EUR,2028-06-15 05:28:49,2028-06-29 09:32:50,2028-06-29 14:09:12
3684,115,delivered,23995,EUR,2028-06-16 01:13:50,2028-06-16 02:38:11,2028-06-16 08:16:59
3685,18,paid,29995,USD,2028-06-16 12:19:00,2028-06-20 06:45:50,2028-06-20 10:37:02
3686,168,shipped,49994,EUR,2028-06-16 22:18:06,2028-06-24 06:12:28,2028-06-24 10:50:45
3687,38,delivered,11997,EUR,2028-06-17 03:23:15,2028-06-17 04:23:04,2028-06-17 09:33:49
3688,58,shipped,34993,EUR,2028-06-17 21:53:36,2028-06-18 00:38:01,2028-06-18 05:43:32
3689,152,delivered,19995,EUR,2028-06-18 16:27:12,2028-06-21 20:07:30,2028-06-21 23:47:28
3690,192,paid,93983,CAD,2028-06-18 22:40:18,2028-07-18 11:11:15,2028-07-18 16:24:23
3691,106,delivered,43489,GBP,2028-06-19 02:06:06,2028-06-26 23:52:45,2028-06-27 01:46:42
3692,99,delivered,14994,EUR,2028-06-19 18:55:57,2028-07-09 09:40:13,2028-07-09 14:55:55
3693,164,cancelled,23996,EUR,2028-06-19 19:36:12,2028-07-03 10:45:28,2028-07-03 12:31:14
3694,169,paid,11996,EUR,2028-06-20 13:41:10,2028-07-15 02:19:48,2028-07-15 05:04:53
3695,3,paid,25991,EUR,2028-06-20 17:48:24,2028-07-12 19:27:47,2028-07-12 22:28:42
3696,169,delivered,48991,EUR,2028-06-21 10:21:21,2028-06-22 19:21:28,2028-06-23 00:47:03
3697,41,paid,11998,EUR,2028-06-21 10:25:09,2028-07-06 10:18:29,2028-07-06 15:51:28
3698,158,paid,26997,EUR,2028-06-22 01:28:31,2028-07-21 01:28:13,2028-07-21 03:58:50
3699,198,shipped,21993,EUR,2028-06-22 02:51:52,2028-06-27 01:15:37,2028-06-27 06:51:18
3700,15,cancelled,55489,GBP,2028-06-22 08:23:26,2028-07-08 01:12:05,2028-07-08 05:58:23
3701,167,shipped,24993,EUR,2028-06-22 13:30:59,2028-07-15 13:49:51,2028-07-15 19:36:43
3702,101,delivered,9996,USD,2028-06-22 19:20:55,2028-07-11 04:22:53,2028-07-11 09:50:14
3703,27,paid,15994,EUR,2028-06-23 06:10:48,2028-07-18 08:03:02,2028-07-18 13:13:08
3704,168,paid,32496,EUR,2028-06-23 09:17:02,2028-06-29 04:20:51,2028-06-29 10:00:00
3705,13,cancelled,2499,EUR,2028-06-23 13:48:39,2028-07-20 22:03:06,2028-07-21 02:26:13
3706,174,cancelled,34988,EUR,2028-06-23 15:30:01,2028-07-12 17:29:40,2028-07-12 21:06:23
3707,30,cancelled,11997,EUR,2028-06-23 16:08:31,2028-07-04 03:45:58,2028-07-04 08:43:39
3708,140,delivered,50486,EUR,2028-06-23 17:06:44,2028-07-13 15:26:09,2028-07-13 18:17:14
3709,152,refunded,15998,EUR,2028-06-24 10:59:30,2028-07-19 04:18:07,2028-07-19 10:08:16
3710,53,paid,34994,EUR,2028-06-24 18:34:42,2028-06-28 15:50:44,2028-06-28 17:27:10
3711,54,delivered,27492,EUR,2028-06-25 03:22:47,2028-07-13 05:27:07,2028-07-13 07:41:09
3712,115,refunded,54990,EUR,2028-06-25 11:26:54,2028-07-06 19:52:21,2028-07-06 21:00:38
3713,179,delivered,7996,GBP,2028-06-25 20:45:40,2028-07-01 03:18:53,2028-07-01 06:59:13
3714,164,paid,17993,EUR,2028-06-26 06:24:29,2028-07-20 19:13:29,2028-07-20 20:37:49
3715,102,delivered,10997,EUR,2028-06-26 15:38:58,2028-07-24 08:29:16,2028-07-24 13:38:53
3716,45,cancelled,29991,EUR,2028-06-26 17:35:28,2028-07-14 20:52:01,2028-07-14 22:13:36
3717,133,paid,23491,EUR,2028-06-27 13:49:57,2028-07-21 22:58:50,2028-07-22 00:55:28
3718,37,delivered,39987,CAD,2028-06-27 20:00:48,2028-07-06 13:17:44,2028-07-06 15:58:02
3719,71,delivered,23996,EUR,2028-06-27 20:36:49,2028-07-16 05:11:43,2028-07-16 07:29:23
3720,114,paid,23995,USD,2028-06-28 03:39:46,2028-07-05 01:46:12,2028-07-05 03:29:22
3721,20,delivered,41993,CAD,2028-06-28 12:49:26,2028-07-22 21:24:00,2028-07-23 01:58:08
3722,67,paid,2999,EUR,2028-06-29 00:28:34,2028-07-12 15:40:36,2028-07-12 17:06:48
3723,53,delivered,52991,EUR,2028-06-29 13:27:51,2028-07-28 02:36:25,2028-07-28 07:45:00
3724,125,shipped,13996,GBP,2028-06-29 14:43:25,2028-07-18 20:26:25,2028-07-19 01:27:15
3725,153,delivered,63988,USD,2028-06-29 21:33:14,2028-07-15 20:35:06,2028-07-16 00:08:57
3726,54,refunded,7497,EUR,2028-06-30 20:00:14,2028-07-16 20:43:11,2028-07-17 01:53:17
3727,131,refunded,15993,CAD,2028-06-30 23:03:01,2028-07-29 03:01:55,2028-07-29 05:49:45
3728,117,refunded,5998,EUR,2028-07-01 02:23:41,2028-07-17 05:17:33,2028-07-17 07:00:04
3729,8,shipped,3998,USD,2028-07-01 09:14:19,2028-07-13 05:32:07,2028-07-13 11:31:39
3730,41,paid,31995,EUR,2028-07-01 17:38:23,2028-07-09 23:39:46,2028-07-10 01:36:34
3731,191,paid,51991,EUR,2028-07-01 23:15:31,2028-07-23 05:09:21,2028-07-23 07:46:06
3732,49,delivered,70988,EUR,2028-07-02 07:51:37,2028-07-14 06:18:14,2028-07-14 08:19:12
3733,17,delivered,60985,GBP,2028-07-02 08:15:37,2028-07-17 05:07:30,2028-07-17 06:56:05
3734,49,shipped,8997,EUR,2028-07-02 11:32:52,2028-07-19 07:33:35,2028-07-19 10:22:15
3735,98,delivered,87986,EUR,2028-07-02 12:18:44,2028-08-01 02:40:02,2028-08-01 07:21:01
3736,191,refunded,11996,EUR,2028-07-02 14:39:10,2028-07-06 17:26:41,2028-07-06 20:37:27
3737,168,shipped,26497,EUR,2028-07-03 16:33:28,2028-07-13 18:30:53,2028-07-13 21:23:08
3738,172,paid,45990,AUD,2028-07-03 18:33:55,2028-07-05 18:19:11,2028-07-05 23:27:32
3739,198,paid,38491,EUR,2028-07-03 19:27:19,2028-07-30 09:59:35,2028-07-30 15:48:53
3740,89,paid,36987,EUR,2028-07-04 02:04:04,2028-07-20 05:17:49,2028-07-20 07:32:17
3741,42,delivered,6998,EUR,2028-07-04 08:51:46,2028-07-19 20:57:22,2028-07-20 00:43:37
3742,93,delivered,65988,AUD,2028-07-04 17:05:13,2028-07-11 23:18:39,2028-07-12 01:16:51
3743,140,pending,32495,EUR,2028-07-05 07:34:47,2028-07-16 09:07:29,2028-07-16 10:16:32
3744,116,delivered,18496,EUR,2028-07-05 18:14:27,2028-07-18 06:40:34,2028-07-18 12:31:26
3745,200,paid,53988,CAD,2028-07-05 22:56:34,2028-07-11 02:45:01,2028-07-11 04:56:25
3746,35,refunded,7996,GBP,2028-07-06 06:35:58,2028-08-01 18:24:17,2028-08-01 22:18:02
3747,3,delivered,30986,EUR,2028-07-06 09:58:48,2028-07-24 08:03:36,2028-07-24 11:39:05
3748,3,cancelled,86485,EUR,2028-07-06 11:21:50,2028-07-09 07:41:43,2028-07-09 10:56:18
3749,99,delivered,17996,EUR,2028-07-07 05:09:19,2028-07-30 04:18:33,2028-07-30 06:39:46
3750,17,shipped,32492,GBP,2028-07-07 12:55:37,2028-07-19 06:50:59,2028-07-19 11:12:40
3751,93,paid,70988,AUD,2028-07-07 20:36:28,2028-07-28 09:55:07,2028-07-28 15:15:27
3752,35,shipped,20994,GBP,2028-07-08 16:33:24,2028-08-04 14:59:44,2028-08-04 19:40:01
3753,52,shipped,26997,EUR,2028-07-08 23:31:23,2028-07-31 15:53:32,2028-07-31 17:54:01
3754,138,delivered,17495,EUR,2028-07-09 06:19:53,2028-07-19 14:39:17,2028-07-19 17:54:18
3755,7,shipped,44991,EUR,2028-07-09 23:22:15,2028-07-26 01:38:36,2028-07-26 03:18:25
3756,7,shipped,11996,EUR,2028-07-10 09:42:40,2028-07-20 23:24:39,2028-07-21 04:34:49
3757,179,cancelled,38996,GBP,2028-07-10 10:37:10,2028-07-30 17:57:06,2028-07-30 20:07:31
3758,137,refunded,39493,EUR,2028-07-10 16:48:45,2028-07-24 04:05:19,2028-07-24 05:24:26
3759,153,delivered,8999,USD,2028-07-11 07:37:22,2028-07-11 11:49:21,2028-07-11 14:24:56
3760,127,shipped,30994,EUR,2028-07-11 17:26:59,2028-07-28 20:55:56,2028-07-29 02:21:00
3761,36,cancelled,21991,CAD,2028-07-12 03:15:10,2028-07-29 18:01:49,2028-07-29 21:32:05
3762,73,delivered,23994,GBP,2028-07-12 13:46:45,2028-07-13 12:27:33,2028-07-13 16:39:29
3763,49,pending,30493,EUR,2028-07-12 20:10:44,2028-07-13 02:00:57,2028-07-13 03:47:09
3764,40,paid,5999,EUR,2028-07-13 00:51:48,2028-07-26 05:09:52,2028-07-26 08:35:06
3765,199,delivered,26997,EUR,2028-07-13 12:42:23,2028-07-14 12:56:11,2028-07-14 14:42:02
3766,10,refunded,23992,EUR,2028-07-14 06:21:43,2028-07-30 05:42:55,2028-07-30 08:11:27
3767,148,delivered,17994,EUR,2028-07-14 09:02:49,2028-07-30 21:20:50,2028-07-31 02:34:07
3768,53,delivered,2499,EUR,2028-07-14 11:03:44,2028-07-14 12:46:28,2028-07-14 16:13:33
3769,71,shipped,55992,EUR,2028-07-14 12:08:42,2028-08-03 13:34:17,2028-08-03 17:44:21
3770,57,delivered,29493,EUR,2028-07-14 13:09:06,2028-08-05 01:26:00,2028-08-05 03:16:45
3771,119,shipped,35493,EUR,2028-07-15 19:17:03,2028-08-01 19:27:39,2028-08-02 01:17:56
3772,132,delivered,47492,EUR,2028-07-15 22:35:35,2028-08-03 20:19:24,2028-08-04 01:18:55
3773,86,delivered,29991,EUR,2028-07-16 03:15:23,2028-08-13 17:35:47,2028-08-13 20:59:40
3774,170,refunded,29993,USD,2028-07-16 11:59:24,2028-08-01 01:09:53,2028-08-01 05:02:46
3775,33,refunded,5998,EUR,2028-07-16 19:15:59,2028-08-02 02:13:43,2028-08-02 07:41:01
3776,36,delivered,21992,CAD,2028-07-16 20:14:13,2028-08-07 12:29:34,2028-08-07 17:10:41
3777,70,paid,21995,EUR,2028-07-17 13:05:48,2028-08-01 04:16:21,2028-08-01 05:59:22
3778,104,delivered,18495,EUR,2028-07-17 16:32:44,2028-08-14 18:54:18,2028-08-14 20:14:36
3779,146,paid,32993,CAD,2028-07-18 09:53:47,2028-07-23 15:20:25,2028-07-23 17:08:48
3780,164,delivered,17998,EUR,2028-07-18 10:26:20,2028-08-02 16:34:49,2028-08-02 17:42:12
3781,109,delivered,35996,CAD,2028-07-18 15:57:28,2028-08-07 09:52:05,2028-08-07 14:22:34
3782,132,shipped,14997,EUR,2028-07-19 03:21:45,2028-07-26 12:43:32,2028-07-26 14:46:39
3783,40,refunded,18493,EUR,2028-07-19 13:26:29,2028-08-05 00:33:49,2028-08-05 04:53:41
3784,106,delivered,11998,GBP,2028-07-20 02:00:56,2028-08-08 07:46:07,2028-08-08 11:24:20
3785,46,delivered,8999,EUR,2028-07-20 06:44:28,2028-08-10 04:17:13,2028-08-10 07:08:26
3786,97,delivered,22493,EUR,2028-07-20 19:13:27,2028-08-03 06:51:03,2028-08-03 10:45:47
3787,77,delivered,45993,EUR,2028-07-21 03:17:25,2028-08-02 02:10:39,2028-08-02 05:42:52
3788,78,cancelled,80992,EUR,2028-07-21 04:18:08,2028-07-23 11:15:57,2028-07-23 12:52:31
3789,80,paid,7997,EUR,2028-07-21 05:05:59,2028-07-28 07:49:26,2028-07-28 13:36:45
3790,73,refunded,29491,GBP,2028-07-22 08:28:30,2028-08-15 03:10:23,2028-08-15 05:36:02
3791,72,paid,83984,EUR,2028-07-22 16:16:13,2028-07-23 12:37:44,2028-07-23 15:05:18
3792,125,delivered,77984,GBP,2028-07-23 17:31:26,2028-08-03 23:55:15,2028-08-04 04:36:46
3793,58,refunded,32991,EUR,2028-07-23 18:51:32,2028-08-12 10:06:05,2028-08-12 12:48:39
3794,177,delivered,59984,EUR,2028-07-23 21:39:14,2028-08-16 14:51:21,2028-08-16 18:07:29
3795,23,refunded,26495,EUR,2028-07-24 00:48:32,2028-08-17 17:58:05,2028-08-17 23:22:03
3796,75,paid,39486,EUR,2028-07-24 16:48:23,2028-08-14 16:28:11,2028-08-14 20:27:03
3797,35,delivered,50491,GBP,2028-07-25 01:30:38,2028-08-05 21:31:48,2028-08-06 01:27:55
3798,31,cancelled,31490,EUR,2028-07-25 02:38:42,2028-08-06 03:17:59,2028-08-06 08:31:59
3799,137,cancelled,25993,EUR,2028-07-25 18:16:27,2028-07-31 17:14:14,2028-07-31 19:33:39
3800,38,refunded,7998,EUR,2028-07-25 23:35:44,2028-08-23 17:20:24,2028-08-23 22:01:17
3801,54,shipped,59990,EUR,2028-07-26 02:38:47,2028-08-17 09:33:58,2028-08-17 14:21:25
3802,152,delivered,11996,EUR,2028-07-26 04:32:53,2028-07-31 19:10:17,2028-07-31 22:45:01
3803,179,shipped,8997,GBP,2028-07-27 01:41:25,2028-07-29 05:11:29,2028-07-29 06:58:37
3804,5,delivered,14996,USD,2028-07-27 02:29:37,2028-08-13 16:43:49,2028-08-13 22:20:15
3805,76,delivered,35997,GBP,2028-07-27 14:09:38,2028-08-18 06:33:04,2028-08-18 11:27:12
3806,31,shipped,23494,EUR,2028-07-28 03:15:18,2028-08-22 20:42:14,2028-08-23 00:27:04
3807,140,delivered,74984,EUR,2028-07-28 03:31:16,2028-08-11 23:55:45,2028-08-12 01:34:59
3808,57,delivered,46988,EUR,2028-07-28 18:07:08,2028-08-05 21:43:34,2028-08-06 00:37:28
3809,192,shipped,17494,CAD,2028-07-29 00:01:50,2028-08-20 00:00:41,2028-08-20 03:33:38
3810,113,paid,12996,USD,2028-07-29 10:50:32,2028-08-15 02:51:52,2028-08-15 04:15:25
3811,121,delivered,26997,EUR,2028-07-29 17:26:38,2028-08-01 22:34:09,2028-08-02 04:13:14
3812,68,delivered,54993,AUD,2028-07-30 08:44:27,2028-08-27 01:56:33,2028-08-27 06:51:17
3813,7,delivered,28994,EUR,2028-07-30 12:20:16,2028-08-02 22:55:47,2028-08-03 03:39:26
3814,95,delivered,39988,EUR,2028-07-31 00:46:45,2028-08-22 02:07:55,2028-08-22 05:35:22
3815,113,delivered,17994,USD,2028-07-31 01:12:25,2028-08-07 20:53:51,2028-08-07 22:31:40
3816,62,delivered,19997,EUR,2028-08-01 06:44:46,2028-08-12 10:47:02,2028-08-12 12:53:52
3817,47,delivered,56488,EUR,2028-08-01 12:53:03,2028-08-30 23:34:52,2028-08-31 03:39:00
3818,35,delivered,35996,GBP,2028-08-02 18:46:19,2028-09-01 08:08:23,2028-09-01 12:00:11
3819,58,pending,42994,EUR,2028-08-02 23:40:01,2028-08-05 08:38:59,2028-08-05 11:00:17
3820,119,delivered,16997,EUR,2028-08-03 06:26:50,2028-08-29 03:41:43,2028-08-29 08:19:06
3821,83,shipped,47996,AUD,2028-08-03 14:02:36,2028-08-10 23:39:10,2028-08-11 02:09:48
3822,97,pending,24491,EUR,2028-08-03 20:28:34,2028-08-26 02:40:04,2028-08-26 03:53:21
3823,191,cancelled,3998,EUR,2028-08-03 21:00:24,2028-08-31 23:04:22,2028-09-01 00:57:19
3824,48,delivered,5997,EUR,2028-08-04 08:00:38,2028-08-23 16:00:44,2028-08-23 18:33:35
3825,36,shipped,37989,CAD,2028-08-04 09:13:46,2028-08-25 11:18:32,2028-08-25 17:02:52
3826,191,delivered,10497,EUR,2028-08-04 09:35:47,2028-08-09 21:05:42,2028-08-09 23:47:38
3827,125,refunded,33993,GBP,2028-08-05 14:51:58,2028-08-06 01:10:51,2028-08-06 05:16:09
3828,114,refunded,23992,USD,2028-08-05 16:39:50,2028-08-28 11:45:01,2028-08-28 15:21:32
3829,127,delivered,13994,EUR,2028-08-05 16:41:13,2028-08-13 16:00:53,2028-08-13 21:21:34
3830,199,shipped,7996,EUR,2028-08-05 21:47:34,2028-08-24 01:10:53,2028-08-24 04:18:10
3831,116,shipped,17995,EUR,2028-08-06 06:50:10,2028-08-15 13:47:18,2028-08-15 18:48:52
3832,192,delivered,79487,CAD,2028-08-06 08:03:13,2028-08-30 20:29:21,2028-08-31 02:25:45
3833,93,delivered,16993,AUD,2028-08-06 09:48:34,2028-08-06 13:06:13,2028-08-06 15:16:22
3834,36,delivered,43493,CAD,2028-08-06 20:29:27,2028-08-25 09:34:46,2028-08-25 11:15:32
3835,42,delivered,38993,EUR,2028-08-06 22:31:08,2028-09-01 07:07:03,2028-09-01 11:51:35
3836,196,shipped,28495,AUD,2028-08-07 00:36:39,2028-08-30 08:50:15,2028-08-30 14:39:03
3837,158,delivered,12496,EUR,2028-08-07 03:23:51,2028-08-14 21:16:51,2028-08-15 00:28:55
3838,131,delivered,17494,CAD,2028-08-07 11:59:18,2028-08-14 21:26:45,2028-08-14 23:15:27
3839,124,paid,9996,GBP,2028-08-08 03:07:38,2028-08-14 00:03:52,2028-08-14 03:30:39
3840,192,shipped,41493,CAD,2028-08-08 08:55:24,2028-08-11 12:40:24,2028-08-11 18:25:26
3841,48,delivered,23996,EUR,2028-08-08 13:35:48,2028-08-19 18:34:52,2028-08-19 21:09:26
3842,20,pending,29990,CAD,2028-08-09 03:58:51,2028-09-04 12:52:49,2028-09-04 18:19:55
3843,95,cancelled,39991,EUR,2028-08-09 04:54:03,2028-08-25 22:56:56,2028-08-26 01:56:07
3844,166,refunded,32987,EUR,2028-08-09 23:39:50,2028-08-26 06:06:09,2028-08-26 08:19:07
3845,83,shipped,16995,AUD,2028-08-10 01:47:03,2028-09-02 16:09:14,2028-09-02 19:41:59
3846,55,delivered,99987,AUD,2028-08-10 02:37:53,2028-09-08 07:41:45,2028-09-08 13:16:08
3847,90,delivered,59493,CAD,2028-08-10 07:53:55,2028-08-19 12:30:59,2028-08-19 15:34:44
3848,45,delivered,5997,EUR,2028-08-10 08:17:31,2028-08-17 06:38:55,2028-08-17 10:02:43
3849,72,pending,37990,EUR,2028-08-11 06:36:07,2028-08-18 08:49:44,2028-08-18 12:36:16
3850,18,pending,18991,USD,2028-08-11 07:20:04,2028-08-13 20:09:46,2028-08-14 01:17:04
3851,33,delivered,23996,EUR,2028-08-11 21:45:02,2028-09-06 22:01:27,2028-09-07 00:35:58
3852,113,paid,94983,USD,2028-08-12 18:50:38,2028-08-27 23:07:23,2028-08-28 04:06:14
3853,57,shipped,29988,EUR,2028-08-12 20:20:15,2028-08-24 16:29:53,2028-08-24 20:29:56
3854,49,delivered,58994,EUR,2028-08-13 12:24:16,2028-09-08 22:20:39,2028-09-09 02:16:39
3855,18,delivered,49990,USD,2028-08-13 14:48:23,2028-09-09 04:03:51,2028-09-09 07:03:00
3856,10,paid,12495,EUR,2028-08-14 08:14:51,2028-09-07 10:41:52,2028-09-07 12:20:28
3857,89,paid,15996,EUR,2028-08-14 13:00:40,2028-08-23 07:30:20,2028-08-23 10:40:51
3858,104,delivered,91986,EUR,2028-08-14 16:30:51,2028-08-18 07:13:35,2028-08-18 12:47:47
3859,150,delivered,16996,EUR,2028-08-14 19:51:25,2028-09-09 05:46:38,2028-09-09 10:00:42
3860,83,shipped,18494,AUD,2028-08-15 01:20:51,2028-08-28 20:55:14,2028-08-28 23:22:49
3861,138,delivered,19996,EUR,2028-08-15 07:21:30,2028-09-09 00:26:50,2028-09-09 02:11:35
3862,86,delivered,23991,EUR,2028-08-15 14:06:37,2028-09-07 10:35:12,2028-09-07 13:19:29
3863,24,shipped,22996,EUR,2028-08-15 17:11:18,2028-09-04 09:28:02,2028-09-04 10:30:10
3864,62,pending,3998,EUR,2028-08-15 18:58:37,2028-09-10 18:51:50,2028-09-10 22:57:39
3865,102,delivered,14498,EUR,2028-08-16 03:45:16,2028-09-03 12:54:03,2028-09-03 16:05:24
3866,153,shipped,35994,USD,2028-08-16 12:42:12,2028-08-18 04:06:52,2028-08-18 07:57:49
3867,95,cancelled,50990,EUR,2028-08-16 20:07:02,2028-09-13 10:06:46,2028-09-13 14:49:30
3868,53,paid,72991,EUR,2028-08-17 04:13:12,2028-08-18 21:32:38,2028-08-19 01:59:05
3869,49,delivered,81991,EUR,2028-08-17 11:58:22,2028-09-07 18:10:32,2028-09-07 20:34:22
3870,111,delivered,5998,EUR,2028-08-17 16:45:45,2028-08-28 03:48:26,2028-08-28 07:52:12
3871,78,paid,39996,EUR,2028-08-17 22:06:01,2028-08-25 13:53:51,2028-08-25 17:42:32
3872,146,delivered,52990,CAD,2028-08-18 06:06:42,2028-08-22 09:50:34,2028-08-22 15:10:52
3873,83,delivered,23995,AUD,2028-08-18 18:10:20,2028-09-03 16:21:19,2028-09-03 22:11:48
3874,114,delivered,83992,USD,2028-08-18 18:10:31,2028-09-06 17:38:15,2028-09-06 21:53:10
3875,177,shipped,10497,EUR,2028-08-19 02:28:16,2028-09-02 01:56:34,2028-09-02 06:46:37
3876,68,pending,30491,AUD,2028-08-19 06:51:47,2028-09-10 21:46:09,2028-09-11 00:12:43
3877,184,cancelled,15996,EUR,2028-08-19 16:15:51,2028-09-16 15:48:16,2028-09-16 21:15:28
3878,55,shipped,28494,AUD,2028-08-20 01:56:12,2028-08-23 09:01:05,2028-08-23 10:30:26
3879,49,paid,73487,EUR,2028-08-20 20:43:41,2028-09-08 19:02:23,2028-09-08 22:21:55
3880,48,refunded,11995,EUR,2028-08-21 02:25:32,2028-09-01 06:26:49,2028-09-01 10:02:47
3881,40,shipped,63986,EUR,2028-08-21 03:00:59,2028-09-19 01:10:19,2028-09-19 04:16:19
3882,13,delivered,17993,EUR,2028-08-21 05:30:20,2028-08-21 10:19:15,2028-08-21 14:02:29
3883,7,paid,8996,EUR,2028-08-21 19:25:19,2028-09-12 21:44:22,2028-09-13 03:23:06
3884,127,paid,55490,EUR,2028-08-21 20:06:42,2028-09-16 00:02:44,2028-09-16 03:46:21
3885,172,shipped,61490,AUD,2028-08-21 22:50:38,2028-09-20 21:09:22,2028-09-20 22:17:08
3886,164,delivered,21492,EUR,2028-08-22 04:12:40,2028-09-05 03:04:26,2028-09-05 08:06:51
3887,146,delivered,2499,CAD,2028-08-22 11:32:58,2028-08-23 15:43:59,2028-08-23 19:55:19
3888,10,shipped,41987,EUR,2028-08-22 18:38:01,2028-09-14 16:00:44,2028-09-14 21:41:39
3889,161,cancelled,19994,EUR,2028-08-23 00:01:37,2028-09-18 04:28:23,2028-09-18 07:09:05
3890,133,delivered,26995,EUR,2028-08-23 03:46:22,2028-09-14 12:14:37,2028-09-14 15:37:59
3891,76,refunded,33994,GBP,2028-08-24 16:06:17,2028-09-21 03:21:53,2028-09-21 05:16:32
3892,75,cancelled,4998,EUR,2028-08-24 16:42:51,2028-09-21 14:44:26,2028-09-21 20:19:46
3893,5,paid,44489,USD,2028-08-25 11:11:12,2028-09-22 18:50:08,2028-09-22 23:33:56
3894,25,refunded,50492,EUR,2028-08-25 14:44:05,2028-09-01 00:17:54,2028-09-01 01:33:04
3895,45,paid,29990,EUR,2028-08-26 03:30:29,2028-08-31 09:56:15,2028-08-31 13:44:02
3896,103,delivered,41993,AUD,2028-08-26 15:49:20,2028-09-20 19:30:41,2028-09-20 21:52:30
3897,71,paid,19994,EUR,2028-08-26 20:38:39,2028-08-31 20:12:54,2028-08-31 23:36:49
3898,52,delivered,15996,EUR,2028-08-27 11:08:02,2028-09-18 19:57:14,2028-09-18 21:44:12
3899,144,paid,47988,GBP,2028-08-27 12:08:24,2028-09-15 13:04:22,2028-09-15 14:54:21
3900,67,paid,14494,EUR,2028-08-28 05:26:03,2028-09-02 04:36:56,2028-09-02 07:22:56
3901,17,delivered,35492,GBP,2028-08-28 08:16:45,2028-09-19 14:34:30,2028-09-19 20:14:25
3902,152,delivered,37490,EUR,2028-08-28 09:06:09,2028-09-01 07:57:30,2028-09-01 11:03:03
3903,62,delivered,17998,EUR,2028-08-29 01:29:45,2028-08-31 19:11:59,2028-09-01 00:59:48
3904,54,delivered,20492,EUR,2028-08-29 02:59:39,2028-09-28 02:48:03,2028-09-28 06:36:09
3905,72,paid,32995,EUR,2028-08-29 08:41:13,2028-09-20 06:40:37,2028-09-20 10:31:03
3906,119,refunded,23493,EUR,2028-08-29 09:32:36,2028-09-09 16:12:02,2028-09-09 17:44:18
3907,36,delivered,8496,CAD,2028-08-30 03:06:19,2028-09-26 09:17:27,2028-09-26 10:55:22
3908,115,delivered,20492,EUR,2028-08-30 16:16:59,2028-09-14 17:24:09,2028-09-14 22:17:17
3909,99,shipped,77991,EUR,2028-08-31 00:20:20,2028-09-01 10:46:35,2028-09-01 12:55:46
3910,146,refunded,45986,CAD,2028-08-31 04:33:50,2028-09-06 08:40:07,2028-09-06 11:08:16
3911,57,paid,37990,EUR,2028-08-31 21:17:57,2028-08-31 21:28:08,2028-09-01 01:36:58
3912,36,delivered,27996,CAD,2028-09-01 09:11:51,2028-09-01 21:46:02,2028-09-01 23:18:44
3913,93,delivered,26997,AUD,2028-09-01 14:36:59,2028-09-15 20:40:13,2028-09-15 23:37:53
3914,37,shipped,40992,CAD,2028-09-01 15:57:26,2028-09-09 20:36:39,2028-09-09 23:35:59
3915,178,shipped,32996,EUR,2028-09-02 17:43:04,2028-09-12 03:36:57,2028-09-12 05:28:44
3916,173,paid,52989,EUR,2028-09-02 21:35:31,2028-09-27 00:16:13,2028-09-27 06:11:58
3917,25,paid,41489,EUR,2028-09-02 22:22:39,2028-09-15 22:59:43,2028-09-16 02:34:44
3918,17,shipped,17997,GBP,2028-09-03 08:35:58,2028-09-29 18:42:06,2028-09-30 00:22:31
3919,46,paid,9496,EUR,2028-09-03 12:52:09,2028-09-09 23:31:26,2028-09-10 05:03:53
3920,131,delivered,10995,CAD,2028-09-04 07:16:50,2028-09-20 18:18:24,2028-09-20 23:54:43
3921,48,paid,17998,EUR,2028-09-04 15:15:05,2028-09-18 14:38:34,2028-09-18 19:00:30
3922,133,cancelled,5997,EUR,2028-09-04 18:35:36,2028-09-22 14:10:08,2028-09-22 18:06:38
3923,54,delivered,79488,EUR,2028-09-05 12:29:14,2028-09-27 23:49:50,2028-09-28 03:15:19
3924,14,cancelled,32994,EUR,2028-09-05 15:40:39,2028-09-20 04:43:50,2028-09-20 06:53:10
3925,43,delivered,35992,CAD,2028-09-06 02:16:16,2028-09-19 10:02:06,2028-09-19 13:38:34
3926,86,refunded,11495,EUR,2028-09-06 23:47:41,2028-09-16 21:06:46,2028-09-17 02:54:59
3927,99,pending,55492,EUR,2028-09-07 19:49:32,2028-09-27 13:38:32,2028-09-27 15:22:20
3928,46,paid,5997,EUR,2028-09-07 21:53:12,2028-09-20 22:20:02,2028-09-20 23:47:19
3929,191,pending,49990,EUR,2028-09-08 06:22:13,2028-09-24 07:22:25,2028-09-24 12:36:49
3930,78,delivered,20993,EUR,2028-09-08 22:42:39,2028-09-17 06:19:22,2028-09-17 08:32:27
3931,104,paid,8997,EUR,2028-09-09 05:43:16,2028-09-21 10:03:31,2028-09-21 14:56:49
3932,82,shipped,31992,USD,2028-09-09 07:13:34,2028-09-09 11:13:29,2028-09-09 17:05:00
3933,80,paid,52990,EUR,2028-09-09 15:21:54,2028-09-23 12:38:28,2028-09-23 15:22:24
3934,78,delivered,17996,EUR,2028-09-09 15:30:39,2028-09-18 15:52:51,2028-09-18 19:27:00
3935,101,paid,50993,USD,2028-09-10 08:13:24,2028-09-22 17:07:41,2028-09-22 19:36:46
3936,7,pending,5997,EUR,2028-09-10 19:26:03,2028-09-22 02:45:29,2028-09-22 06:49:31
3937,9,paid,59991,EUR,2028-09-11 02:35:06,2028-09-12 22:42:03,2028-09-13 00:40:11
3938,86,paid,22492,EUR,2028-09-11 06:33:35,2028-09-20 02:13:07,2028-09-20 05:48:19
3939,57,paid,28993,EUR,2028-09-11 12:40:52,2028-09-24 01:26:40,2028-09-24 06:17:38
3940,30,delivered,5998,EUR,2028-09-11 20:48:40,2028-09-15 00:01:44,2028-09-15 02:05:05
3941,89,paid,10497,EUR,2028-09-12 04:58:41,2028-09-18 19:00:30,2028-09-18 21:14:24
3942,57,pending,35997,EUR,2028-09-12 17:34:16,2028-09-24 11:09:41,2028-09-24 13:31:34
3943,116,paid,65988,EUR,2028-09-12 18:35:27,2028-09-28 19:02:47,2028-09-29 00:15:54
3944,109,delivered,47996,CAD,2028-09-12 23:26:08,2028-09-20 18:19:21,2028-09-20 23:37:39
3945,166,refunded,2499,EUR,2028-09-13 06:06:09,2028-09-21 22:58:09,2028-09-22 03:27:41
3946,117,delivered,28491,EUR,2028-09-13 12:53:28,2028-09-21 03:34:31,2028-09-21 06:52:18
3947,132,delivered,16996,EUR,2028-09-13 15:39:31,2028-09-25 21:06:03,2028-09-26 01:49:28
3948,172,shipped,28495,AUD,2028-09-14 04:42:33,2028-09-28 08:32:33,2028-09-28 11:42:27
3949,31,delivered,33988,EUR,2028-09-14 08:38:20,2028-09-22 11:19:15,2028-09-22 12:29:02
3950,10,delivered,32495,EUR,2028-09-14 15:48:14,2028-09-20 18:11:55,2028-09-20 22:29:52
3951,6,paid,17995,EUR,2028-09-14 16:16:55,2028-09-19 14:26:26,2028-09-19 17:36:55
3952,5,delivered,13496,USD,2028-09-14 16:35:49,2028-09-22 17:02:39,2028-09-22 18:13:01
3953,13,shipped,40493,EUR,2028-09-14 23:50:30,2028-09-24 21:16:49,2028-09-24 23:59:38
3954,132,shipped,60992,EUR,2028-09-15 21:01:02,2028-09-20 14:34:14,2028-09-20 16:30:29
3955,90,refunded,47492,CAD,2028-09-15 22:55:30,2028-09-24 11:28:06,2028-09-24 14:20:18
3956,99,shipped,34487,EUR,2028-09-16 17:02:10,2028-09-18 23:31:16,2028-09-19 02:45:40
3957,27,shipped,66990,EUR,2028-09-16 22:40:36,2028-09-23 11:51:20,2028-09-23 17:35:51
3958,109,refunded,69989,CAD,2028-09-17 06:01:19,2028-09-26 03:00:35,2028-09-26 04:52:43
3959,23,delivered,21997,EUR,2028-09-17 10:03:18,2028-09-22 16:14:10,2028-09-22 19:50:50
3960,196,delivered,64987,AUD,2028-09-17 18:20:33,2028-09-23 22:26:40,2028-09-24 01:40:50
3961,168,refunded,39988,EUR,2028-09-17 21:19:52,2028-09-18 21:24:50,2028-09-18 23:23:27
3962,193,delivered,59986,EUR,2028-09-17 22:57:17,2028-09-19 15:21:58,2028-09-19 17:21:46
3963,76,delivered,19997,GBP,2028-09-18 01:13:51,2028-09-20 23:19:09,2028-09-21 05:15:17
3964,198,delivered,15996,EUR,2028-09-18 05:07:49,2028-09-21 05:23:43,2028-09-21 08:10:33
3965,111,paid,66990,EUR,2028-09-19 01:31:08,2028-09-24 12:07:22,2028-09-24 13:21:25
3966,54,refunded,41994,EUR,2028-09-19 05:36:56,2028-09-27 12:18:58,2028-09-27 16:32:52
3967,67,delivered,27492,EUR,2028-09-19 08:41:46,2028-09-28 22:53:29,2028-09-29 03:28:52
3968,67,delivered,11995,EUR,2028-09-19 08:42:34,2028-09-28 09:43:38,2028-09-28 14:10:55
3969,86,pending,28993,EUR,2028-09-19 16:10:35,2028-09-25 08:25:41,2028-09-25 13:49:24
3970,192,paid,23994,CAD,2028-09-20 06:27:12,2028-09-28 14:17:17,2028-09-28 17:12:25
3971,140,paid,104482,EUR,2028-09-20 16:37:17,2028-09-21 08:33:54,2028-09-21 11:16:08
3972,161,delivered,77992,EUR,2028-09-20 22:36:23,2028-09-27 15:07:29,2028-09-27 19:07:53
3973,47,cancelled,42994,EUR,2028-09-21 00:07:31,2028-09-24 18:02:42,2028-09-24 19:35:08
3974,178,delivered,23993,EUR,2028-09-21 11:26:03,2028-09-29 12:44:34,2028-09-29 13:47:35
3975,196,refunded,7497,AUD,2028-09-21 12:22:21,2028-09-25 09:38:09,2028-09-25 12:23:58
3976,138,paid,5998,EUR,2028-09-22 00:11:02,2028-09-24 12:19:34,2028-09-24 17:12:49
3977,193,paid,10995,EUR,2028-09-22 07:49:36,2028-09-26 20:40:51,2028-09-27 00:33:45
3978,160,delivered,14997,EUR,2028-09-23 00:55:42,2028-09-23 21:38:54,2028-09-24 01:44:02
3979,109,delivered,11996,CAD,2028-09-23 06:03:13,2028-09-27 11:15:14,2028-09-27 16:54:31
3980,160,refunded,1999,EUR,2028-09-23 12:02:22,2028-09-23 23:19:25,2028-09-24 00:40:55
3981,45,refunded,71490,EUR,2028-09-24 02:54:29,2028-09-24 16:30:05,2028-09-24 20:15:14
3982,70,paid,2999,EUR,2028-09-24 09:16:13,2028-09-28 21:56:08,2028-09-29 03:29:57
3983,62,paid,32993,EUR,2028-09-24 19:40:44,2028-09-25 10:21:52,2028-09-25 13:57:54
3984,33,shipped,105987,EUR,2028-09-25 03:50:21,2028-09-26 16:26:07,2028-09-26 18:41:51
3985,75,cancelled,38992,EUR,2028-09-25 15:44:55,2028-09-29 00:24:48,2028-09-29 05:32:12
3986,13,shipped,45992,EUR,2028-09-26 03:17:42,2028-09-26 21:27:08,2028-09-27 03:05:33
3987,85,delivered,15994,EUR,2028-09-26 08:18:41,2028-09-29 05:59:55,2028-09-29 08:32:34
3988,170,shipped,8997,USD,2028-09-26 09:00:49,2028-09-28 16:20:03,2028-09-28 17:38:39
3989,146,delivered,14496,CAD,2028-09-27 11:25:04,2028-09-27 14:56:23,2028-09-27 18:55:52
3990,57,delivered,47989,EUR,2028-09-27 12:27:20,2028-09-27 21:07:19,2028-09-28 02:51:04
3991,32,paid,5999,EUR,2028-09-27 12:51:34,2028-09-28 13:01:44,2028-09-28 15:37:11
3992,152,delivered,66993,EUR,2028-09-28 00:21:53,2028-09-29 07:24:45,2028-09-29 12:43:49
3993,172,delivered,2999,AUD,2028-09-28 01:28:37,2028-09-29 01:52:15,2028-09-29 04:51:33
3994,71,delivered,11996,EUR,2028-09-28 07:02:44,2028-09-28 10:14:13,2028-09-28 11:29:08
3995,77,cancelled,54989,EUR,2028-09-28 18:05:03,2028-09-29 14:09:43,2028-09-29 17:00:40
3996,73,delivered,13993,GBP,2028-09-29 07:48:54,2028-09-29 21:00:20,2028-09-29 22:43:48
3997,160,refunded,28993,EUR,2028-09-29 11:50:13,2028-09-29 19:51:07,2028-09-30 00:42:18
3998,97,shipped,54989,EUR,2028-09-29 17:31:24,2028-09-29 20:23:59,2028-09-30 02:21:03
3999,131,delivered,3499,CAD,2028-09-30 03:48:22,2028-09-30 03:48:22,2028-09-30 08:48:41
4000,83,refunded,90981,AUD,2028-09-30 18:28:07,2028-09-30 18:28:07,2028-09-30 19:30:19
